formula,bg,fidelity,bg_category
KH(CN2)3,0.0,6,0.0
CdCu2GeS4,2.05,6,3.0
Rb2Tb3AlF16,0.0,6,0.0
TlGaSe2,1.65,6,2.0
UHg4(AsCl3)2,1.9,6,3.0
Rb6O,0.0,6,0.0
ErBPd3,0.0,6,0.0
InPS4,3.12,6,5.0
ErSiPd,0.0,6,0.0
K3Ga3Ge7S20,3.25,6,5.0
NaY(Te2O5)2,3.9,6,6.0
CaEuO2,0.0,6,0.0
Zn0.9Hg0.1Se1,1.75,6,3.0
Pr2Au,0.0,6,0.0
Li12Fe5O16,0.0,6,0.0
CsSb(SO4)2,4.68,6,7.0
Sc6Te2Os,0.0,6,0.0
Li2Fe3CoO8,0.0,6,0.0
Pb3O4,2.12,6,3.0
Y2U3O11,0.0,6,0.0
Ce2Sb,0.0,6,0.0
Th(Al5Fe)2,0.0,6,0.0
Cd4Sb2I3,1.83,6,3.0
Ga2HgSe4,1.95,6,3.0
B5Mo2,0.0,6,0.0
Y2ReB6,0.0,6,0.0
La4Fe(SbSe5)2,0.85,6,1.0
Lu2TlCu3Se5,2.12,6,3.0
Cd0.99Hg0.01Se1,0.29,6,0.0
In1Sb0.4As0.6,0.1,6,0.0
LiPm2Al,0.0,6,0.0
CaTaNO2,2.4,6,4.0
In4As5(BrO4)3,4.22,6,7.0
RbNbSe2O7,4.1,6,7.0
Sm(BOs)2,0.0,6,0.0
ScAgO2,3.8,6,6.0
Nb4Co2PdSe12,0.0,6,0.0
RbNa2Sb,1.0,6,1.0
SrZnSO,3.1,6,5.0
BaGe3Pt,0.0,6,0.0
Sr2YReO6,0.0,6,0.0
CsCdInSe3,2.4,6,4.0
Li7(Mo3S4)4,0.0,6,0.0
Hg5AsS2I3,1.57,6,2.0
ZrAlW,0.0,6,0.0
YbSmRh2,0.0,6,0.0
Zn2InCuSe4,1.1,6,1.0
V2OsRu,0.0,6,0.0
Li6Mn5CoO12,0.0,6,0.0
Ir0.67Se2,0.45,6,0.0
Y3Tm,0.0,6,0.0
Ti2Cd,0.0,6,0.0
Y2AlZn,0.0,6,0.0
Lu2CrS4,1.75,6,3.0
Cs2Ga2Se5,1.95,6,3.0
SrCdSi,0.0,6,0.0
Tb5Ti5O17,0.0,6,0.0
Bi8Te7S5,0.4,6,0.0
RbCu4AsS4,2.15,6,3.0
DyAgGe,0.0,6,0.0
CdO,2.3,6,4.0
BiPd,0.0,6,0.0
Li3Co4TeO8,0.0,6,0.0
RbSc(SeO3)2,4.9,6,7.0
DyIr2,0.0,6,0.0
Ba2SmTaO6,3.02,6,5.0
Si2NiP3,0.0,6,0.0
Cu2GeS3,0.53,6,0.0
YbSi2Ni,0.0,6,0.0
Cs3Sn3Cl7F2,2.96,6,5.0
LuIr,0.0,6,0.0
AlNi2,0.0,6,0.0
AsPPt,0.4,6,0.0
PrLuIn2,0.0,6,0.0
CaPd3C,0.0,6,0.0
Ce2Fe(SeO)2,0.64,6,1.0
Cs2ZnGe3Se8,2.31,6,4.0
Nb3CuO8,1.47,6,2.0
Eu(LuSe2)2,1.7,6,3.0
Ba2GdGaSe5,1.87,6,3.0
USbSe,0.0,6,0.0
Li2FeGeS4,1.42,6,2.0
TiS3,0.9,6,1.0
Tm(FeSi)2,0.0,6,0.0
MnSbPd,0.0,6,0.0
YZnBiO4,1.58,6,2.0
Si0.12Ge0.88,0.84,6,1.0
Cs2Hg(ICl)2,2.15,6,3.0
SmNiAs,0.0,6,0.0
Li3Ni2(GeO4)3,0.0,6,0.0
LiY2Ru,0.0,6,0.0
RbBi3TeSe4,0.8,6,1.0
Lu2O3,5.5,6,7.0
Y(FeSi)2,0.0,6,0.0
TlGaS2,3.4,6,6.0
HoAlB14,0.0,6,0.0
GaP,2.74,6,4.0
Ga2SnGeS6,2.04,6,3.0
KIn(TeO3)2,4.0,6,7.0
HfSe2,2.2,6,3.0
Ca5Sb3,0.0,6,0.0
BaTi4O8,0.0,6,0.0
Bi12PO20,3.25,6,5.0
Al2Cr2O7,0.0,6,0.0
Mg5B3O9F,5.63,6,7.0
Sr2GaCo2O7,0.0,6,0.0
Cs2Ba3(P2O7)2,6.31,6,7.0
Zn0.94Hg0.06Te1,2.03,6,3.0
DyRh,0.0,6,0.0
CdP4PbO12,4.85,6,7.0
Ce4InSbSe9,1.69,6,2.0
NiAsO3,0.0,6,0.0
LiThAu2,0.0,6,0.0
Ce(MnSi)2,0.0,6,0.0
SbOsS,1.2,6,2.0
Lu2InHg,0.0,6,0.0
Al0.3In0.7P1,1.9,6,3.0
CsCd4In5Te12,1.42,6,2.0
Al0.6In0.4P1,2.3,6,4.0
KPSe3,2.08,6,3.0
K4GeSe4,0.64,6,1.0
LaB6,4.1,6,7.0
CuBi(PSe3)2,1.2,6,2.0
CdAsPd5,0.0,6,0.0
SmAg,0.0,6,0.0
Zn0.2Ga0.8Sb0.8Te0.2,1.15,6,2.0
Mg4Sc3(SiO3)8,0.0,6,0.0
Be12Pt,0.0,6,0.0
NdF3,6.15,6,7.0
Bi1.4Sb0.6Te3,0.17,6,0.0
Tm2In,0.0,6,0.0
Co2Te3O8,3.6,6,6.0
SrLa3MnO8,0.0,6,0.0
Bi2CO5,3.42,6,6.0
Cd0.204Hg0.796Te1,0.06,6,0.0
Li8PO3,0.0,6,0.0
Dy2(GePt3)3,0.0,6,0.0
Eu(InSe2)2,1.31,6,2.0
ThAl3,0.0,6,0.0
Ba2SmCu3O7,0.0,6,0.0
Nd(Al4Co)2,0.0,6,0.0
Sm4GaSbS9,2.23,6,3.0
CeTl3,0.0,6,0.0
TbZrSb,0.0,6,0.0
Tb2EuSe4,2.0,6,3.0
Te4MoW3S4,0.0,6,0.0
ScAlNi2,0.0,6,0.0
TmSnRu2,0.0,6,0.0
Rb2Cd(PSe3)2,2.58,6,4.0
PtN,0.0,6,0.0
Rb2Sn3(SbS5)2,2.33,6,4.0
POsS,1.4,6,2.0
AlCoO3,0.0,6,0.0
Ce(AlZn)2,0.0,6,0.0
NaLa2TaO6,4.5,6,7.0
Pr4Sb3,0.0,6,0.0
ZrPd3,0.0,6,0.0
CaYbInSe4,0.0,6,0.0
BaZnSiSe4,2.71,6,4.0
Y(CuSe)3,0.88,6,1.0
Li2EuSn,0.0,6,0.0
Yb3Sn13Rh4,0.0,6,0.0
CuBiSO,1.07,6,1.0
BPb2ClO3,3.99,6,7.0
Sm2S3,2.96,6,5.0
Al0.4Ga0.6P1,2.35,6,4.0
Ce3Ta(ClO2)3,0.0,6,0.0
B4W,0.0,6,0.0
CaPrZn2,0.0,6,0.0
Sb6Pb4Se13,0.65,6,1.0
AsSeBr,0.0,6,0.0
LiSbS2,1.36,6,2.0
LiIn(IO3)4,4.27,6,7.0
V12P7,0.0,6,0.0
K2MnSnSe4,1.7,6,3.0
Ta6Be15Cu8,0.0,6,0.0
Ge40Te5.3I8,0.8,6,1.0
CoAsS,0.6,6,1.0
Ga1.01Sb0.99Se0.03,0.62,6,1.0
Ba3B1.5Sb0.5S6,3.01,6,5.0
Pr(BRu)2,0.0,6,0.0
Mg5Ti13O30,0.0,6,0.0
In0.9Ga0.1As0.9P0.1,0.45,6,0.0
Li2PrP2,0.0,6,0.0
Zn(GaSe2)2,1.72,6,3.0
Na5Fe6(SiO3)12,0.0,6,0.0
RbAg2TeS6,2.04,6,3.0
SmP,1.09,6,1.0
SrIn4Pt,0.0,6,0.0
Dy4GaSbS9,2.58,6,4.0
B2O3,4.89,6,7.0
Nd4(GeS4)3,2.62,6,4.0
Li5Mn3(FeO5)2,0.0,6,0.0
Li5Mn5(SbO6)2,0.0,6,0.0
RbSbSe2,1.62,6,2.0
Na19Zr11S30,0.0,6,0.0
LiAlRh2,0.0,6,0.0
Y3Al3NiGe2,0.0,6,0.0
Eu(HoSe2)2,1.8,6,3.0
KHg2,0.0,6,0.0
Zr3Al2,0.0,6,0.0
RbCu2SbS3,1.67,6,2.0
Ca3N2,1.55,6,2.0
Th2Se5,0.37,6,0.0
Tm5Ti5O17,0.0,6,0.0
YbPmPt2,0.0,6,0.0
PPdS,1.38,6,2.0
Ga2Si(AgS3)2,2.35,6,4.0
Li2TeMoO6,3.5,6,6.0
BTe2As,0.0,6,0.0
LaP,0.54,6,0.0
Tm2Ru2O7,0.0,6,0.0
SmCo3B2,0.0,6,0.0
SrAl,0.0,6,0.0
Li4Mn3Cr3O12,0.0,6,0.0
CaHg2,0.0,6,0.0
Cr(MoS2)2,0.0,6,0.0
Sn5(BIr3)2,0.0,6,0.0
U5Ge3,0.0,6,0.0
Sr3Li4La5O12,0.0,6,0.0
SbPb2S2I3,2.0,6,3.0
YMg4Cu,0.0,6,0.0
In1.1Cu0.9Se2.1,1.06,6,1.0
SrTe,3.73,6,6.0
CsDy9(Cd2Se9)2,1.99,6,3.0
Zn0.75Hg0.25Se1,1.4,6,2.0
LiH3(SeO3)2,4.9,6,7.0
CeIr5,0.0,6,0.0
Li2PmGe,0.0,6,0.0
Cr2CuS4,0.0,6,0.0
Cd0.07In0.93Te0.07As0.93,0.68,6,1.0
AgBiPbS3,1.2,6,2.0
Tb2O3,3.0,6,5.0
Nd(PRu)2,0.0,6,0.0
SmSi3Pt5,0.0,6,0.0
NaLi3,0.0,6,0.0
Tb2AlCo2,0.0,6,0.0
HoGeAu,0.0,6,0.0
Na2Pt(IO3)6,2.4,6,4.0
K2Se,1.8,6,3.0
HgBr,2.6,6,4.0
AgPdO2,0.0,6,0.0
RbInSnS4,2.7,6,4.0
Tl(WO3)3,0.0,6,0.0
HfTl3,0.0,6,0.0
La3ZrSb5,0.0,6,0.0
Sm3Al,0.0,6,0.0
Sr3ScNiO6,0.0,6,0.0
HoTh3,0.0,6,0.0
Na2Cl,0.0,6,0.0
SmBPd3,0.0,6,0.0
Rh7(PbO5)3,0.0,6,0.0
Ba2DyGaSe5,2.35,6,4.0
Nd(AsPd)2,0.0,6,0.0
Tb(InS2)3,1.2,6,2.0
In1Ga1Cu1S3.5,1.84,6,3.0
YbNdAg2,0.0,6,0.0
Mg2GeSe4,2.02,6,3.0
InHgW2,0.0,6,0.0
Ba3Ta2ZnO9,4.32,6,7.0
Ca2CdAs2,0.95,6,1.0
K2Hg3Se2.97S1.03,2.11,6,3.0
MnAlAu2,0.0,6,0.0
Fe9Co7,0.0,6,0.0
Ga1.9Cu0.1S2.9,2.6,6,4.0
Ba5Ge3,0.0,6,0.0
Ca(GdS2)2,2.55,6,4.0
Dy2(MoO4)3,1.92,6,3.0
CsInI3,0.0,6,0.0
Hf2Fe,0.0,6,0.0
FeRhO3,0.0,6,0.0
Tl2PAuS4,2.2,6,3.0
EuSb4S7,0.98,6,1.0
Yb(Ga4Co)2,0.0,6,0.0
K2NbCuSe4,2.14,6,3.0
Y3Ge4,0.0,6,0.0
Cu11Sb4S13,0.0,6,0.0
InAg3,0.0,6,0.0
CsIrO3,0.0,6,0.0
TaW3,0.0,6,0.0
LaIn,0.0,6,0.0
Mg5Tl2,0.0,6,0.0
La(InS2)3,1.03,6,1.0
Ca(TiS2)4,0.0,6,0.0
Li2(NiO2)3,0.0,6,0.0
UGa2,0.0,6,0.0
LuScZn2,0.0,6,0.0
SmCuSi,0.0,6,0.0
MnSe,2.5,6,4.0
FeAs2O7,0.0,6,0.0
Co2Ge,0.0,6,0.0
Cd1Se0.2S0.8,2.23,6,3.0
ThAl,0.0,6,0.0
Pr(CoGe)2,0.0,6,0.0
Na2Mo2Se2O11,3.1,6,5.0
Li3AlTe4O11,3.63,6,6.0
Ba3Gd2(PS4)4,3.41,6,6.0
LiAl2Rh,0.0,6,0.0
Th3B2C3,0.0,6,0.0
Sm(ErSe2)3,2.0,6,3.0
SrTh(PS4)2,3.02,6,5.0
Cu4As2O9,0.0,6,0.0
Cd2AgRh,0.0,6,0.0
Rb2TeI6,1.4,6,2.0
U3Se4,0.0,6,0.0
MgSc,0.0,6,0.0
As2Os,0.9,6,1.0
MgAgAs,0.0,6,0.0
SrAg,0.0,6,0.0
Na2TeS3,2.35,6,4.0
HgOsPb2,0.0,6,0.0
KHg11,0.0,6,0.0
Yb(InS2)3,1.31,6,2.0
Lu7(NiTe)2,0.0,6,0.0
Tl0.01Te1Pb0.99,0.59,6,1.0
Yb(SiAg)2,0.0,6,0.0
TmMg2Sc,0.0,6,0.0
AsPRu,0.8,6,1.0
Na3Tl,0.0,6,0.0
SrSe,4.42,6,7.0
Ag9Ge2IO8,0.0,6,0.0
Ga2Se2O7,4.61,6,7.0
Sm3(Sb7Te12)2,0.0,6,0.0
AlIr,0.0,6,0.0
K2Ce(PO4)2,2.46,6,4.0
CoAsRh,0.0,6,0.0
Na7.36Ga7.24Sn4.78Se24,1.5,6,2.0
Rb3Sb2I9,1.94,6,3.0
K3Sm(AsS4)2,2.2,6,3.0
Li4Cr3NiO8,0.0,6,0.0
NaSbTe2,0.47,6,0.0
TmMnGe,0.0,6,0.0
K6Cd4Sn3Se13,2.33,6,4.0
CsPPbO4,4.39,6,7.0
Eu(GaTe2)2,1.7,6,3.0
Li4Fe7(OF7)2,0.0,6,0.0
Pb1Se0.95S0.05,0.26,6,0.0
LiMgSnPd,0.0,6,0.0
SiB3,2.0,6,3.0
CsPSe6,1.9,6,3.0
UAl3,0.0,6,0.0
U4S3,0.0,6,0.0
Y3(Fe31B7)2,0.0,6,0.0
ZnTc,2.37,6,4.0
Cd8B5O15F,3.14,6,5.0
Ba3Ta5NO14,2.8,6,4.0
VSb,0.0,6,0.0
Cs2MgSn3Se8,1.92,6,3.0
PrSb,0.66,6,1.0
NdMoO4F,3.66,6,6.0
FePS,0.25,6,0.0
TaCu3S4,3.0,6,5.0
Zn0.7Ga0.3As0.3Se0.7,1.93,6,3.0
Mn(CoO2)4,0.0,6,0.0
UCo4Sn,0.0,6,0.0
Pb3Se2(BrO3)2,3.73,6,6.0
Ga0.95Hg0.05Sb0.95Te0.05,0.69,6,1.0
SrTlHg2,0.0,6,0.0
Dy(InS2)3,1.22,6,2.0
Re3As7,0.0,6,0.0
BeCu,0.0,6,0.0
VTc,0.0,6,0.0
KAgAsS2,2.21,6,3.0
Li2Co4O7F,0.0,6,0.0
Ta4AlC3,0.0,6,0.0
Tl0.001Te1Pb0.999,0.3,6,0.0
EuTl,0.0,6,0.0
Mg2Zr14O5,0.0,6,0.0
HoTiGe,0.0,6,0.0
Tb3(MnC3)2,0.0,6,0.0
V2Si2O7,0.0,6,0.0
K2Ge3(BO5)2,5.38,6,7.0
SnI4,2.38,6,4.0
Nd2Se3,1.7,6,3.0
PrGeAu,0.0,6,0.0
DyB2Rh2C,0.0,6,0.0
Pr2S3,2.6,6,4.0
Cs3Bi2I9,1.8,6,3.0
Cr2HO4,0.0,6,0.0
Na2VCuF7,0.0,6,0.0
Ba5Al2Ge7,0.0,6,0.0
Nd4Mg3Co2,0.0,6,0.0
In1Sb0.5As0.5,0.1,6,0.0
Zn3.5Ga1Sn0.5O6,2.99,6,5.0
Ag2Mo(I2O7)2,3.06,6,5.0
Cu4Pd,0.0,6,0.0
CaZnSO,3.7,6,6.0
Fe10O9F11,0.0,6,0.0
Sc2(PO4)3,0.0,6,0.0
Ca(GeRh)2,0.0,6,0.0
Ga1As0.4P0.6,2.1,6,3.0
Mg17Al11Pd,0.0,6,0.0
Li3FeS3,0.0,6,0.0
ThRu3C,0.0,6,0.0
Ca(LaS2)2,2.7,6,4.0
Ba2GaBiTe5,1.43,6,2.0
UP2S9,1.41,6,2.0
Dy2AlCo2,0.0,6,0.0
Y(SiRh)2,0.0,6,0.0
Cr(FeSe2)2,0.0,6,0.0
SiHg3,0.0,6,0.0
NdGaO3,0.0,6,0.0
YbGeRh,0.0,6,0.0
Tm2ZnHg,0.0,6,0.0
EuB(SbO4)2,3.46,6,6.0
Sn0.01Te1Pb0.99,0.23,6,0.0
BaTh3,0.0,6,0.0
RbV(CuS2)2,1.45,6,2.0
Mg3N2,2.8,6,4.0
RuCl3,0.0,6,0.0
Na2TeSe3,1.87,6,3.0
Cd2InCuTe4,0.85,6,1.0
AlV(TeO4)2,2.9,6,5.0
SmTh3,0.0,6,0.0
Zr2Te,0.0,6,0.0
Bi2Te2.97Se0.03,0.15,6,0.0
La3Te4,0.43,6,0.0
Lu5(Si5Ir2)2,0.0,6,0.0
Ce2Ti2O7,0.0,6,0.0
La4Co3O10,0.0,6,0.0
LiMnP2O7,0.0,6,0.0
Cs2P2PdSe6,1.6,6,2.0
YbCuGe,0.0,6,0.0
Ba5In4Te4S7,2.13,6,3.0
Ba(InS2)2,3.06,6,5.0
PrAl3Ni2,0.0,6,0.0
V3Ag,0.0,6,0.0
Si0.9Ge0.1,1.04,6,1.0
Sc(CuSe)3,0.3,6,0.0
Rb2Mo9Se10,0.0,6,0.0
Sm3Te4,0.51,6,0.0
BiSe,0.4,6,0.0
CaZn2,0.0,6,0.0
TmH2,0.0,6,0.0
Li3Mn(CuO3)2,0.0,6,0.0
Sn0.1Te1Pb0.9,0.16,6,0.0
AlSn,0.0,6,0.0
EuSe,3.1,6,5.0
Ba2SmInTe5,1.36,6,2.0
KGaSnSe4,1.73,6,3.0
MgCuSb,0.0,6,0.0
Na2Ge2Se5,2.38,6,4.0
Li2GaPd,0.0,6,0.0
KCuPO4,0.0,6,0.0
Lu3BC3,0.0,6,0.0
Ba5(Ga2Se5)2,2.2,6,3.0
Bi2Te0.03Se2.97,0.27,6,0.0
CsBi2,0.55,6,0.0
CdAuO2,0.0,6,0.0
CsLi(B3O5)2,6.89,6,7.0
LaH2NO5,4.76,6,7.0
Eu(SbSe2)2,0.95,6,1.0
Li3Mn2CuO6,0.0,6,0.0
Al2(CuSe2)3,0.0,6,0.0
In0.07Te1Pb0.93,0.32,6,0.0
Rb2Mo3Se3O16,3.1,6,5.0
Tm2ZnAg,0.0,6,0.0
Cr2GeC,0.0,6,0.0
Tb2Sb5,0.0,6,0.0
HoCu4Pd,0.0,6,0.0
Fe4H15(IO8)3,2.3,6,4.0
Cs2SCl6F,0.0,6,0.0
Mn2CoAs,0.0,6,0.0
Cu6PbO8,0.0,6,0.0
CdCu2SnSe4,0.96,6,1.0
ErB6,3.5,6,6.0
Sr2CoReO6,0.0,6,0.0
NdCu3(RuO3)4,0.0,6,0.0
Yb(IO3)3,0.0,6,0.0
ZrHg4(PCl3)2,3.22,6,5.0
Na2S,2.4,6,4.0
Li13Nb14ZnO42,0.0,6,0.0
Sm2TlHg,0.0,6,0.0
VAg2I3O11,2.16,6,3.0
Ga4Cu2Te7,1.08,6,1.0
Ba4Ga5AgS12,2.52,6,4.0
Mn3SbO8,0.0,6,0.0
SrRhF6,0.0,6,0.0
La2Ge5Rh3,0.0,6,0.0
NbCuO3,2.0,6,3.0
LiLa2IrO6,0.0,6,0.0
Dy12Co7,0.0,6,0.0
CeAl2Pt3,0.0,6,0.0
Co3H,0.0,6,0.0
U3Nb,0.0,6,0.0
Li3Fe(CoO2)4,0.0,6,0.0
Zn5.5Ga1Sn0.5O8,2.99,6,5.0
Tb(Ni2P)2,0.0,6,0.0
HgBrCl,3.4,6,6.0
Na2In4Se6S,1.92,6,3.0
LuAg2,0.0,6,0.0
Sm2AlCd,0.0,6,0.0
LaAl12O19,0.0,6,0.0
VB2,0.0,6,0.0
Nd(Re2Si)2,0.0,6,0.0
SmNiC2,0.0,6,0.0
In0.8Ga0.2As1,0.5,6,0.0
InFe2CuSe4,0.0,6,0.0
CaIn2Ir,0.0,6,0.0
Li4Mn5NbO12,0.0,6,0.0
LiYbPb,0.0,6,0.0
LuPt3,0.0,6,0.0
La2V2IO9,3.63,6,6.0
HgPt3,0.0,6,0.0
GdCd4B3O10,3.8,6,6.0
SrIn2Ir,0.0,6,0.0
Lu2CdAg,0.0,6,0.0
Nd3(GeRu)2,0.0,6,0.0
FeBi(SeO3)3,2.54,6,4.0
Fe3B,0.0,6,0.0
LaRe2Ag,0.0,6,0.0
Sr2V2(SeO5)3,2.96,6,5.0
AsS,2.4,6,4.0
Ga0.9Hg0.1Sb0.9Te0.1,0.65,6,1.0
Gd(NiGe)2,0.0,6,0.0
K2Au(IO3)5,2.65,6,4.0
Ti2B,0.0,6,0.0
Cs2NbCuSe4,2.19,6,3.0
BaHgS2,1.93,6,3.0
U(BH4)4,0.0,6,0.0
Tb3Ge5,0.0,6,0.0
NdAgAs2,0.0,6,0.0
Cd(In15Te23)2,1.17,6,2.0
TbGa3,0.0,6,0.0
Bi4Pb7Se13,0.29,6,0.0
Sb3IO4,2.61,6,4.0
SrPb3,0.0,6,0.0
Sc2FeB2Ir5,0.0,6,0.0
YB66,0.8,6,1.0
LuSi2Ni,0.0,6,0.0
Rh2S3,0.8,6,1.0
Te0.8Se0.2,0.4,6,0.0
GdSb,0.0,6,0.0
Ga1Sb0.99As0.01,1.37,6,2.0
Cd3Bi(PO4)3,3.9,6,6.0
K2Al2B2O7,6.89,6,7.0
Hg3As,0.0,6,0.0
Ga1.01Sb0.99Te0.03,0.68,6,1.0
In2GeTe3,0.68,6,1.0
Hf3(CuSi)4,0.0,6,0.0
Pb1Se0.99S0.01,0.26,6,0.0
Na2Zn3(SeO3)4,4.9,6,7.0
LaTaN2O,2.0,6,3.0
BePd2,0.0,6,0.0
BaGe4(RhSe3)2,1.09,6,1.0
ZnSnO3,3.9,6,6.0
NdSn2,0.0,6,0.0
Li4TiCr3O8,0.0,6,0.0
CsRb(PSe4)2,2.41,6,4.0
Dy(Al2Cu)4,0.0,6,0.0
SbTeRh,0.5,6,0.0
Cd0.01Ga0.99Sb0.99Te0.01,0.72,6,1.0
Cu3Pd,0.0,6,0.0
GdSe2,0.0,6,0.0
BeO,10.39,6,7.0
LiCd2Rh,0.0,6,0.0
DyInPt2,0.0,6,0.0
Al2CrS4,0.0,6,0.0
Ce3Pd5,0.0,6,0.0
CoP2,0.35,6,0.0
Na3(WO3)4,0.0,6,0.0
LiCu2(CO3)2,0.0,6,0.0
Er(SiPd)2,0.0,6,0.0
MgScAg2,0.0,6,0.0
ErTlPd,0.0,6,0.0
LiYbF4,0.0,6,0.0
La2YbCuSe5,1.15,6,2.0
Mg2PdAu,0.0,6,0.0
LiAsS2,1.6,6,2.0
Fe3Si,0.0,6,0.0
BaMn4O7,0.0,6,0.0
Na2Cd(GeSe3)2,2.37,6,4.0
NiS2,0.64,6,1.0
ZrC,0.6,6,1.0
Sr3Co2S2O5,0.0,6,0.0
TlTeP,0.3,6,0.0
Li2SiHgS4,2.68,6,4.0
Gd(CuTe)3,0.52,6,0.0
UHg3(TeCl3)2,2.6,6,4.0
SrMgIn3,0.0,6,0.0
HoGe,0.0,6,0.0
Nd3AlC,0.0,6,0.0
Gd1Mn1.95In1.05S5,1.66,6,2.0
Yb14Ti10O41,0.0,6,0.0
HoAlAu2,0.0,6,0.0
Lu2Mo2C3,0.0,6,0.0
Ti4ZnO8,0.0,6,0.0
K10Sn3(PSe3)8,1.82,6,3.0
KCl,8.5,6,7.0
PrBN2,4.0,6,7.0
Li2MnGeS4,3.06,6,5.0
FeAgSe2,0.23,6,0.0
Rb3Zn(BO2)5,2.66,6,4.0
Ca(Al4Co)2,0.0,6,0.0
AlB2,0.0,6,0.0
UGa5Ir,0.0,6,0.0
Hf5Te4,0.0,6,0.0
InSb2Se4Br,1.35,6,2.0
Ho2Pd2Pb,0.0,6,0.0
CuCN2,0.0,6,0.0
GaAgGeS4,3.0,6,5.0
Na2Ti2Sb2O,0.0,6,0.0
In1Sb0.01As0.99,0.17,6,0.0
USeS,0.0,6,0.0
Nd2IrPd,0.0,6,0.0
Mg(FeO2)4,0.0,6,0.0
YVTeO10,2.2,6,3.0
KInSe2,2.68,6,4.0
Pr4InSbSe9,1.89,6,3.0
InBi2Se4Br,1.21,6,2.0
P2Pd,0.65,6,1.0
MgSbPt,0.0,6,0.0
Ta6Ni16Ge7,0.0,6,0.0
NdSmHg2,0.0,6,0.0
Cs2Sn(PSe3)2,2.06,6,3.0
Eu3Bi4S9,1.18,6,2.0
Ca3Au4,0.0,6,0.0
BiO,0.0,6,0.0
Gd6Ta4Al43,0.0,6,0.0
BeTe,2.89,6,5.0
PrInAu2,0.0,6,0.0
MnFeAs,0.0,6,0.0
Y2S3,2.9,6,5.0
Ba2GdGaTe5,1.12,6,1.0
CsAu,2.3,6,4.0
Zr6Al2CoH10,0.0,6,0.0
Ga1.05Sb0.95Se0.15,0.66,6,1.0
Cu3Bi6S10I,0.72,6,1.0
Er(CrSi)2,0.0,6,0.0
Sm2TlZn,0.0,6,0.0
DyNiGe2,0.0,6,0.0
Na2In2SiS6,3.27,6,5.0
BiPbClO2,2.45,6,4.0
KAg2,0.0,6,0.0
In1.99Cu0.01Se2.99,1.45,6,2.0
Li3Co2(GeO4)3,0.0,6,0.0
ScRh3C,0.0,6,0.0
VZnRu2,0.0,6,0.0
In0.99Ga0.01As0.99P0.01,0.3,6,0.0
La3(ReO5)2,0.0,6,0.0
Zr2CuS4,0.0,6,0.0
Si0.0645Ge0.9355,1.04,6,1.0
BiBPbO4,3.2,6,5.0
Cu1.8S1,2.3,6,4.0
K8N3O,0.0,6,0.0
Yb3V,0.0,6,0.0
Ba2In2S5,2.47,6,4.0
Ca3BiAs,0.0,6,0.0
Bi4I,0.0,6,0.0
NdTe2,0.48,6,0.0
K2Sn3(SbS5)2,2.3,6,4.0
Zn0.9Ga0.1P0.1Se0.9,2.3,6,4.0
AgAu3,0.0,6,0.0
Ga1.5Cu0.5Se2.5,1.76,6,3.0
Na4Al4Si19,0.64,6,1.0
Ce(PPt2)2,0.0,6,0.0
Bi2SI2O11,3.74,6,6.0
CsGaSnSe4,1.97,6,3.0
Sn2BiSI5,1.32,6,2.0
CsK(PSe4)2,2.36,6,4.0
RbF3,0.0,6,0.0
Sr3Sb2,0.0,6,0.0
CsHo9(Cd2Se9)2,2.06,6,3.0
Ba(SnO2)4,0.0,6,0.0
ZrRh,0.0,6,0.0
TmThRu2,0.0,6,0.0
GdH2NO5,4.84,6,7.0
CaZn5,0.0,6,0.0
Cs3As,0.6,6,1.0
Ga5Pd13,0.0,6,0.0
Ce5Si3,0.0,6,0.0
Ca(BIr)2,0.0,6,0.0
TmGe,0.0,6,0.0
Na3WClO4,4.99,6,7.0
CsTm9(Cd2Se9)2,2.16,6,3.0
Dy(GeRu)2,0.0,6,0.0
KSnAuSe3,2.28,6,4.0
LiCu3F7,0.0,6,0.0
Pm3I,0.0,6,0.0
ErNi4B,0.0,6,0.0
LiTmSn,0.0,6,0.0
Hf2Ni,0.0,6,0.0
K2In2P3Se10,2.2,6,3.0
Si0.94Ge0.06,1.06,6,1.0
CsGa(SnSe3)2,1.87,6,3.0
Ce3In3Ru2,0.0,6,0.0
Ba2LiFe2N3,0.0,6,0.0
Ho(SiPd)2,0.0,6,0.0
Th6Mg23,0.0,6,0.0
Tl2BiP2S7,1.8,6,3.0
Mn2Tl2O7,0.0,6,0.0
Ge0.1Pb0.9Se1,0.3,6,0.0
Ba5Ga6SnP12,1.21,6,2.0
Sb5IO7,1.95,6,3.0
Zr1.86Cu1S4,1.26,6,2.0
Li2MgIn,0.0,6,0.0
Li2V3CrO8,0.0,6,0.0
PbSeO4,4.3,6,7.0
CsCd4In5Se12,1.62,6,2.0
Ni2PO5,0.0,6,0.0
Cu2OF2,0.0,6,0.0
Zn0.8Hg0.2Se1,1.4,6,2.0
Te0.5Se0.5,1.0,6,1.0
Er2Te3,0.9,6,1.0
SiAu3,0.0,6,0.0
Ba7B3O9F5,4.94,6,7.0
CsCdBO3,2.58,6,4.0
GeP,0.95,6,1.0
Ho(BiO3)2,0.0,6,0.0
SmC10,0.0,6,0.0
In2HgSe4,0.6,6,1.0
ReCl4,0.0,6,0.0
Zn(FeN)2,0.0,6,0.0
Eu(SbS2)2,1.2,6,2.0
La(PRu)2,0.0,6,0.0
SmAu3,0.0,6,0.0
Hf4Co4Si7,0.0,6,0.0
K2Ta15O32,0.33,6,0.0
TmIn3,0.0,6,0.0
Li9Ga13(Te7O22)3,4.45,6,7.0
YHg2,0.0,6,0.0
AsRuS,1.2,6,2.0
La2Mn(SeO)2,1.6,6,2.0
ReO3,2.3,6,4.0
MnGePd,0.0,6,0.0
Ga4PbS7,3.08,6,5.0
MnNi,0.0,6,0.0
AgF,2.8,6,4.0
NbCrN,0.0,6,0.0
HfFe2,0.0,6,0.0
AgCl,5.13,6,7.0
HfC,0.0,6,0.0
Ca10Ge16(B2O17)3,5.47,6,7.0
Ag2PdO2,0.18,6,0.0
La2ZrS5,2.01,6,3.0
Ti2TcPd,0.0,6,0.0
TiSe,0.0,6,0.0
SmHoZn2,0.0,6,0.0
Hf2Co4P3,0.0,6,0.0
Sm2Mo2O7,0.0,6,0.0
SrSnP,0.0,6,0.0
Co5RuO8,0.0,6,0.0
BeGaO3,0.0,6,0.0
LiSiB6,2.27,6,4.0
Zn6S5Cl2,2.71,6,4.0
Cs5Bi(PSe3)4,1.85,6,3.0
Er2Se3,1.66,6,2.0
Zr3Ag,0.0,6,0.0
SrNi5As3,0.0,6,0.0
Sm2IrPd,0.0,6,0.0
MnS,0.0,6,0.0
Nd1.33Lu0.67S3,1.5,6,2.0
In0.04Te1Pb0.96,0.37,6,0.0
Cs3V2Cl9,0.0,6,0.0
Bi1.8Sb0.2Te3,0.15,6,0.0
Li3MnAs2,0.0,6,0.0
Bi7O5F11,4.05,6,7.0
Ce(CoAs)2,0.0,6,0.0
Ga1.02Sb0.98Se0.06,0.63,6,1.0
LiInAg2,0.0,6,0.0
NaSbF6,3.76,6,6.0
SrSiPd,0.0,6,0.0
RbMn4In5Se12,1.76,6,3.0
Cd0.8In2.1Ag0.1Te4,0.29,6,0.0
Li3Bi,0.7,6,1.0
Na2LiTa,0.0,6,0.0
Cs3Nb9(TeO8)4,3.22,6,5.0
LaSi2Ru,0.0,6,0.0
Cr2NiS4,0.0,6,0.0
NaEuO2,0.0,6,0.0
Cd4Sb3,1.25,6,2.0
Nd2CdIn,0.0,6,0.0
HgIrO3,0.0,6,0.0
Al2S3,4.1,6,7.0
Ga1.2Cu0.8Se2.2,1.58,6,2.0
Al2Cu,0.0,6,0.0
Cd(PS2)2,3.76,6,6.0
Yb2Sn,0.0,6,0.0
TmTl,0.0,6,0.0
Ca3SbN,0.0,6,0.0
Mn(BW)2,0.0,6,0.0
Pr2Ir2O7,0.0,6,0.0
Li4Mn5Ni3O16,0.0,6,0.0
Mg2TiIrO6,0.0,6,0.0
AgSO4,0.18,6,0.0
K2Ga3CuSe6,1.72,6,3.0
HoTlPd,0.0,6,0.0
Ho(CuTe)3,0.26,6,0.0
Ca3Al2Ge3,0.0,6,0.0
TiCoSb,0.95,6,1.0
TmBRh3,0.0,6,0.0
TiFe2Si,0.4,6,0.0
TbH2,0.0,6,0.0
GaAgO2,2.2,6,3.0
Li2ZnSnS4,2.87,6,5.0
Ge3Sb,0.0,6,0.0
Dy1Te1.45,0.6,6,1.0
In0.7Ga0.3As0.3P0.7,1.58,6,2.0
Nd2Ru2O7,0.0,6,0.0
Yb(MnAs)2,0.0,6,0.0
Ba2DyInTe5,1.35,6,2.0
CaB6,4.5,6,7.0
ErCuPb,0.0,6,0.0
Cd3P2,0.5,6,0.0
Al0.4In0.6P1,2.12,6,3.0
Sn1Se0.01S0.99,1.08,6,1.0
Ga1.05Sb0.95Te0.15,0.68,6,1.0
YAlGe,0.0,6,0.0
Sc3GaC,0.0,6,0.0
BaSi,0.0,6,0.0
Ce2Fe17,0.0,6,0.0
CaGa3Ni2,0.0,6,0.0
CsLaHgSe3,2.46,6,4.0
TbSe2,0.0,6,0.0
Mg3P2,1.4,6,2.0
SmMg3,0.0,6,0.0
TlCr5S8,1.01,6,1.0
Fe4O7F,0.0,6,0.0
K1.46Sn3.09Bi7.45Se15,0.39,6,0.0
Cd0.28Hg0.72Te1,0.21,6,0.0
Gd3.04Sc0.96S6,1.5,6,2.0
GaGeTe,1.1,6,1.0
Hf(CuP)2,0.0,6,0.0
La4In5S13,0.0,6,0.0
Sn3WO6,2.49,6,4.0
Ca3BiSb,0.0,6,0.0
GaBi25O39,2.99,6,5.0
U(SiNi)2,0.0,6,0.0
TaRh3,0.0,6,0.0
VAg(IO4)2,2.24,6,3.0
LiCa2In,0.0,6,0.0
Sn0.17Pb0.83Se1,0.04,6,0.0
EuH2,1.85,6,3.0
Cd0.04In0.96Te0.04As0.96,0.69,6,1.0
Ti1C0.9,0.3,6,0.0
Mg3Ge,0.0,6,0.0
Rb3Sm,0.0,6,0.0
FeI2,5.15,6,7.0
Sc(GaFe)6,0.0,6,0.0
K2In3AgSe6,1.64,6,2.0
YbGa2Pd,0.0,6,0.0
Li7Ti7O16,0.0,6,0.0
AlPd5I2,0.0,6,0.0
SbPbBrO2,2.67,6,4.0
MgPb3,0.0,6,0.0
Nb3V(PO4)6,0.0,6,0.0
Zn0.99Hg0.01Se1,2.6,6,4.0
K2Mn(SnSe3)2,2.0,6,3.0
Ti4O5,0.0,6,0.0
Dy2Te3,0.69,6,1.0
Al3Tc,0.0,6,0.0
Rb1.54Cd1.54Bi2.46S6,1.33,6,2.0
Zr7P4,0.0,6,0.0
Er3Al3NiGe2,0.0,6,0.0
CeCoGeH,0.0,6,0.0
Tm4Sb2Se11.68,1.22,6,2.0
TbB(SbO4)2,3.53,6,6.0
VGa(TeO4)2,3.0,6,5.0
Y4US5O3,1.95,6,3.0
K3LiNb6O15,0.0,6,0.0
RhSe2,0.6,6,1.0
EuPPt,0.0,6,0.0
Si2Ru,0.0,6,0.0
Rb2NaVF6,0.0,6,0.0
Lu3InN,0.0,6,0.0
In1.6Cu0.4Se2.6,1.32,6,2.0
K2B10H9O,0.0,6,0.0
Tb11S16,0.0,6,0.0
Ti3Pt5,0.0,6,0.0
Ca3In,0.0,6,0.0
CrPbO4,2.25,6,3.0
Bi2Te0.4Se2.6,0.7,6,1.0
CeMoO4F,2.52,6,4.0
Ca3TlN,0.0,6,0.0
Nb3B2,0.0,6,0.0
RbWO3,0.0,6,0.0
TlCr5Se3S5,0.89,6,1.0
CoH2(SN)4,0.0,6,0.0
Ce2S2O,0.0,6,0.0
Li2MnO2F,0.0,6,0.0
GeI2,1.5,6,2.0
Ba(GaS2)2,4.13,6,7.0
TiS2,1.95,6,3.0
VZn2BiO6,2.4,6,4.0
Sc5Bi3,0.0,6,0.0
Yb8Ge3Sb5,0.0,6,0.0
SmSnPd,0.0,6,0.0
TbGa2Co3,0.0,6,0.0
V2(OF)3,0.0,6,0.0
Cs4Ge5(PbS4)4,1.95,6,3.0
Sm2Te3,0.7,6,1.0
CdHg4(AsI2)2,1.45,6,2.0
Li4.5Fe0.5Te1O6,3.25,6,5.0
As2Ru,0.8,6,1.0
YIn2Ni,0.0,6,0.0
Li2Ni3TeO8,0.0,6,0.0
Sc3C4,0.0,6,0.0
Zn2Ni9O13,0.0,6,0.0
Cs4Ag9(SbS3)4,2.0,6,3.0
BaIn2Ir,0.0,6,0.0
Yb(CuS)3,1.56,6,2.0
Cd0.5Hg0.5Se1,0.8,6,1.0
VIr3,0.0,6,0.0
CeAlO3,0.0,6,0.0
Zr4AlNi2,0.0,6,0.0
LiInTe2,1.46,6,2.0
Nb3Bi,0.0,6,0.0
SiSn,0.59,6,1.0
Li2CdSnS4,3.26,6,5.0
U2Al3C4,0.0,6,0.0
CsCd4Ga5Te12,1.67,6,2.0
YbSnRh,0.0,6,0.0
K3Th2Cu3S7,2.49,6,4.0
Ag7AsSe6,1.0,6,1.0
AlCu7O12,0.0,6,0.0
Li3Mn2(CoO4)2,0.0,6,0.0
TbNi5,0.0,6,0.0
K2Zn(SnSe3)2,1.71,6,3.0
Cr2O3,3.4,6,6.0
Tm2MgTl,0.0,6,0.0
Li2MgSn,0.0,6,0.0
VFeSb,0.46,6,0.0
Pr2Co12P7,0.0,6,0.0
Mg2Ga,0.0,6,0.0
LiTaO3,4.1,6,7.0
SrPb3Br8,3.2,6,5.0
Fe6O7F5,0.0,6,0.0
Cu10Sb3,0.0,6,0.0
Tm2CdHg,0.0,6,0.0
Cu15Si4,0.0,6,0.0
In0.99Ga0.01As0.01P0.99,1.3,6,2.0
LaGa,0.0,6,0.0
Er(ReO4)2,0.0,6,0.0
Li2Nb2(PO4)3,0.0,6,0.0
CuMoO4,0.0,6,0.0
Y2Ru2O7,0.0,6,0.0
Tb(AlC)3,0.0,6,0.0
La3Si1Sb0.33Se7,1.75,6,3.0
BaGa4Se7,2.64,6,4.0
Ag3AsO4,0.0,6,0.0
Al2CoIr,0.0,6,0.0
CuSbPbS3,1.31,6,2.0
Pr9(SbO)5,0.0,6,0.0
CsInTe3O8,3.9,6,6.0
SmTmZn2,0.0,6,0.0
CdBiClO2,3.08,6,5.0
InBi2S4Cl,1.5,6,2.0
Ca2Os2O7,0.0,6,0.0
Li2TeWO6,4.0,6,7.0
Mn15Si26,0.7,6,1.0
VBi24O41,3.25,6,5.0
Zn0.15Ga0.85As0.85Se0.15,1.47,6,2.0
Sr2Co2O5,0.0,6,0.0
Mn2OF3,0.0,6,0.0
NaSb(PS3)2,2.17,6,3.0
Ce2Al2Co15,0.0,6,0.0
Sr2Be2B2O7,8.0,6,7.0
V2GaSn2,0.0,6,0.0
YMoO4F,3.78,6,6.0
LuGaRh2,0.0,6,0.0
HfB4Ir3,0.0,6,0.0
NbSiIr,0.0,6,0.0
Y(Al2Cu)4,0.0,6,0.0
BiSeI,1.28,6,2.0
BaYb2O4,0.0,6,0.0
Sn3P3O13,0.0,6,0.0
Tm2Ga10Os3,0.0,6,0.0
CoSb2,0.17,6,0.0
Mg(SnO2)4,0.0,6,0.0
DyFeSi,0.0,6,0.0
BaAl2,0.0,6,0.0
Ti2CoS4,0.0,6,0.0
KTbSe4,1.65,6,2.0
In0.2Ga0.8As1,1.07,6,1.0
ZnCu3P3O13,0.0,6,0.0
Ba(ZnAs)2,0.23,6,0.0
Sn3Ir2Se3,0.43,6,0.0
Li2B4O7,7.3,6,7.0
CuN3,4.17,6,7.0
RbNb3(TeO6)2,3.49,6,6.0
Sn0.03Pb0.97Se1,0.21,6,0.0
EuSn3,0.0,6,0.0
CsSmCdSe3,2.45,6,4.0
Sc(VGa2)2,0.0,6,0.0
TlHg6S4Br5,3.03,6,5.0
TlS2,1.8,6,3.0
Mn3Cr3(CoO8)2,0.0,6,0.0
Ga1.1Sb0.9Se0.3,0.67,6,1.0
Ba(BRh)2,0.0,6,0.0
Eu2(Ga3Rh)3,0.0,6,0.0
Ca5Ir,0.0,6,0.0
TlAgSe2,0.72,6,1.0
BiSI,1.56,6,2.0
La2CuO4,0.0,6,0.0
KLi(WO3)3,0.0,6,0.0
Eu(GaS2)2,2.25,6,3.0
KP(HO2)2,6.95,6,7.0
Li4(FeO2)9,0.0,6,0.0
Y2CuO4,0.0,6,0.0
Li2Ti3FeO8,0.0,6,0.0
Cu8O,0.0,6,0.0
TmMgCd2,0.0,6,0.0
Ca2Bi2O5,3.34,6,5.0
TmCuSi,0.0,6,0.0
Si0.109Ge0.891,1.13,6,1.0
SiSb3,0.0,6,0.0
Nd(GePt)2,0.0,6,0.0
Sc2S3,2.0,6,3.0
BiIO3F2,3.97,6,7.0
Mg3AsN,1.33,6,2.0
Li5Mn6(BO3)6,0.0,6,0.0
Ga2Cu1S3.5,2.42,6,4.0
La2Fe2I,0.0,6,0.0
Ca2ZnRh,0.0,6,0.0
La2S3,2.77,6,4.0
ScSbRu2,0.0,6,0.0
MgSnRh2,0.0,6,0.0
AgPd(IO3)3,1.5,6,2.0
Pr3Cd,0.0,6,0.0
Ta2OsW,0.0,6,0.0
Th2CrN3,0.0,6,0.0
Nd2(SnSe3)3,0.5,6,0.0
CdInCuSe3,1.66,6,2.0
U2AlCo2,0.0,6,0.0
Ba4Sb3S8Cl,2.09,6,3.0
V3Cd4(TeO5)3,2.66,6,4.0
CsEr9(Cd2Se9)2,2.09,6,3.0
Cd0.4Hg0.6Se1,0.95,6,1.0
CrNiP2O9,0.0,6,0.0
Cs6.4Na1.6Ga8Ge38,0.22,6,0.0
Cu5(Si2O7)2,0.0,6,0.0
Ti5ZnO7,0.0,6,0.0
Mg2GeB2Rh5,0.0,6,0.0
HoB2Rh3,0.0,6,0.0
Zn2WN2,0.0,6,0.0
Nd(InS2)3,1.15,6,2.0
Nd2S3,2.65,6,4.0
Zn0.99Ga0.01P0.01S0.99,3.7,6,6.0
NaZr2TiF11,0.0,6,0.0
W2C,0.0,6,0.0
Sn0.06Pb0.94Se1,0.14,6,0.0
Li2In2GeS6,3.45,6,6.0
LiTlPd2,0.0,6,0.0
Cu3(BiI4)4,0.0,6,0.0
Ba2ZnSe3,2.75,6,4.0
W3O7F,0.0,6,0.0
LuNiBC,0.0,6,0.0
Y(SiRu)2,0.0,6,0.0
SrIn2(GeIr)4,0.25,6,0.0
Li4Fe2Cu3O10,0.0,6,0.0
Lu2TlCd,0.0,6,0.0
Yb3Tc,0.0,6,0.0
CoGe,0.0,6,0.0
ZrSi2,0.0,6,0.0
Ba4Sm2Cu2O9,0.0,6,0.0
Eu2ReO5,0.0,6,0.0
Ho3Ge5,0.0,6,0.0
Sn3As2,0.47,6,0.0
Tl2Cu2SnS4,1.4,6,2.0
SrCd,0.0,6,0.0
CsSbS2,2.8,6,4.0
Cd0.1Ga0.9Sb0.9Te0.1,0.78,6,1.0
Sb2XeF14,0.0,6,0.0
CdAg,0.0,6,0.0
Mn3(OF3)2,0.0,6,0.0
Cs10Cd4Sn4S17,3.16,6,5.0
TaPd3,0.0,6,0.0
ErB2Ir3,0.0,6,0.0
NdBi,0.0,6,0.0
Te2Os,0.3,6,0.0
Ca(MnAs)2,0.0,6,0.0
YWO3,0.0,6,0.0
LiBiS2,0.11,6,0.0
ZrW2,0.0,6,0.0
Li14Ti21O48,0.0,6,0.0
Dy(CuSe)3,0.2,6,0.0
SrGe2,0.9,6,1.0
LiLu2Ru,0.0,6,0.0
TiFe2As,0.0,6,0.0
SrCuBi,0.0,6,0.0
Lu2FeS4,0.0,6,0.0
Cd0.1In0.9Te0.1As0.9,0.69,6,1.0
KSb,0.9,6,1.0
Eu(InS2)2,1.5,6,2.0
CuSbS2,1.38,6,2.0
Li3V4NiO12,0.0,6,0.0
CBr4,3.7,6,6.0
Ga1.1Cu0.9Se2.1,1.59,6,2.0
Yb(Fe2Ge)2,0.0,6,0.0
Y4AsSe3,0.0,6,0.0
K3Sn,0.0,6,0.0
MgCr,0.0,6,0.0
Tc3Pd,0.0,6,0.0
Li2ZnGeSe4,1.86,6,3.0
MoSe2,1.6,6,2.0
Zr3Ir,0.0,6,0.0
Ba6In2NF,0.0,6,0.0
Rb2CrF6,0.0,6,0.0
TlSbTe3,0.38,6,0.0
Ba3Co10O17,0.0,6,0.0
CeF3,4.85,6,7.0
Mn3Al10,0.0,6,0.0
HfInCu2,0.0,6,0.0
SmCoC2,0.0,6,0.0
Hf3P,0.0,6,0.0
Li2Cu2S3,0.0,6,0.0
Zn0.7Ga0.3P0.3Se0.7,2.15,6,3.0
Sm4MgRh,0.0,6,0.0
VNi2,0.0,6,0.0
UO,1.5,6,2.0
Ce4FeSe6O,0.0,6,0.0
Ce(BC)2,0.0,6,0.0
KAlGeS4,3.5,6,6.0
Ca(CoGe)2,0.0,6,0.0
LaMg3,0.0,6,0.0
Cr3Se4,1.59,6,2.0
Ga0.99Hg0.01Sb0.99Te0.01,0.72,6,1.0
Te0.6Se0.4,0.7,6,1.0
La2VCoO6,0.41,6,0.0
Li2Fe2(PO4)3,0.0,6,0.0
TaPt3,0.0,6,0.0
Cd0.02In0.98Te0.02As0.98,0.73,6,1.0
Ca2Sn2F3,0.0,6,0.0
NdSbPd,0.0,6,0.0
V8O,0.0,6,0.0
Tb2Ti3Ge4,0.0,6,0.0
Sr2YBi2O7,0.0,6,0.0
Si0.1Ge0.9,0.8,6,1.0
Y(AlSi)2,0.0,6,0.0
MgF2,11.1,6,7.0
Li3AlP2,2.75,6,4.0
ZrB2,0.0,6,0.0
YCd4B3O10,3.78,6,6.0
CsTaPSe6,2.29,6,4.0
Co(PO3)4,0.0,6,0.0
Ge0.25Te1Pb0.75,0.44,6,0.0
Li3Cr3(CuO6)2,0.0,6,0.0
Sn2SbS2I3,1.5,6,2.0
Sr3Eu(PO4)3,3.99,6,7.0
ZrGaPt,0.0,6,0.0
U2SnRh2,0.0,6,0.0
RbCuPdF5,0.0,6,0.0
Li3Mn4O8,0.0,6,0.0
PSe,2.5,6,4.0
MnSiNi2,0.0,6,0.0
Pr2CdSn,0.0,6,0.0
ZnWO2,0.0,6,0.0
La10Se14O,2.04,6,3.0
ZrNiSb,0.55,6,0.0
Cs4Zr3S14,2.35,6,4.0
TlTe,0.0,6,0.0
SeS,1.9,6,3.0
CeRh,0.0,6,0.0
Ce(SiAu)2,0.0,6,0.0
AgBi(PSe3)2,1.4,6,2.0
ScCrO4,0.0,6,0.0
Zn0.75Cd0.25Se1,3.2,6,5.0
NdZn2Ag,0.0,6,0.0
In1.01Cu0.99Se2.01,1.08,6,1.0
Nd2ZrS5,1.83,6,3.0
Ga1Sb0.85As0.15,1.1,6,1.0
Zn0.1Ga0.9Sb0.9Te0.1,1.0,6,1.0
Rb3Ta2AsS11,2.21,6,3.0
Gd3Al7Ag2,0.0,6,0.0
Ba3CrS5,0.0,6,0.0
Ba12In4S19,2.56,6,4.0
Pb17(Cl9O4)2,3.44,6,6.0
CsAgCl3,0.0,6,0.0
Cd6P7,0.85,6,1.0
Ru3Cl,0.0,6,0.0
KSm2CuS4,2.17,6,3.0
PmDy3,0.0,6,0.0
CsBi3Se5,0.43,6,0.0
Ti6H2O13,3.4,6,6.0
Dy4Te3S4,1.43,6,2.0
Rh0.67S2,1.5,6,2.0
CsGaS3,3.0,6,5.0
LiPm2Ir,0.0,6,0.0
Rb2NbCuS4,2.64,6,4.0
Ba2Zn0.2B2S5.2,3.54,6,6.0
In0.01Ga0.99As1,1.4,6,2.0
YbMgPd,0.0,6,0.0
CsEuF3,0.0,6,0.0
Sr5V3O12F,4.5,6,7.0
BaZnGeSe4,2.46,6,4.0
DyYAg2,0.0,6,0.0
MgTi4O6,0.0,6,0.0
Ba2SnSe4,1.9,6,3.0
VTeHO5,2.51,6,4.0
ScN,2.6,6,4.0
Mn5Ge2,0.0,6,0.0
Rb1.45Sb7.45Pb3.1Se15,0.45,6,0.0
EuBi3,0.0,6,0.0
BaNa2GeS4,3.7,6,6.0
GaAgTe2,1.1,6,1.0
In1Sb0.2As0.8,0.12,6,0.0
SmSnTe2,0.52,6,0.0
MgCuBi,0.0,6,0.0
ZrSb,0.0,6,0.0
SmSb,0.59,6,1.0
Ce(HO)3,0.0,6,0.0
Ba2V2Te2O11,3.16,6,5.0
NaH3(SeO3)2,4.9,6,7.0
Ag2GeS3,1.98,6,3.0
CdCu2SnS4,1.37,6,2.0
Ba2YInSe5,2.31,6,4.0
Ge0.15Te0.15Pb0.85Se0.85,0.32,6,0.0
Ga1As0.8P0.2,1.62,6,2.0
KNb2O5,0.0,6,0.0
In0.3Ga0.7As0.3P0.7,2.05,6,3.0
Li4Fe3NiO8,0.0,6,0.0
TmBPd3,0.0,6,0.0
La2Nb2N2O5,0.0,6,0.0
CsZn2B3O7,5.69,6,7.0
LuIr2,0.0,6,0.0
Cr4Cu3Te8,0.0,6,0.0
CaHfZn,0.0,6,0.0
Ba2GaSbSe5,2.51,6,4.0
TiPO4,0.0,6,0.0
Sm4U4O17,0.0,6,0.0
SnHgO3,1.6,6,2.0
Li4Co3CuO8,0.0,6,0.0
HoMgAu2,0.0,6,0.0
Sr4Te3(ClO2)4,4.0,6,7.0
Sm(SiAg)2,0.0,6,0.0
Si(Bi3O5)4,3.2,6,5.0
CrB2(PbO2)6,1.8,6,3.0
Ge0.39Te1Pb0.61,0.56,6,0.0
CsSbTe2,0.43,6,0.0
Li6FeNi9O20,0.0,6,0.0
BaTl3,0.0,6,0.0
TmScHg2,0.0,6,0.0
DyInCu2,0.0,6,0.0
YH2NO5,4.83,6,7.0
Li2PtO3,2.3,6,4.0
Sr3Bi(PO4)3,4.0,6,7.0
Ti3PO7,0.0,6,0.0
Ce6B2(CBr)3,0.0,6,0.0
CsBiSe2,1.07,6,1.0
RbBa2(PO3)5,7.6,6,7.0
PbN6,2.98,6,5.0
Cs4In8GeSe16,2.2,6,3.0
BaCaSn3,0.0,6,0.0
La20Mo12Cl4O63,2.4,6,4.0
TlCuSe2,1.07,6,1.0
Ba7Ga5AgS15,2.6,6,4.0
Eu(MnGe)2,0.0,6,0.0
Ge0.01Te0.99Pb0.99S0.01,0.32,6,0.0
Rb2SCl6F,0.0,6,0.0
GaAgGe5Se12,2.14,6,3.0
Ho3GaC,0.0,6,0.0
Ba2Yb(CuO2)4,0.0,6,0.0
Ga2S3,2.8,6,4.0
Li0.33Ag1Sn0.67O2,2.7,6,4.0
ScTlS2,1.51,6,2.0
Ba3PN,0.0,6,0.0
MgCu2GeS4,2.36,6,4.0
In0.4Ga1.6Cu1S3.5,2.15,6,3.0
Ag2GeSe3,0.9,6,1.0
Gd2AlCo2,0.0,6,0.0
CsTb9(Cd2Se9)2,1.95,6,3.0
U2Cr30P19,0.0,6,0.0
CsLiCO3,6.19,6,7.0
K2PdSe10,1.48,6,2.0
ZnHg3(SeCl2)2,2.23,6,3.0
K3Ta2AsS11,2.21,6,3.0
Ce3LuSe6,1.1,6,1.0
BeAlB,0.0,6,0.0
K2Cd2Te3,1.93,6,3.0
ScCoO3,0.0,6,0.0
PrIr2,0.0,6,0.0
CsMnSb,0.0,6,0.0
CoSb3,0.49,6,0.0
Li2LaTl,0.0,6,0.0
Ce3AlC,0.0,6,0.0
Ba2FeReO6,0.0,6,0.0
Er2SnAu2,0.0,6,0.0
V5SiB2,0.0,6,0.0
UGaNi,0.0,6,0.0
PrNiGe2,0.0,6,0.0
ZnSiP2,2.07,6,3.0
Ca4Bi6O13,2.76,6,4.0
Li4Mn5Cu3O16,0.0,6,0.0
Re3F,0.0,6,0.0
V4ZnO8,0.0,6,0.0
BSb,2.6,6,4.0
Ca2GeN2,0.0,6,0.0
TiCoGe,0.0,6,0.0
Li3CrO4,0.0,6,0.0
Ti2Be17,0.0,6,0.0
UAu2,0.0,6,0.0
AlVCo2,0.0,6,0.0
Ba2Cu5F14,0.0,6,0.0
CsNa8(B7O12)3,4.67,6,7.0
TbMn5Ge3,0.0,6,0.0
Sr8Fe3N8,0.0,6,0.0
PrTaN2O,2.0,6,3.0
NiGe,0.0,6,0.0
LiSb3PbS6,1.6,6,2.0
Zn0.2Hg0.8Te1,0.07,6,0.0
Si0.8Ge0.2,1.1,6,1.0
Li6(NiO2)5,0.0,6,0.0
Bi0.2Sb1.8Te3,0.28,6,0.0
Ba3YIr2O9,0.0,6,0.0
Ba2B6O11,5.17,6,7.0
Rb2Zn3(SeO3)4,4.9,6,7.0
Mn5O7,0.0,6,0.0
Zr2HBr2,0.0,6,0.0
LuCdAg2,0.0,6,0.0
HgTeBr,2.06,6,3.0
Mg2Co,0.66,6,1.0
Sb8I2O11,2.72,6,4.0
CeScO3,3.2,6,5.0
LiAgF3,0.0,6,0.0
SmCuSe2,2.1,6,3.0
La8Sb2S15,2.3,6,4.0
In0.4Ga0.6As0.6P0.4,1.74,6,3.0
La3NiBr3,0.0,6,0.0
Na2Tl,0.0,6,0.0
Na2V6O13,0.0,6,0.0
InCuS2,1.5,6,2.0
ReF6,0.0,6,0.0
Ba3Cd(SnS4)2,2.75,6,4.0
BaGa4S7,3.54,6,6.0
Rb2VCuS4,1.85,6,3.0
Ba3Tb2(PS4)4,3.37,6,5.0
Li8IrO6,0.0,6,0.0
Tl3AsSe3,1.3,6,2.0
TiMn2Al,0.0,6,0.0
CdSnO3,3.0,6,5.0
In0.6Ga0.4As0.6P0.4,1.25,6,2.0
LaReB,0.0,6,0.0
Sm2AgRu,0.0,6,0.0
EuSeClO3,0.0,6,0.0
Pt3PbC,0.0,6,0.0
In5AgS8,1.76,6,3.0
Cd0.23Hg0.77Te1,0.12,6,0.0
LiInSe2,2.83,6,4.0
B4C,1.64,6,2.0
TbInIr,0.0,6,0.0
GdO2,0.0,6,0.0
NaIn(TeO3)2,4.0,6,7.0
LaH2,0.0,6,0.0
BaLa2In2S7,1.87,6,3.0
Mg3Al9FeSi5,0.0,6,0.0
Co3Se4,0.0,6,0.0
LiGeRh2,0.0,6,0.0
Pr(InS2)3,1.14,6,2.0
BaBSbS4,2.34,6,4.0
Mg3Bi2,0.0,6,0.0
Sr3(AlSn)2,0.0,6,0.0
Na8NbO6,0.0,6,0.0
Yb2SmS4,0.0,6,0.0
Ba2GaSe4,1.63,6,2.0
TmAlCu,0.0,6,0.0
Ca3Ti2(SiO4)3,1.65,6,2.0
BeS,4.17,6,7.0
Na3In2Au,0.0,6,0.0
K2PAuS4,2.63,6,4.0
ScZnPt2,0.0,6,0.0
UFeSi,0.0,6,0.0
TmMgAg2,0.0,6,0.0
Li4.5Al0.5Te1O6,4.9,6,7.0
NaSn2,0.0,6,0.0
TePd,0.0,6,0.0
Co(WO4)2,0.0,6,0.0
Cd0.6Hg0.4Se1,0.7,6,1.0
LiGaPt2,0.0,6,0.0
TlAgTe2,0.1,6,0.0
Tl3Pb,0.0,6,0.0
K2ReH9,5.71,6,7.0
Bi1Sb0.15,0.02,6,0.0
ScIr,0.0,6,0.0
Cr2SbTe,0.0,6,0.0
Ba6Al4B14O33,3.44,6,6.0
Li3C,0.0,6,0.0
ScTlSe2,0.79,6,1.0
AlCuS2,3.5,6,6.0
Ga1.02Sb0.98Te0.06,0.68,6,1.0
Y(SiPt)2,0.0,6,0.0
Ba3In2(PO4)4,3.87,6,6.0
Mn(SbO2)2,2.65,6,4.0
LiMnCoO4,0.0,6,0.0
YH2,0.0,6,0.0
Cs5Mo21Se23,0.0,6,0.0
CaGaGe,0.0,6,0.0
In1Sb0.8As0.2,0.21,6,0.0
B3Pb10Br3O13,3.25,6,5.0
NaCdSb,0.0,6,0.0
Pr2GeSe5,1.8,6,3.0
Ce5CuSe8,0.0,6,0.0
Mn2VSi,0.0,6,0.0
ZrRu3C,0.0,6,0.0
AlAgSe2,2.55,6,4.0
Gd2O3,5.3,6,7.0
GaCuGeSe4,1.38,6,2.0
CaCdPd2,0.0,6,0.0
LaCuTeO,2.31,6,4.0
CsNa2Sb,0.8,6,1.0
Sr(CeSe2)2,0.0,6,0.0
SmSnRh2,0.0,6,0.0
Li3Mn3NiO8,0.0,6,0.0
Te0.99Pb1Se0.01,0.3,6,0.0
GdZn,0.0,6,0.0
Hf2Tl,0.0,6,0.0
Bi2(BO3)3,0.0,6,0.0
LiPm2Ga,0.0,6,0.0
Sb2Te,0.0,6,0.0
Ba3Dy2(PS4)4,3.28,6,5.0
TiFeH2,0.0,6,0.0
Ba2NdGaS5,2.12,6,3.0
Ga1.5Cu0.5S2.5,2.43,6,4.0
PrErMg2,0.0,6,0.0
CdCl2,5.7,6,7.0
Ca(BC)2,0.0,6,0.0
Ho2CuRh,0.0,6,0.0
Li8PrO6,0.0,6,0.0
K2FeGe3Se8,1.95,6,3.0
YbPO4,0.0,6,0.0
Ce3B2(ClO2)3,0.0,6,0.0
TmCu4Ag,0.0,6,0.0
Te2MoWS2,0.0,6,0.0
Ho(CuSe)3,0.16,6,0.0
Nb2Tl3CuSe12,0.8,6,1.0
Ga1As0.01P0.99,2.23,6,3.0
YCuO2,3.5,6,6.0
Sn(PO3)3,0.0,6,0.0
KPAu5S8,2.14,6,3.0
K2In3CuSe6,1.68,6,2.0
Sr(CeS2)2,0.0,6,0.0
Zn0.5Ga0.5As0.5Se0.5,1.52,6,2.0
Ga8Cu3Mo2,0.0,6,0.0
LaMg2H7Pd,1.0,6,1.0
CsMn4Ga5Te12,1.55,6,2.0
SrIn2Rh,0.0,6,0.0
YbAgO2,0.0,6,0.0
TiAlAu2,0.0,6,0.0
AsAu3,0.0,6,0.0
Na2B6O9F2,7.33,6,7.0
Sb4Pb4S11,0.0,6,0.0
Pd3(PbS)2,0.0,6,0.0
VTe2,0.0,6,0.0
TiFe2Sb,0.0,6,0.0
V3Pb2Se5O18,3.14,6,5.0
Mg3(MnAl9)2,0.0,6,0.0
CsCu(SbS2)2,1.7,6,3.0
Bi0.6Sb1.4Te3,0.2,6,0.0
Eu1.83Ta15O32,0.23,6,0.0
In0.1Ga0.9As0.1P0.9,2.25,6,3.0
YbAg2,0.0,6,0.0
HfAsRh,0.0,6,0.0
TlCuCl3,2.98,6,5.0
PrMgAg2,0.0,6,0.0
Sm3Zr,0.0,6,0.0
BaPt5,0.0,6,0.0
H7Se2NO6,4.81,6,7.0
RbU2SbS8,0.0,6,0.0
ZrSe,0.0,6,0.0
U(CoGe)2,0.0,6,0.0
Gd6Ge2.5S14,2.2,6,3.0
SrMnGe,0.0,6,0.0
Dy2C,0.0,6,0.0
HfAlPd2,0.0,6,0.0
Ge0.2Te0.2Pb0.8Se0.8,0.36,6,0.0
Li6Fe3Co7O20,0.0,6,0.0
La3In1Ge0.5S7,2.61,6,4.0
YSn3,0.0,6,0.0
Li2Ga2GeS6,3.65,6,6.0
GdInIr,0.0,6,0.0
Nd4InSbSe9,1.57,6,2.0
Na2Ti3O7,3.51,6,6.0
TiCr3(PO4)6,0.0,6,0.0
LuHfRu2,0.0,6,0.0
Sm(CoSi)2,0.0,6,0.0
Pb1Se0.5S0.5,0.33,6,0.0
HoB4,0.0,6,0.0
Sr8(MnN3)3,0.0,6,0.0
Zn3(BO3)2,2.6,6,4.0
Mn2AlB2,0.0,6,0.0
Li3Fe2SbO6,0.0,6,0.0
SiBi3O7,0.0,6,0.0
ScBe5,0.0,6,0.0
La2.1Bi5.9Pb2S14,1.0,6,1.0
CaInAu,0.0,6,0.0
LaTb3,0.0,6,0.0
Dy2TlCd,0.0,6,0.0
Rb4CuSi2O7,0.0,6,0.0
Zr5SiSb3,0.0,6,0.0
CsInSe2,2.81,6,4.0
LuScRh2,0.0,6,0.0
Ge0.01Pb0.99Se1,0.27,6,0.0
In3CuSe5,0.6,6,1.0
In1.6Ga0.4Cu1S3.5,1.55,6,2.0
DyMn2,0.0,6,0.0
Hg3Bi2(SCl4)2,3.26,6,5.0
Rb2Ti(CuS2)2,2.19,6,3.0
Yb(AlGa)2,0.0,6,0.0
Cd0.06In0.94Te0.06As0.94,0.68,6,1.0
Li3Mn(NiO3)2,0.0,6,0.0
ScCu2,0.0,6,0.0
Zn0.01Ga0.99Sb0.99Te0.01,0.72,6,1.0
Bi0.4Sb1.6Te3,0.21,6,0.0
Ba2ErInSe5,2.29,6,4.0
ZrGe2,0.0,6,0.0
NaGaGe3Se8,2.35,6,4.0
Ge0.02Te0.98Pb0.98S0.02,0.34,6,0.0
Mn(SbO3)2,0.0,6,0.0
Ca5Au2,0.0,6,0.0
NdSnRh,0.0,6,0.0
NbSe2,1.4,6,2.0
YbIr2,0.0,6,0.0
GdGeRu,0.0,6,0.0
NiN,0.0,6,0.0
LiTiSiO4,0.0,6,0.0
Zr2Al,0.0,6,0.0
SbPd3,0.0,6,0.0
Gd2Zn17,0.0,6,0.0
EuSnTe2,0.6,6,1.0
YbCuSi,0.0,6,0.0
P2Pd3S8,2.12,6,3.0
U6Co,0.0,6,0.0
Na10(Ga2Sn)3,0.0,6,0.0
Nb3In,0.0,6,0.0
U2AlCo3,0.0,6,0.0
B2Se2O7,4.64,6,7.0
Mg2MnN2,0.0,6,0.0
MnP2,0.0,6,0.0
Cu0.5Ge1Pb1.75S4,1.48,6,2.0
Ba(PdO2)2,0.0,6,0.0
In1.8Cu0.2Se2.8,1.26,6,2.0
Cu(IrS2)2,0.0,6,0.0
AsSI,2.05,6,3.0
Ge0.3Pb0.7Se1,0.4,6,0.0
TiTlPS5,1.3,6,2.0
Ba3NaIr2O9,0.0,6,0.0
K2Cd(PSe3)2,2.58,6,4.0
Li23(MnAs)20,0.0,6,0.0
Hf5Sn3,0.0,6,0.0
SbRuSe,0.9,6,1.0
H2Se,0.0,6,0.0
Li4FeNi3O8,0.0,6,0.0
LiPm2Si,0.0,6,0.0
Cu2O,2.58,6,4.0
Ca3La2(SnS4)3,1.45,6,2.0
ThMn4(CuO4)3,0.0,6,0.0
Cr10Sb3Te7,0.0,6,0.0
Li6FeO5F,0.0,6,0.0
TbWClO4,4.24,6,7.0
Y(NiP)2,0.0,6,0.0
LaYbZn2,0.0,6,0.0
K8Ce2I18O53,2.34,6,4.0
Ba2Ga8GeS16,3.0,6,5.0
Li2HgGeS4,2.46,6,4.0
Tm2IrPd,0.0,6,0.0
PrB4,0.0,6,0.0
Ba1.88Ta15O32,0.13,6,0.0
NdIn3,0.0,6,0.0
K2Gd2Ti3O10,3.3,6,5.0
Na2Hg3Se1.49S2.51,2.03,6,3.0
Mg2Ge,1.67,6,2.0
HoMg2,0.0,6,0.0
MnSbRh2,0.0,6,0.0
Al0.4Cd0.6Sb0.4Te0.6,1.8,6,3.0
Eu3As2,0.6,6,1.0
Li3V12O29,0.0,6,0.0
TmAu2,0.0,6,0.0
HoTiO3,0.0,6,0.0
Li3Mn3WO8,0.0,6,0.0
TlCr5(Se3S)2,0.75,6,1.0
Sn0.06Te1Pb0.94,0.28,6,0.0
TiAsRh,0.0,6,0.0
Sn1Se0.99S0.01,0.89,6,1.0
IrS2,0.9,6,1.0
Gd1.05Sc0.95Se3,1.2,6,2.0
SrBiClO2,3.52,6,6.0
Mo2NCl8,0.0,6,0.0
Hf5Sb3,0.0,6,0.0
KPSe6,2.16,6,3.0
Ga4SnSe7,2.55,6,4.0
CdPt,0.0,6,0.0
Eu(CdSb)2,0.0,6,0.0
YbNd2CuS5,1.35,6,2.0
DyAs,1.0,6,1.0
BaCuSbSe3,1.6,6,2.0
Li8Ti16CuS32,0.0,6,0.0
ZrRe2,0.0,6,0.0
Eu4Te7,0.31,6,0.0
ScAg,0.0,6,0.0
EuCu2SnS4,1.85,6,3.0
LiB9PbO15,4.75,6,7.0
Li3Ni3(PO4)4,0.0,6,0.0
Nb6VSb3O25,3.2,6,5.0
Zn0.85Hg0.15Se1,1.8,6,3.0
Hf(VH2)2,0.0,6,0.0
Lu2Fe2Si2C,0.0,6,0.0
Cu9Se4(Cl3O7)2,0.0,6,0.0
CsCu2AsS3,2.3,6,4.0
SrCrO4,2.45,6,4.0
PdS,0.5,6,0.0
Cd3Bi2,0.2,6,0.0
Sn1Se0.75S0.25,0.94,6,1.0
Cs2PdSe8,1.5,6,2.0
Tb(FeP3)4,0.0,6,0.0
Ta2TiN3,0.0,6,0.0
TiReN3,0.0,6,0.0
Ba2CaOsO6,0.0,6,0.0
KTa3CuO9,0.0,6,0.0
Sr(Sb3Ru)4,0.0,6,0.0
PrZn,0.0,6,0.0
NbHg3F6,0.0,6,0.0
Mg3Ru2,0.0,6,0.0
SrV13O18,0.0,6,0.0
Ba3Er2(PS4)4,3.3,6,5.0
In0.5Ga0.5P1,1.9,6,3.0
Tb(CoGe)2,0.0,6,0.0
ZrNiSn,0.0,6,0.0
CsYTe3O8,3.4,6,6.0
La2Pr2O7,0.0,6,0.0
MgRhF6,0.0,6,0.0
YbPr11Se16,0.0,6,0.0
LiFe2(SiO4)2,0.0,6,0.0
NaBiSe2,0.28,6,0.0
DyS2,0.0,6,0.0
K6Ta2.93Nb1.07S22,1.88,6,3.0
Si0.226Ge0.774,1.5,6,2.0
Rb3Nb2AsSe11,1.5,6,2.0
Yb2(ZnGe)3,0.0,6,0.0
Mg3Rh,0.0,6,0.0
PrTl2InSe4,0.93,6,1.0
Ba2DyGaTe5,1.13,6,1.0
BaAg2,0.0,6,0.0
K3Ga3Ge7Se20,2.23,6,3.0
LaInS2O,2.73,6,4.0
As2S5,2.48,6,4.0
Ce15B8N25,3.5,6,6.0
Sm2Se3,2.3,6,4.0
Mg5As,0.0,6,0.0
PW5O17,0.0,6,0.0
Bi2Se3,0.35,6,0.0
La2Zn(SeO)2,3.4,6,6.0
NdCuSO,2.98,6,5.0
CeSiIr,0.0,6,0.0
Yb3Al5O12,0.0,6,0.0
Zn0.9Ga0.1As0.1Se0.9,2.34,6,4.0
Cs2Cu2Sb2S5,1.6,6,2.0
K2ZnTe2,3.0,6,5.0
Pb1Se0.01S0.99,0.37,6,0.0
V3Cu,0.0,6,0.0
Tm2ZnOs,0.0,6,0.0
Li5Co2O2F5,0.0,6,0.0
PrAs,1.0,6,1.0
Rb2AgPS4,2.6,6,4.0
V3(HO2)4,0.0,6,0.0
TaTiFe2,0.0,6,0.0
Ba2GaBiS5,2.38,6,4.0
K3Cr2(PS4)3,1.35,6,2.0
DySn3,0.0,6,0.0
Nd2Ni7P4,0.0,6,0.0
Cs2Al2B2O7,4.13,6,7.0
CsAgSb4S7,2.04,6,3.0
Te0.05Pb1Se0.95,0.26,6,0.0
Ba3P3ClO10,6.89,6,7.0
Tl6Cu(TeO5)2,2.3,6,4.0
K2RuCl6,0.0,6,0.0
Lu3Ga,0.0,6,0.0
RbHg3,0.0,6,0.0
Nb5OF14,0.0,6,0.0
ScSnPd,0.0,6,0.0
RbB5(H2O3)4,0.0,6,0.0
MnP4,0.28,6,0.0
Hg7.5As4Cl6,1.73,6,3.0
Re3P4,0.0,6,0.0
In1Sb0.99As0.01,0.35,6,0.0
Li11Mn13O32,0.0,6,0.0
SrTl2,0.0,6,0.0
Nb3Os,0.0,6,0.0
SnPt3C,0.0,6,0.0
Ba2UCuO6,0.0,6,0.0
ZnHg3(SCl2)2,2.65,6,4.0
BaIn2(P2O7)2,3.97,6,7.0
HfSi,0.0,6,0.0
Ba4InAgSe6,2.41,6,4.0
KSi2P3,1.72,6,3.0
HgPS3,2.6,6,4.0
YTmCu2,0.0,6,0.0
ScHg,0.24,6,0.0
Er(InS2)3,1.28,6,2.0
IrSe2,0.9,6,1.0
KBaSbSe3,2.04,6,3.0
Cu3(P2O7)2,0.0,6,0.0
NaCd4P3,1.1,6,1.0
SmNi2B2C,0.0,6,0.0
Nb2Pb2Se4O15,2.79,6,4.0
ZrCrSi2,0.0,6,0.0
BaPd(IO3)4,1.97,6,3.0
Nb3Te,0.0,6,0.0
TmAs,1.18,6,2.0
Mn3PdN,0.0,6,0.0
CrCo2Bi,0.0,6,0.0
Ge0.1Pb0.9Se0.9S0.1,0.32,6,0.0
Ba2ErGaTe5,1.15,6,2.0
DyZrSb,0.0,6,0.0
PrAgAs2,0.0,6,0.0
AgBr,2.52,6,4.0
BaAg,0.0,6,0.0
Sc2MnC,0.0,6,0.0
In0.01Ga0.99As0.99P0.01,1.43,6,2.0
LaZnAsO,1.5,6,2.0
Ba3Nb2Se9,1.3,6,2.0
Te2Mo(WS2)3,0.0,6,0.0
Ce3Al,0.0,6,0.0
Dy2Sn5,0.0,6,0.0
La3Si1Sb0.33S7,1.92,6,3.0
La2VNiO6,0.45,6,0.0
Dy5Sn3,0.0,6,0.0
Na2Zn(GeSe3)2,2.36,6,4.0
Ag(AuS)2,0.0,6,0.0
La16Mn15O48,0.0,6,0.0
TmMnO3,0.0,6,0.0
Bi0.002Te0.003Pb0.999Se0.999,0.79,6,1.0
CaTi4O8,0.0,6,0.0
VBi(SeO4)2,2.2,6,3.0
LiZrRh2,0.0,6,0.0
Cd1Se0.01S0.99,2.4,6,4.0
ThTeO,1.45,6,2.0
Ce2Co5B2,0.0,6,0.0
Cd0.05In0.95Te0.05As0.95,0.68,6,1.0
Ho2S3,0.5,6,0.0
BaMn4ZnO8,0.0,6,0.0
SrS,4.76,6,7.0
Zn3Cu,0.0,6,0.0
Al2Ru,0.0,6,0.0
K4Al4Si19,1.4,6,2.0
EuO,1.12,6,1.0
NaTl,0.0,6,0.0
Rb2NbCuSe4,2.19,6,3.0
Yb16S29,0.0,6,0.0
Tm2MgRu,0.0,6,0.0
Ce8Sb2S15,1.99,6,3.0
Th2In,0.0,6,0.0
LiGaAu2,0.0,6,0.0
YB2Rh2C,0.0,6,0.0
Al6Tc,0.0,6,0.0
Nb5Ge3,0.0,6,0.0
Al9Ir2,0.0,6,0.0
Nd(CoSi)2,0.0,6,0.0
Nd2O3,4.4,6,7.0
NaAsO3,0.0,6,0.0
HfZnNi2,0.0,6,0.0
Ge0.06Te0.06Pb0.94Se0.94,0.28,6,0.0
CsTbZnTe3,2.12,6,3.0
V3As2O9,0.76,6,1.0
Sn0.2Te1Pb0.8,0.08,6,0.0
Pr2Se3,1.8,6,3.0
Ca6Ag16N,0.0,6,0.0
Dy12C6I17,0.0,6,0.0
Ca2NiIrO6,0.0,6,0.0
Mg(TiS2)4,0.0,6,0.0
Na2In2GeSe6,2.47,6,4.0
NdMg2,0.0,6,0.0
Zn0.86Hg0.14Te1,1.66,6,2.0
Bi2AsClO4,3.43,6,6.0
PrSmO2,0.0,6,0.0
ZrAu4,0.0,6,0.0
CsIr,0.0,6,0.0
K2Ho4Cu4S9,2.43,6,4.0
TlCr5(SeS3)2,0.94,6,1.0
Tl2TeBr6,2.06,6,3.0
CdPd,0.0,6,0.0
Li9Fe3(WO4)7,0.0,6,0.0
LiY(CuP)2,0.0,6,0.0
Ba3(AlGe)2,0.0,6,0.0
NdAs,1.04,6,1.0
Ce8U2O21,0.0,6,0.0
K10Mn4Sn4S17,2.3,6,4.0
BeGaRh2,0.0,6,0.0
LiSbTe2,0.13,6,0.0
Ga4SnS7,3.1,6,5.0
Y(TiGa2)2,0.0,6,0.0
SiP2,1.89,6,3.0
TiZn3,0.0,6,0.0
NaBiS2,0.38,6,0.0
Hf3(NiGe)4,0.0,6,0.0
TmSnRh,0.0,6,0.0
TbNiGe2,0.0,6,0.0
Sc(TiN)9,0.0,6,0.0
CrBi2I2O11,2.4,6,4.0
UPt3,0.0,6,0.0
BaYbSn3,0.0,6,0.0
Zn0.8Hg0.2Te1,1.4,6,2.0
VCo,0.0,6,0.0
Y4GaSbS9,2.06,6,3.0
Eu(AsPd)2,0.0,6,0.0
BRh2,0.0,6,0.0
Ti2BRh6,0.0,6,0.0
LiHoAu2,0.0,6,0.0
U2Cu2As3O,0.0,6,0.0
Ti3SnC2,0.0,6,0.0
Ce2CrN3,0.0,6,0.0
TaTlS3,0.78,6,1.0
Li0.33Ti0.67Ag1O2,2.7,6,4.0
ZrSiTe,0.0,6,0.0
Ag8GeS6,1.18,6,2.0
RbMoPO6,2.96,6,5.0
La2Ga0.33Sb1S5,1.76,6,3.0
AlCuTe2,2.06,6,3.0
Zr6Sb2Pt,0.0,6,0.0
ScSbRh2,0.0,6,0.0
Al0.35Ga0.65As1,2.0,6,3.0
CsLu7Se11,1.78,6,3.0
In5CuS8,1.34,6,2.0
YSi2,0.0,6,0.0
In(PSe2)2,1.29,6,2.0
CsMn4In5Se12,1.79,6,3.0
Sc2TlTc,0.0,6,0.0
Tl4CuTeO6,2.2,6,3.0
In2Bi3Se7I,1.38,6,2.0
LiGaPd2,0.0,6,0.0
K3Nb2AsSe11,1.53,6,2.0
VP,0.0,6,0.0
KBi2,0.0,6,0.0
Yb23Mg4Cu7,0.0,6,0.0
RbSbO3,0.0,6,0.0
Eu2Se3,1.02,6,1.0
EuTiO3,0.0,6,0.0
Li2InAg,0.0,6,0.0
Al0.6Ga0.4As1,2.3,6,4.0
Mg2Cu,0.0,6,0.0
NbPt2,0.0,6,0.0
Al21Pt8,0.0,6,0.0
EuS,1.65,6,2.0
Zr5Sn4,0.0,6,0.0
SiP,2.0,6,3.0
CeAl2Pd5,0.0,6,0.0
Pr7Mn8O24,0.0,6,0.0
EuAgSb,0.0,6,0.0
In1Sb0.3As0.7,0.11,6,0.0
In0.4Ga0.6P1,2.05,6,3.0
BaLa2Te5O14,3.81,6,6.0
ReBiO3,0.0,6,0.0
UCoSi,0.0,6,0.0
TbZn2,0.0,6,0.0
MnInCu2,0.0,6,0.0
Bi2SeI2O11,3.7,6,6.0
Sn0.35Te0.35Pb0.65Se0.65,0.09,6,0.0
Pr2Te4O11,3.65,6,6.0
Rb2Cd3Te4,2.3,6,4.0
AsP,0.23,6,0.0
Cu2WSe4,1.65,6,2.0
Ca(AlZn)2,0.0,6,0.0
Cs1.13Cd1.13Bi2.87Se6,1.0,6,1.0
Na11Ti20O40,0.0,6,0.0
Rb4Ag9(SbS3)4,2.0,6,3.0
ScGa2,0.0,6,0.0
La5SmS8,0.0,6,0.0
Bi2Te0.9Se2.1,0.28,6,0.0
Ho2HfS5,1.0,6,1.0
Gd2Mn4S7,1.44,6,2.0
TeWCl9,0.0,6,0.0
ICl2,0.0,6,0.0
NbRu2Cl,0.0,6,0.0
Ba2CuWO6,0.0,6,0.0
MgCo2(PO5)2,0.0,6,0.0
TiO2,3.3,6,5.0
KMo6S7,0.0,6,0.0
La1Se0.14S1.86,2.5,6,4.0
Er2Mg3Ru,0.0,6,0.0
Mn2Hg5,0.0,6,0.0
SmSb2,0.0,6,0.0
Ba5Bi3,0.0,6,0.0
PmCd3,0.0,6,0.0
Sc5Pb3,0.0,6,0.0
Sr8.007Ge2.043Bi7.949Se24,0.74,6,1.0
Li15(FeO4)4,0.0,6,0.0
Al0.45Cd0.55Sb0.45Te0.55,1.93,6,3.0
Dy2O3,5.0,6,7.0
Zn2InCuTe4,1.05,6,1.0
V2TcRu,0.0,6,0.0
Na2Si2Hg3S8,2.86,6,5.0
Rb7Th2(P2Se7)3,2.07,6,3.0
Tb10B7C10,0.0,6,0.0
Ba3FeS4Br,1.65,6,2.0
GdCd2,0.0,6,0.0
Rb2Pt(IO3)6,2.4,6,4.0
K4(ZrSe5)3,1.81,6,3.0
YTi4(CuO4)3,0.0,6,0.0
Al(NiS2)2,0.0,6,0.0
CaGe2,0.0,6,0.0
Tl2InGaSe4,2.05,6,3.0
LiMn(PO4)2,0.0,6,0.0
Cs(MoO3)3,0.0,6,0.0
Cd0.8Hg0.2Se1,0.45,6,0.0
La20Cu9O40,0.0,6,0.0
CaVO2,0.0,6,0.0
Ni2Te3O8,3.84,6,6.0
YbDyPd2,0.0,6,0.0
Ni2Ge,0.0,6,0.0
K3Hg,0.0,6,0.0
LaCuSeO,2.83,6,4.0
V2ZnO4,0.0,6,0.0
U2Zn17,0.0,6,0.0
Li5Fe6(BO3)6,0.0,6,0.0
SrZnSb2,0.0,6,0.0
Cs2TeBr6,2.12,6,3.0
Rb4Ga4Si19,1.18,6,2.0
Bi2Pt,0.0,6,0.0
BiBrO,2.92,6,5.0
Ni3S4,0.0,6,0.0
Li2Mo2Se2O11,3.3,6,5.0
ZnAgF5,0.0,6,0.0
LiSm3SiS7,2.83,6,4.0
YbTlSe2,0.0,6,0.0
ThBi2,0.0,6,0.0
LiB3,2.0,6,3.0
AgGeO3,0.0,6,0.0
HgTe,0.15,6,0.0
Dy2MgIn,0.0,6,0.0
Ga1.95Cu0.05S2.95,2.64,6,4.0
Ga1.65Cu0.35S2.65,2.53,6,4.0
K2Cd3S4,2.75,6,4.0
Zn0.5Ga0.5P0.5Se0.5,2.13,6,3.0
GdPbAu,0.0,6,0.0
CdCu2GeSe4,1.2,6,2.0
Tl2Se,0.37,6,0.0
Si0.3Ge0.7,0.88,6,1.0
Tl2Te3As2Se,0.67,6,1.0
Ni3Ge,0.0,6,0.0
K2SmP2S7,2.59,6,4.0
DyBiPt,0.0,6,0.0
U(CuP)2,0.0,6,0.0
CeNbO4,0.0,6,0.0
DyAg,0.0,6,0.0
Li3Ti3(PO4)4,0.0,6,0.0
Ba2NaCu3S5,0.45,6,0.0
Bi3BTeO9,2.6,6,4.0
BaGa2SiS6,3.75,6,6.0
Al0.99Ga0.01P1,2.49,6,4.0
KSnAuS3,2.3,6,4.0
Ga0.07Te1Pb0.93,0.34,6,0.0
Ca2Si,1.9,6,3.0
LaBPt3,0.0,6,0.0
RbCd4Ga5Te12,1.64,6,2.0
Mg(CoS2)2,0.0,6,0.0
Ti10O11,0.0,6,0.0
La(Ni2B)6,0.0,6,0.0
Hg3PS3,1.98,6,3.0
Sn0.08Te1Pb0.92,0.13,6,0.0
Sn1Se0.2S0.8,1.03,6,1.0
Sr2ScSbO6,3.57,6,6.0
LiLu2Tc,0.0,6,0.0
RbCu2AsS3,1.96,6,3.0
Ta11(CuO15)2,2.59,6,4.0
Te2W2SeS,0.0,6,0.0
Rb28(Mg3In17)3,0.0,6,0.0
Li3Ti2(PO4)3,0.0,6,0.0
SnRh,0.0,6,0.0
Tb2C3,0.0,6,0.0
Ce(CuSb)2,0.0,6,0.0
La2Fe(SeO)2,0.7,6,1.0
TiI,0.0,6,0.0
Cu3SbSe4,0.31,6,0.0
Ag8SnSe6,0.71,6,1.0
Hf2Al3C4,0.0,6,0.0
TaN,2.3,6,4.0
Ge0.05Te1Pb0.95,0.34,6,0.0
Zn0.99Ga0.01P0.01Se0.99,2.6,6,4.0
Ba4Ga5Si18,0.31,6,0.0
Tb3FeB7,0.0,6,0.0
SmErMg2,0.0,6,0.0
TbCu5,0.0,6,0.0
Ga1.001Sb0.999Te0.003,0.72,6,1.0
CeSi2Pt,0.0,6,0.0
Ba2HgS5,2.4,6,4.0
Tl3Cr,0.0,6,0.0
RbYbZnSe3,2.07,6,3.0
ZnSiAs2,2.12,6,3.0
DyBPd3,0.0,6,0.0
YZn5,0.0,6,0.0
Si2Pd9,0.0,6,0.0
Na3Zn(BO2)5,3.2,6,5.0
Ba5Cd(Ga2Se5)3,2.6,6,4.0
Fe2B(PO4)3,3.52,6,6.0
BSe2Cl,0.0,6,0.0
Li2U(MoO5)2,0.0,6,0.0
ZrO2,4.99,6,7.0
Cs2ZnSn3Se8,2.12,6,3.0
CsSbSe2,1.7,6,3.0
Ba3CaRu2O9,0.0,6,0.0
Zr(Fe2Si)2,0.0,6,0.0
LiAl3,0.0,6,0.0
Tm3(GePd)4,0.0,6,0.0
Si0.03Ge0.97,0.67,6,1.0
In2As2Cl2O5,4.62,6,7.0
ZrTe,0.0,6,0.0
Cd0.2In2.4Ag0.4Te4,0.42,6,0.0
In3AgTe5,0.68,6,1.0
CdRhF6,0.0,6,0.0
EuGe3Pt,0.0,6,0.0
CdHIO4,4.35,6,7.0
Sc2GaIr,0.0,6,0.0
Ba2SmInSe5,2.22,6,3.0
Ba5V3O12F,3.85,6,6.0
Li3CrCo3O8,0.0,6,0.0
Sb2PbSe4,1.8,6,3.0
Ho2Co17,0.0,6,0.0
K2Ti(CuS2)2,2.04,6,3.0
Ta2Mn3O8,1.89,6,3.0
Rb2VAgS4,1.83,6,3.0
Eu(Ni2B)6,0.0,6,0.0
Nd(CoGe)2,0.0,6,0.0
TcSe2,0.88,6,1.0
BaPdSe6,2.15,6,3.0
Er2Fe14B,0.0,6,0.0
TiTlSe2,0.56,6,0.0
V3CuO8,0.0,6,0.0
Li3Co3SbO8,0.0,6,0.0
Ba2YReO6,0.0,6,0.0
U4N7,0.0,6,0.0
Al0.99Cd0.01Sb0.99Te0.01,2.21,6,3.0
K6Ta1.03Nb2.97S25,2.01,6,3.0
LiTm2Rh,0.0,6,0.0
Lu3TlC,0.0,6,0.0
DyB6,3.3,6,5.0
Mg3(Ni10B3)2,0.0,6,0.0
Tl4CdI6,2.8,6,4.0
Cs2Mo15S19,0.0,6,0.0
Li(NiO2)4,0.0,6,0.0
Cs2Cd0.25Hg5.75S7,1.66,6,2.0
Cd0.7Hg0.3Se1,0.55,6,0.0
Zn(Bi19O29)2,2.88,6,5.0
ScCd,1.71,6,3.0
RuS2,1.8,6,3.0
CaGaAu3,0.0,6,0.0
B2Mo(PbO2)6,2.9,6,5.0
Pm2PtAu,0.0,6,0.0
Ba4InCuSe6,2.23,6,3.0
RbPPbO4,4.35,6,7.0
MgInAg2,0.0,6,0.0
V3Si,0.0,6,0.0
BaSn2S5,2.35,6,4.0
K3Ta2AsSe11,1.45,6,2.0
K3UF3,0.0,6,0.0
SrB6,3.68,6,6.0
Ga3SiAg3Se8,2.3,6,4.0
TiC,0.0,6,0.0
MnCdO2,0.0,6,0.0
La2B4Rh5,0.0,6,0.0
Bi2Te1.2Se1.8,0.28,6,0.0
GdScS3,2.1,6,3.0
Cd0.5In2.25Ag0.25Te4,0.39,6,0.0
Sm2(SnSe3)3,0.7,6,1.0
Sr2GeN2,0.0,6,0.0
Mg3Ga7Co2,0.0,6,0.0
Fe2S,0.0,6,0.0
CdF2,6.0,6,7.0
Cd3Te2MoO10,3.81,6,6.0
In5Se6,0.14,6,0.0
BaTaNO2,1.78,6,3.0
BaZnSO,3.9,6,6.0
La(SiRu)2,0.0,6,0.0
Pr(CoAs)2,0.0,6,0.0
Sm(NiSn)2,0.0,6,0.0
BeSiOs2,0.0,6,0.0
LiHfPd2,0.0,6,0.0
SbPt3,0.0,6,0.0
Yb(GaS2)2,2.3,6,4.0
P2Se5,2.2,6,3.0
AsPd3Pb2,0.0,6,0.0
NdErZn2,0.0,6,0.0
Li2FeWO6,0.0,6,0.0
ThSi2Ru3,0.0,6,0.0
BaNa2SnSe4,2.46,6,4.0
Bi2Te2.7Se0.3,0.2,6,0.0
Ga1As0.99P0.01,1.37,6,2.0
Tl2.35Sb8.65Se14,0.6,6,1.0
Zn4.5Ga1Sn0.5O7,3.0,6,5.0
Mg3Sb2,0.8,6,1.0
Cd0.75In2.1Ag0.2Te4,0.54,6,0.0
NaSi2Pd3,0.0,6,0.0
KAg2SbS4,2.2,6,3.0
AlCu3,0.0,6,0.0
Rb2Cd3S4,2.92,6,5.0
PrCd,0.0,6,0.0
Yb(AlGe)2,0.0,6,0.0
LiNi2(PO4)3,0.0,6,0.0
Cs3Sb2I9,1.89,6,3.0
Be22Re,0.0,6,0.0
Pr(BiO3)2,0.0,6,0.0
AgBiPbSe3,0.13,6,0.0
GdTe,1.3,6,2.0
LiTi11O20,0.0,6,0.0
Ba8Sn4S15,2.31,6,4.0
NaSm(PS3)2,2.54,6,4.0
Li3GaTe4O11,3.85,6,6.0
HfCo3B2,0.0,6,0.0
NaSb,0.82,6,1.0
Cu23(Sb4S13)2,0.0,6,0.0
TiBr2,0.0,6,0.0
Na15Sn4,0.0,6,0.0
Bi4Pd(SeO3)4,2.06,6,3.0
SmInAu,0.0,6,0.0
Pr(MnSi)2,0.0,6,0.0
LiPr2Ru,0.0,6,0.0
Tm4In(NiGe2)2,0.0,6,0.0
Cs5P5Se12,2.17,6,3.0
Ga1.85Cu0.15Se2.85,1.92,6,3.0
In0.72Ga0.28As1,0.55,6,0.0
BiSbTe3,0.19,6,0.0
Tl8Os8O27,0.0,6,0.0
KEuAsS4,1.89,6,3.0
CaTiO2,0.0,6,0.0
Er5NiPb3,0.0,6,0.0
Ga1.001Sb0.999Se0.003,0.71,6,1.0
V3SiNi2,0.0,6,0.0
USi3,0.0,6,0.0
Rb2Cd3(B4O7)4,4.76,6,7.0
Sr(RuO3)2,0.0,6,0.0
LaScSi,0.0,6,0.0
Li2CrCuO4,0.0,6,0.0
Ge0.05Pb0.95Se0.95S0.05,0.29,6,0.0
BaSnO3,3.1,6,5.0
Au3S,0.0,6,0.0
TiNiSb,0.42,6,0.0
Ti2CoGe,0.0,6,0.0
Ge(SeO3)2,5.27,6,7.0
FeCo2Si,0.0,6,0.0
Zn0.6Ga0.4As0.4Se0.6,1.8,6,3.0
BaTl(MoO3)2,0.0,6,0.0
Sn3Pd,0.0,6,0.0
BeFe2Si,0.0,6,0.0
LiIn2Rh,0.0,6,0.0
Ca11Bi10,0.0,6,0.0
Ba2YInTe5,1.36,6,2.0
Tb4Al2O9,4.59,6,7.0
KRbBi8Se13,0.64,6,1.0
Ho5Si4,0.0,6,0.0
UNiSn,0.0,6,0.0
Ba3BSbS6,2.62,6,4.0
Nb2(CoO3)3,0.0,6,0.0
BiTeI,0.46,6,0.0
Lu2TlAg,0.0,6,0.0
RbLiCO3,6.28,6,7.0
YAs,0.0,6,0.0
AgAsSe2,1.4,6,2.0
Pr4MgRu,0.0,6,0.0
TeO2,3.0,6,5.0
Cd1Se0.99S0.01,1.68,6,2.0
Li3Si3Ag2,0.0,6,0.0
CeHSe,0.0,6,0.0
MnSb3(PO4)6,0.0,6,0.0
LuSiIr,0.0,6,0.0
CdAg2GeS4,2.32,6,4.0
La2PC,0.0,6,0.0
NaSc(SeO3)2,5.5,6,7.0
KAg2PS4,3.02,6,5.0
LiSiRh2,0.0,6,0.0
Bi2Te2SO10,3.6,6,6.0
BaReH9,3.44,6,6.0
LaSi,0.0,6,0.0
BMo,0.0,6,0.0
ScCoGe2,0.0,6,0.0
YbZnAu2,0.0,6,0.0
NdErTl2,0.0,6,0.0
CsInSnS4,2.9,6,5.0
MnSnRu2,0.0,6,0.0
LiSiPd2,0.0,6,0.0
Ba2SnSe5,1.8,6,3.0
Zr3NiO,0.0,6,0.0
RbCd(BO2)3,4.2,6,7.0
TcB,0.0,6,0.0
TlBiTe2,0.12,6,0.0
Li5Cr2Ni5O12,0.0,6,0.0
Li2Ga(GeSe3)2,2.64,6,4.0
Rb2Na2IrO4,0.0,6,0.0
Na2In2GeS6,3.17,6,5.0
YV(BiO4)2,2.09,6,3.0
ErAl9(Fe2Si3)2,0.0,6,0.0
Ba4LiGa5Se12,2.65,6,4.0
LaCuSO,3.1,6,5.0
TmCdAg2,0.0,6,0.0
YbTe,1.8,6,3.0
BiP3(PbO4)3,3.7,6,6.0
MnO,3.6,6,6.0
Ta2Nb3O12,0.0,6,0.0
TmPd,0.0,6,0.0
Sr5Cd2Sb5F,0.0,6,0.0
TlCr5Se7S,0.71,6,1.0
RbPdF3,0.0,6,0.0
CsGeB3O7,5.76,6,7.0
Si0.6Ge0.4,0.94,6,1.0
Gd(SiRu)2,0.0,6,0.0
MgIn3,0.0,6,0.0
Li3Fe(SbO3)4,0.0,6,0.0
TbBRh3,0.0,6,0.0
Ag2BBr,0.0,6,0.0
NaCeS3,2.15,6,3.0
Eu2Ga2GeS7,2.3,6,4.0
FeCuTe2,0.16,6,0.0
Hg2Rh,0.0,6,0.0
BaDy2CuO5,0.0,6,0.0
MgTe,3.6,6,6.0
ErZn12,0.0,6,0.0
Li2(LuGe)3,0.0,6,0.0
LiFe2(PO4)3,0.0,6,0.0
Zr1.33Ta0.67N2.61O0.42,1.93,6,3.0
Sn0.23Te1Pb0.77,0.04,6,0.0
NdScGe,0.0,6,0.0
RuSe2,1.0,6,1.0
Ca2CdPb,0.0,6,0.0
In0.4Ga0.6As0.4P0.6,1.85,6,3.0
Na8Hg3,0.0,6,0.0
Cs2NaMnF6,0.0,6,0.0
Gd(CuS)3,1.62,6,2.0
TiOs3,0.0,6,0.0
ZnB12(H5O12)2,4.6,6,7.0
LiErAu2,0.0,6,0.0
RbCaBO3,3.67,6,6.0
Cd0.5In2.2Ag0.4Te4,0.19,6,0.0
Cr3N2,0.0,6,0.0
TmCoSi2,0.0,6,0.0
Tm2AlOs,0.0,6,0.0
CaIrO3,0.0,6,0.0
TbTl,0.0,6,0.0
Mg23Al30,0.0,6,0.0
Tl2Hg3Te4,0.9,6,1.0
Ti2OsRu,0.0,6,0.0
ScGe2,0.0,6,0.0
Mn2Cu(PO4)3,0.0,6,0.0
LiTm2Ru,0.0,6,0.0
Na0.5Ge1Pb1.75S4,2.08,6,3.0
PrGe5,0.0,6,0.0
KFe2BiO5,1.76,6,3.0
In1Sb0.1As0.9,0.14,6,0.0
DyGe,0.0,6,0.0
Sm2Tl,0.0,6,0.0
In2FeSe4,1.15,6,2.0
Rb3Al3Ge7Se20,2.4,6,4.0
RbIn4,0.0,6,0.0
K2Th(CuS2)2,2.17,6,3.0
Rh0.67Se2,0.7,6,1.0
InHg7S6Cl5,2.54,6,4.0
Mn2P,0.0,6,0.0
Cs3Nb2AsSe11,1.35,6,2.0
Cs0.4K0.6P1Se6,2.1,6,3.0
Cd0.9Hg0.1Se1,0.35,6,0.0
Si0.7Ge0.3,1.0,6,1.0
Ga1.01Cu0.99Se2.01,1.59,6,2.0
LiCo(CO3)2,0.0,6,0.0
PrFeGe2,0.0,6,0.0
Mg2Si,2.27,6,4.0
La2Ga2GeS8,2.78,6,4.0
Cd(GaS2)2,3.4,6,6.0
YbTlS2,0.0,6,0.0
Li13Ti22O48,0.0,6,0.0
Cr2CuTe4,0.0,6,0.0
KLiCO3,6.32,6,7.0
Na6CoSe4,0.0,6,0.0
BaUSe3,1.0,6,1.0
YbAl3,0.0,6,0.0
Zr5Al3,0.0,6,0.0
Ge0.01Te1Pb0.99,0.32,6,0.0
Nd2Ge5Rh3,0.0,6,0.0
Ba2B4H2O9,5.12,6,7.0
InPt3C,0.0,6,0.0
KAsSe2,1.62,6,2.0
Te2Mo3Se4,0.0,6,0.0
Cs2VAgS4,1.77,6,3.0
CsNi2F6,0.0,6,0.0
Li5La3Nb14O42,0.0,6,0.0
Mg2V9O13,0.0,6,0.0
BiBr3,2.66,6,4.0
Al0.99In0.01P1,2.4,6,4.0
SiW3,0.0,6,0.0
Zn0.92Hg0.08Te1,1.9,6,3.0
SrIn2,0.0,6,0.0
P2O5,0.0,6,0.0
Y4CuTe8,0.0,6,0.0
Li4Ni2(PO4)3,0.0,6,0.0
CeGaO3,0.0,6,0.0
CuPS3,2.2,6,3.0
Cs2DyCu3Te4,1.38,6,2.0
Zn3Cd,0.0,6,0.0
SmS,2.3,6,4.0
NdNiC2,0.0,6,0.0
BaB6,2.64,6,4.0
LiZn(Fe5O8)2,0.0,6,0.0
Sr7Bi23O40,0.0,6,0.0
Y2C3,0.0,6,0.0
CrSb2,0.14,6,0.0
Eu(ClO4)3,0.0,6,0.0
Hf5CuPb3,0.0,6,0.0
Al7(CN)3,0.0,6,0.0
SbOsSe,0.4,6,0.0
Re5(NiAs6)2,0.0,6,0.0
Li8BiS6,0.0,6,0.0
CdCu(SeO3)2,3.33,6,5.0
InPt,0.0,6,0.0
CeMg2Ag,0.0,6,0.0
HoInPt,0.0,6,0.0
InAu3,0.0,6,0.0
ThHg2,0.0,6,0.0
Ho2Ge5Rh3,0.0,6,0.0
Bi2(MoO4)3,2.9,6,5.0
Ba2ScIrO6,0.0,6,0.0
NdAl7Au3,0.0,6,0.0
ThAsSe,0.0,6,0.0
LuAlAg2,0.0,6,0.0
Fe2O3,2.2,6,3.0
CeMgZn2,0.0,6,0.0
Nb6Co7,0.0,6,0.0
Y3GaCo3,0.0,6,0.0
In0.1Ga0.9As0.9P0.1,1.6,6,2.0
CaPb,0.0,6,0.0
Ni3Pt,0.0,6,0.0
SrLi2Sn,0.0,6,0.0
NbHO3,0.0,6,0.0
As2Ir,1.0,6,1.0
Sb2I2F11,0.0,6,0.0
SbTeI,1.25,6,2.0
LiV2NiO6,0.0,6,0.0
YAgO3,0.0,6,0.0
LiMn2(PO4)2,0.0,6,0.0
CsYbMnSe3,1.59,6,2.0
LiCo7O7F,0.0,6,0.0
IrPb,0.0,6,0.0
Mn5O3F5,0.0,6,0.0
Hf2S,0.0,6,0.0
Li7Ca8Nb12O40,0.0,6,0.0
CsAg2TeS6,2.04,6,3.0
Al0.5Ga0.5As1,2.12,6,3.0
MnGaNi2,0.0,6,0.0
IrSeS,1.2,6,2.0
Co7Mo6,0.0,6,0.0
Ce5(SiN3)3,0.0,6,0.0
Zr1.33Ta0.67N1.63O1.89,2.48,6,4.0
K2Cd3Se4,2.36,6,4.0
Li2CrCo3O8,0.0,6,0.0
ZrNiGe,0.0,6,0.0
Er4NiB13,0.0,6,0.0
EuScO3,0.0,6,0.0
Tl2CdTe4,0.0,6,0.0
Zn0.25Ga0.75P0.75Se0.25,2.18,6,3.0
NaLaS3,2.61,6,4.0
PmMgAu2,0.0,6,0.0
Li2ZnGe,1.1,6,1.0
ReSi2,0.12,6,0.0
CrH9(CN2)3,0.0,6,0.0
Pb2SeN2O9,3.76,6,6.0
Y(Al5Fe)2,0.0,6,0.0
BiSeO3F,3.83,6,6.0
YbPr2CuS5,1.25,6,2.0
Ge0.41Te1Pb0.59,0.49,6,0.0
Er2O3,5.42,6,7.0
MgSi7Ir3,0.0,6,0.0
SbTeOs,0.05,6,0.0
TcS2,1.0,6,1.0
Gd3S4,0.0,6,0.0
CsGeI3,1.6,6,2.0
Cd0.3Hg0.7Se1,1.1,6,1.0
Li3VOF5,0.0,6,0.0
Li2NdSb2,0.0,6,0.0
Ce2Cu(NO)2,0.0,6,0.0
Y3GaS6,2.88,6,5.0
Lu2Mn12P7,0.0,6,0.0
NbCrW,0.0,6,0.0
Ga1.6Cu0.4S2.6,2.45,6,4.0
Ga1As0.6P0.4,1.91,6,3.0
Dy6FeTe2,0.0,6,0.0
SbSeBr,1.84,6,3.0
La2HfS5,0.7,6,1.0
Hf2Hg,0.0,6,0.0
In1.5Cu0.5Se2.5,1.24,6,2.0
PmSnRh2,0.0,6,0.0
Zr6O,0.18,6,0.0
Ge0.15Te1Pb0.85,0.36,6,0.0
Sm2Mn3(SbS3)4,1.5,6,2.0
Zn2BIr2,0.0,6,0.0
TbSnAu,0.0,6,0.0
Sn0.17Te1Pb0.83,0.15,6,0.0
In3Pd5,0.0,6,0.0
Pr2InPd2,0.0,6,0.0
EuClO,0.0,6,0.0
Ag5IO6,1.4,6,2.0
B6P,3.3,6,5.0
CrO3,1.4,6,2.0
LiMnO2,0.0,6,0.0
Ho5(Ge5Rh2)2,0.0,6,0.0
RbUAgS3,0.0,6,0.0
Cs3Sb,1.6,6,2.0
Rb9Bi13S24,1.3,6,2.0
PrO,0.55,6,0.0
Eu7(Ga3Sb4)2,0.6,6,1.0
BaLa2CoS5,0.0,6,0.0
Co1Te1.88,0.2,6,0.0
EuCuSeO,0.0,6,0.0
Al0.05Cd0.95Sb0.05Te0.95,1.37,6,2.0
HoC2,0.0,6,0.0
CdBr2,4.47,6,7.0
Nb2Sb,0.0,6,0.0
K2Mn3S4,0.0,6,0.0
KUClO3,2.37,6,4.0
Dy3InC,0.0,6,0.0
RbBi2,0.0,6,0.0
LiCa2Mg,0.0,6,0.0
SrUS2,0.0,6,0.0
RbInGeS4,3.1,6,5.0
Sn0.2Pb0.8Se1,0.06,6,0.0
CuP2(HO3)2,0.0,6,0.0
SmCo2,0.0,6,0.0
ZnCu2SiTe4,1.47,6,2.0
Li15Mn2O12,0.0,6,0.0
Ba2ZnTe3,2.1,6,3.0
Zn0.42Ga0.58As0.58Se0.42,1.67,6,2.0
Sn0.03Te1Pb0.97,0.21,6,0.0
Gd3Co11B4,0.0,6,0.0
Al0.15Ga0.85As1,1.6,6,2.0
U3Cu2Se7,0.0,6,0.0
Tb4GaSbS9,2.44,6,4.0
MnFeCoGe,0.0,6,0.0
CdI2,3.8,6,6.0
TbGa,0.0,6,0.0
LiScHg2,0.0,6,0.0
LiBi2(PO4)3,0.0,6,0.0
Yb2MgS4,0.0,6,0.0
Er6MnBi2,0.0,6,0.0
TaAs,0.0,6,0.0
KNb2Se,0.0,6,0.0
SnGeS3,2.23,6,3.0
Tm(CoSi)2,0.0,6,0.0
Eu3BWO9,0.0,6,0.0
Mn2AlO4,0.0,6,0.0
TlN3,3.58,6,6.0
MnPSe3,2.5,6,4.0
La3CuGeSe7,2.0,6,3.0
Cs4Ge(PSe3)4,2.0,6,3.0
Er2C3,0.0,6,0.0
CaIn4Ir,0.0,6,0.0
Ba2V4(TeO6)3,2.64,6,4.0
KAg2AsS3,2.25,6,3.0
Nb(Cl2O)2,0.0,6,0.0
Er3SnC,0.0,6,0.0
CrNi3,0.0,6,0.0
Sm(CuTe)3,0.23,6,0.0
Nd4MgRu,0.0,6,0.0
Sr3Se3ClO8,4.4,6,7.0
NiO,4.0,6,7.0
Gd3Al0.74Si0.7S7,2.34,6,4.0
Ca11Ga7,0.0,6,0.0
CoPS,0.4,6,0.0
Eu3Sb4S9,1.2,6,2.0
YbB66,1.27,6,2.0
NdIn5Rh,0.0,6,0.0
YTiO3,0.0,6,0.0
Ti3Fe3O,0.0,6,0.0
NdPt,0.0,6,0.0
EuCu9Sn4,0.0,6,0.0
Ga1Sb0.95As0.05,1.28,6,2.0
Hf2ReRh,0.0,6,0.0
PtS2,0.75,6,1.0
KZrPSe6,2.0,6,3.0
Sm2Sc3,2.3,6,4.0
SrSbAu,0.0,6,0.0
Ti3Cu3O,0.0,6,0.0
In9AgTe14,1.5,6,2.0
Na5Cu7O13,0.0,6,0.0
Cu2Sb,0.0,6,0.0
U(Al2Fe)4,0.0,6,0.0
Bi2Pd3S2,0.0,6,0.0
KInGeS4,3.1,6,5.0
CeCdAu2,0.0,6,0.0
TlHg6Se4Br5,2.8,6,4.0
Sr2TiO4,3.41,6,6.0
Eu(FeSi)2,0.0,6,0.0
Y(CuSi)2,0.0,6,0.0
Eu(GaSe2)2,2.16,6,3.0
K2NbO6,0.0,6,0.0
Bi2Te2Se,0.3,6,0.0
Cs2SiB4O9,6.53,6,7.0
Sn0.08Pb0.92Se1,0.06,6,0.0
Rb4Ge3B6O17,5.42,6,7.0
Sc2Fe,0.77,6,1.0
In1Sb0.6As0.4,0.13,6,0.0
Mg3Tl,0.0,6,0.0
PrGaAu2,0.0,6,0.0
La3Ga1Ge0.5S7,2.54,6,4.0
Ba2LaIrO6,0.0,6,0.0
Si0.999Ge0.001,1.09,6,1.0
Cs2AgBiBr6,2.19,6,3.0
SrSeO4,4.75,6,7.0
BSbPbS4,1.8,6,3.0
ScZn2,0.0,6,0.0
Zn0.9Hg0.1Te1,1.74,6,3.0
RbAg2SbS4,2.3,6,4.0
Rb2GeB4O9,5.54,6,7.0
Th(MnGe)2,0.0,6,0.0
SrPbO3,1.78,6,3.0
KCu3S2,1.46,6,2.0
NaCdO3,0.0,6,0.0
GaBi,0.1,6,0.0
NaIn(IO3)4,4.25,6,7.0
RbNb4Br11,0.46,6,0.0
Ga1As0.5P0.5,2.0,6,3.0
TiMn2Ge,0.0,6,0.0
EuBiW2O9,3.63,6,6.0
CrIrO6,0.0,6,0.0
Li2MnNi3O8,0.0,6,0.0
YCdPt2,0.0,6,0.0
Ba4Ge3S9Cl2,2.91,6,5.0
Ga3Pt2,0.0,6,0.0
Tl2Hg3Se4,1.57,6,2.0
CsScBr3,0.0,6,0.0
Ge0.2Pb0.8Se1,0.35,6,0.0
Ba2GdInSe5,2.24,6,3.0
LiCuO2,0.0,6,0.0
Eu3Sn,0.0,6,0.0
B4H2Pb6O13,3.24,6,5.0
Zr3(Al2C3)2,0.0,6,0.0
ScCdHg2,0.0,6,0.0
KSiBiS4,2.25,6,3.0
La2GeSe5,1.24,6,2.0
HoInAu2,0.0,6,0.0
NdFeSi2,0.0,6,0.0
Cs2Hg3I8,2.56,6,4.0
Cd0.99Ga0.01Sb0.01Te0.99,1.35,6,2.0
Sm2O3,5.0,6,7.0
HoCd3,0.0,6,0.0
GeTe2,0.3,6,0.0
CuPtO2,0.0,6,0.0
Y(CrSi)2,0.0,6,0.0
TiBi25O39,3.1,6,5.0
PrB6,4.9,6,7.0
Pr3I,0.0,6,0.0
Ca3Sb2,1.4,6,2.0
Eu(POs)2,0.0,6,0.0
Ga5Ge(PbS3)4,2.35,6,4.0
Sc11(AlGe4)2,0.0,6,0.0
InAgTe2,0.93,6,1.0
Mn3NiN,0.0,6,0.0
La2PI2,0.0,6,0.0
VIn(NiO3)2,1.92,6,3.0
Ba4Ga5CuS12,2.82,6,4.0
Sm3B(SO)3,2.5,6,4.0
Mn7O7F,0.0,6,0.0
KUCuSe3,0.0,6,0.0
Sm(CuO2)2,0.0,6,0.0
LiCoS2,0.0,6,0.0
Tb6PbSe10,0.0,6,0.0
CI4,2.26,6,3.0
ZnSb,1.05,6,1.0
BaSi2,1.3,6,2.0
CdAg2(PS3)2,2.49,6,4.0
HgCl2,4.45,6,7.0
Rb2Cd(IBr)2,3.35,6,5.0
AlAgS2,3.13,6,5.0
Cu9O13,0.0,6,0.0
Sn2WO5,2.6,6,4.0
LiNiP2O7,0.0,6,0.0
ThSO,2.22,6,3.0
Ba3Eu(PO4)3,4.09,6,7.0
SmCuSO,2.9,6,5.0
Er3Te4,0.9,6,1.0
Te3MoWS,0.0,6,0.0
Ba2GaS4,2.55,6,4.0
V2Pb4(Se2O7)3,3.37,6,5.0
KAu(IO3)4,2.75,6,4.0
K1.83Cd1.83Bi2.17S6,1.37,6,2.0
Si0.347Ge0.653,1.91,6,3.0
In1.05Cu0.95Se2.05,1.07,6,1.0
ThU8O18,0.0,6,0.0
Dy2S3,2.91,6,5.0
NdMnSbO,0.0,6,0.0
Cu7Hg6,0.0,6,0.0
La2Ge2Se7,1.08,6,1.0
NaBi3,0.0,6,0.0
KC60,0.0,6,0.0
Mn2CoGe,0.0,6,0.0
CsBiS2,1.39,6,2.0
LiCuPO4,0.0,6,0.0
Sc3(ReSi2)2,0.0,6,0.0
KInS2,3.0,6,5.0
Pr(FeSi)2,0.0,6,0.0
GePbS3,2.4,6,4.0
Bi24BO39,2.91,6,5.0
Li8TiNi7O16,0.0,6,0.0
In11Cu9Se20,0.0,6,0.0
LiMoIO6,2.8,6,4.0
Mn2GaW,0.0,6,0.0
V6AgO15,0.0,6,0.0
Pb1Se0.9S0.1,0.27,6,0.0
Ca3PbN,0.0,6,0.0
Hf5Sb9,0.0,6,0.0
RbH2(IO3)3,4.07,6,7.0
YSbPt,0.16,6,0.0
Li2Sn5,0.0,6,0.0
Ba2NdInTe5,1.37,6,2.0
V3Re,0.0,6,0.0
Ce2(SbPd3)3,0.0,6,0.0
NdSb,0.0,6,0.0
Dy3MnB7,0.0,6,0.0
LuMnSi,0.0,6,0.0
NaB15,0.32,6,0.0
BPb6BrO7,2.84,6,5.0
Mn2GeS4,0.0,6,0.0
Ca3(GaPt)2,0.0,6,0.0
CeBiW2O9,2.34,6,4.0
K1.25Bi7.25Pb3.5Se15,0.53,6,0.0
K2BaNb2S11,1.77,6,3.0
SmHgPd,0.0,6,0.0
EuAlO3,0.0,6,0.0
CrTe2,0.17,6,0.0
NdInAu,0.0,6,0.0
Mn(SbSe2)2,0.31,6,0.0
Sr8Co8O23,0.0,6,0.0
ZrPd2,0.0,6,0.0
Cr4As3,0.0,6,0.0
TlInHgS3,1.74,6,3.0
TbCo2,0.0,6,0.0
TaGaPt,0.0,6,0.0
YNi4B,0.0,6,0.0
Al9Rh2,0.0,6,0.0
CsYCdSe3,2.54,6,4.0
CsTa3(SeO6)2,3.88,6,6.0
LuUO3,0.0,6,0.0
Ti2ReRu,0.0,6,0.0
Ga5Ge(PbSe3)4,1.91,6,3.0
GdB(SbO4)2,3.48,6,6.0
K10Fe4Sn4S17,2.2,6,3.0
TaInNi,0.0,6,0.0
Ba(AsPd)2,0.0,6,0.0
Eu(MgBi)2,0.0,6,0.0
CdIn8Te13,1.02,6,1.0
Tl2GeTe3,0.36,6,0.0
BaCaB2O5,5.6,6,7.0
CsF,10.0,6,7.0
Cd0.2Ga0.8Sb0.8Te0.2,0.8,6,1.0
Ba3Sn(SbSe4)2,0.97,6,1.0
Cs2Li3(BO2)5,7.3,6,7.0
Ca(SmS2)2,2.05,6,3.0
K2La2Ti3O10,3.05,6,5.0
ZrCd,0.0,6,0.0
In2O3,2.8,6,4.0
YBi,0.0,6,0.0
Mg(FeS2)2,0.0,6,0.0
BPb7Br3O7,2.62,6,4.0
La(In2Au)2,0.0,6,0.0
InSiIr,0.0,6,0.0
ZrTi2O,0.0,6,0.0
Zn0.01Ga0.99P0.99Se0.01,2.24,6,3.0
Cs2MgGe3Se8,2.04,6,3.0
Ca5Sn4S13,0.0,6,0.0
Tm(NiGe)2,0.0,6,0.0
Co7Re17O48,0.0,6,0.0
BaBClF4,6.89,6,7.0
Gd2Te3,0.74,6,1.0
Nd4O3F7,0.0,6,0.0
K2Te,1.9,6,3.0
RbNa2NiO2,0.0,6,0.0
LaVI5O16,3.58,6,6.0
In1.3Cu0.7Se2.3,1.1,6,1.0
Ba3BSbSe6,1.89,6,3.0
LiAl2Tc,0.0,6,0.0
ZrSe2,2.0,6,3.0
RbC8,0.0,6,0.0
Cd3AgPS6,2.56,6,4.0
Cs2Zn3(SeO3)4,4.3,6,7.0
AlAs,0.0,6,0.0
Bi2Te0.45Se2.55,0.2,6,0.0
GaTc2W,0.0,6,0.0
Dy(CuTe)3,0.34,6,0.0
Cs2ZnGe3S8,3.33,6,5.0
Li5Co2Ni3O10,0.0,6,0.0
Cs3NaZn2Ge21,0.3,6,0.0
Dy3GaS6,2.81,6,4.0
Na6FeS4,0.0,6,0.0
Cs2Cd(PSe3)2,2.63,6,4.0
Zn0.01Ga0.99As0.99Se0.01,1.39,6,2.0
Sm4In21Pd10,0.0,6,0.0
RhSeS,0.7,6,1.0
CoAsSe,0.2,6,0.0
In0.8Ga0.2As0.8P0.2,0.85,6,1.0
Ti5Zn4(TeO6)3,0.0,6,0.0
Al0.01Cd0.99Sb0.01Te0.99,1.6,6,2.0
NaF,10.5,6,7.0
GaCuO2,1.47,6,2.0
KBi3S5,1.21,6,2.0
VAg(PSe3)2,0.0,6,0.0
MnCoSi,0.0,6,0.0
CoAs3,0.4,6,0.0
Al2FeNi,0.0,6,0.0
Nb2Tl4S11,1.8,6,3.0
Rb5(W4O15)2,0.0,6,0.0
TmLuPd2,0.0,6,0.0
Cs2Cd2Bi2S5,1.7,6,3.0
KCoO2,0.0,6,0.0
BaTbMn2O6,0.0,6,0.0
SrN2,0.0,6,0.0
Sm(MnGe)2,0.0,6,0.0
Pd2N,0.0,6,0.0
TbYbHg2,0.0,6,0.0
TlS,1.36,6,2.0
YbSnTe2,0.75,6,1.0
La3(OsO5)2,0.0,6,0.0
HoSi,0.0,6,0.0
CaNi5,0.0,6,0.0
CeSi2Ni,0.0,6,0.0
BiPO4,3.85,6,6.0
Li4Cu(PO4)2,0.0,6,0.0
CsTiCl3,0.0,6,0.0
YbWClO4,4.23,6,7.0
Sr2MgReO6,0.0,6,0.0
Cr3Ni(PO4)6,0.0,6,0.0
CsAg5Te3,0.65,6,1.0
Si0.07Ge0.93,1.04,6,1.0
DyInAu,0.0,6,0.0
Tl0.04Te1Pb0.96,0.57,6,1.0
LaSi2,0.19,6,0.0
Hf2Si,0.0,6,0.0
LaGa3Pd2,0.0,6,0.0
Sn2S,0.85,6,1.0
SrZr2Nb,0.0,6,0.0
KF,10.3,6,7.0
Sc14Cu14O37,0.0,6,0.0
Fe3N,0.0,6,0.0
Rb5Tl3O,0.0,6,0.0
Ba3La3(Cu3O7)2,1.8,6,3.0
MgV4O6,0.0,6,0.0
KPPbO4,4.44,6,7.0
In1.7Cu0.3Se2.7,1.21,6,2.0
Ba14Na8CaN6,0.0,6,0.0
LiCa3As2H,1.4,6,2.0
Gd4GaSbS9,2.41,6,4.0
PrTmTl2,0.0,6,0.0
Bi5IO7,2.76,6,4.0
MnIn2PbS5,1.45,6,2.0
CaSnO3,4.4,6,7.0
Sc7CI12,0.0,6,0.0
Li2ZnSnSe4,1.87,6,3.0
HgPt,0.0,6,0.0
Al0.2In0.8P1,1.7,6,3.0
Yb2HgPb,0.0,6,0.0
SrSnO3,4.1,6,7.0
LiMgBi,0.4,6,0.0
Ba3Nb2CoO9,0.0,6,0.0
P2Os,1.13,6,1.0
Ba2InBiS5,1.55,6,2.0
CeMgAg2,0.0,6,0.0
BaEu2Mn2O7,0.0,6,0.0
BaS,3.88,6,6.0
Ba3ErRu2O9,0.0,6,0.0
Li2Si4Ni5O14,0.0,6,0.0
ErHg2,0.0,6,0.0
MnO2,1.3,6,2.0
Bi1.98Sb0.02Te3,0.14,6,0.0
Ba3Bi2TeO9,2.3,6,4.0
Sr4V2(Se2O7)3,2.66,6,4.0
Cs4Ga4Si19,1.14,6,2.0
PdO,0.8,6,1.0
LaZnAu2,0.0,6,0.0
U11O5,0.0,6,0.0
BiSBr,1.88,6,3.0
Na2Hg3(GeS4)2,2.68,6,4.0
Si0.4Ge0.6,0.9,6,1.0
