formula,BG,fidelity
Ag(AuS)2,0.0,5
Ag(W3Br7)2,0.0,5
Ag0.5Ge1Pb1.75S4,1.83,5
Ag0.5Ge1Pb1.75Se4,1.51,5
Ag2BBr,0.0,5
Ag2BiO3,0.0,5
Ag2GeS3,1.98,5
Ag2GeSe3,0.9,5
Ag2HgI4,2.47,5
Ag2Mo(I2O7)2,3.06,5
Ag2P2PbO7,0.0,5
Ag2PdO2,0.18,5
Ag3AsO4,0.0,5
Ag3Pd,0.0,5
Ag3RuO4,0.0,5
Ag5IO6,1.4,5
Ag7(SI)2,0.0,5
Ag7AsS6,1.0,5
Ag7AsSe6,1.0,5
Ag7NO11,0.0,5
Ag8GeS6,1.18,5
Ag8SnSe6,0.71,5
Ag9(PbO3)4,0.0,5
Ag9Ge2IO8,0.0,5
AgAsSe2,1.4,5
AgAu3,0.0,5
AgBi(PS3)2,1.7,5
AgBi(PSe3)2,1.4,5
AgBiPbS3,1.2,5
AgBiPbSe3,0.13,5
AgBiS2,0.9,5
AgBiSe2,0.34,5
AgBr,2.52,5
AgCNO,0.0,5
AgCl,5.13,5
AgF,2.8,5
AgGeO3,0.0,5
AgO,1.57,5
AgP15,1.47,5
AgPd(IO3)3,1.5,5
AgPdO2,0.0,5
AgPt3,0.0,5
AgSO4,0.18,5
AgTe2As,0.8,5
Al(Ni10B7)2,0.0,5
Al(NiS2)2,0.0,5
Al0.01Cd0.99Sb0.01Te0.99,1.6,5
Al0.01Ga0.99P1,2.27,5
Al0.01In0.99P1,1.3,5
Al0.05Cd0.95Sb0.05Te0.95,1.37,5
Al0.15Ga0.85As1,1.6,5
Al0.1Cd0.9Sb0.1Te0.9,1.36,5
Al0.1In0.9P1,1.5,5
Al0.2Ga0.8P1,2.3,5
Al0.2In0.8P1,1.7,5
Al0.35Ga0.65As1,2.0,5
Al0.3Ga0.7As1,1.81,5
Al0.3In0.7P1,1.9,5
Al0.45Cd0.55Sb0.45Te0.55,1.93,5
Al0.4Cd0.6Sb0.4Te0.6,1.8,5
Al0.4Ga0.6P1,2.35,5
Al0.4In0.6P1,2.12,5
Al0.5Ga0.5As1,2.12,5
Al0.6Ga0.4As1,2.3,5
Al0.6Ga0.4P1,2.4,5
Al0.6In0.4P1,2.3,5
Al0.75Ga0.25As1,2.42,5
Al0.7In0.3P1,2.3,5
Al0.8Ga0.2P1,2.43,5
Al0.99Cd0.01Sb0.99Te0.01,2.21,5
Al0.99Ga0.01P1,2.49,5
Al0.99In0.01P1,2.4,5
Al10V,0.0,5
Al13Ru4,0.0,5
Al2(CuSe2)3,0.0,5
Al21Pt8,0.0,5
Al2CoIr,0.0,5
Al2Cr2O7,0.0,5
Al2CrS4,0.0,5
Al2Cu,0.0,5
Al2FeNi,0.0,5
Al2Ru,0.0,5
Al2S3,4.1,5
Al2Se3,3.1,5
Al3Tc,0.0,5
Al4Cu2O7,0.0,5
Al4Cu9,0.0,5
Al5Rh2,0.0,5
Al6Fe,0.0,5
Al6Ru,0.0,5
Al6Tc,0.0,5
Al7(CN)3,0.0,5
Al9Co2,0.0,5
Al9Ir2,0.0,5
Al9Rh2,0.0,5
AlAgO2,3.6,5
AlAgS2,3.13,5
AlAgSe2,2.55,5
AlAgTe2,1.8,5
AlAs,0.0,5
AlB2,0.0,5
AlBi,0.4,5
AlCoO3,0.0,5
AlCu3,0.0,5
AlCu7O12,0.0,5
AlCuS2,3.5,5
AlCuTe2,2.06,5
AlFe2Si,0.0,5
AlFe4(CuO4)3,0.0,5
AlIr,0.0,5
AlNi2,0.0,5
AlPd5I2,0.0,5
AlSn,0.0,5
AlV(TeO4)2,2.9,5
AlVCo2,0.0,5
As2Ir,1.0,5
As2O3,4.0,5
As2Os,0.9,5
As2Rh,1.15,5
As2Ru,0.8,5
As2S5,2.48,5
AsAu3,0.0,5
AsBr3,2.6,5
AsOsS,1.3,5
AsP,0.23,5
AsPPd,0.45,5
AsPPt,0.4,5
AsPRu,0.8,5
AsPd3Pb2,0.0,5
AsRuS,1.2,5
AsS,2.4,5
AsS3,2.35,5
AsSI,2.05,5
AsSeBr,0.0,5
AsSeI,1.76,5
Au3S,0.0,5
AuBrO2,0.0,5
B2Mo(PbO2)6,2.9,5
B2O3,4.89,5
B2Se2O7,4.64,5
B3H2Pb2O7.5,4.42,5
B3Pb10Br3O13,3.25,5
B3Pb3NO10,3.64,5
B4C,1.64,5
B4H2Pb6O13,3.24,5
B4W,0.0,5
B5Mo2,0.0,5
B6As,1.51,5
B6P,3.3,5
BAs,1.45,5
BH(PbO2)2,3.76,5
BMo,0.0,5
BP,4.2,5
BPb2ClO3,3.99,5
BPb6BrO7,2.84,5
BPb7Br3O7,2.62,5
BRh2,0.0,5
BSb,2.6,5
BSbPbS4,1.8,5
BSe2Cl,0.0,5
BTe2As,0.0,5
Ba(AsPd)2,0.0,5
Ba(AsRh)2,0.0,5
Ba(BRh)2,0.0,5
Ba(FeS2)2,0.0,5
Ba(GaS2)2,4.13,5
Ba(GaSe2)2,3.16,5
Ba(InS2)2,3.06,5
Ba(InSe2)2,2.63,5
Ba(NiP2)2,0.0,5
Ba(PdO2)2,0.0,5
Ba(SnO2)4,0.0,5
Ba(ZnAs)2,0.23,5
Ba1.88Ta15O32,0.13,5
Ba12In4S19,2.56,5
Ba14Ir8(PdO11)3,0.0,5
Ba14Na8CaN6,0.0,5
Ba23Ga8(SbS19)2,2.84,5
Ba2B4H2O9,5.12,5
Ba2B6H4O13,6.53,5
Ba2B6O11,5.17,5
Ba2BiSbO6,0.0,5
Ba2CaOsO6,0.0,5
Ba2CaReO6,0.0,5
Ba2Cd(BO2)6,4.59,5
Ba2Ce2O5,0.0,5
Ba2CeInTe5,1.35,5
Ba2CoWO6,0.0,5
Ba2Cu5F14,0.0,5
Ba2CuWO6,0.0,5
Ba2DyCu3O7,0.0,5
Ba2DyGaSe5,2.35,5
Ba2DyGaTe5,1.13,5
Ba2DyInSe5,2.27,5
Ba2DyInTe5,1.35,5
Ba2ErGaSe5,1.95,5
Ba2ErGaTe5,1.15,5
Ba2ErInSe5,2.29,5
Ba2ErInTe5,1.35,5
Ba2FeMoO6,0.0,5
Ba2FeReO6,0.0,5
Ba2Ga8GeS16,3.0,5
Ba2Ga8SiS16,3.4,5
Ba2GaAsSe5,1.39,5
Ba2GaBiS5,2.38,5
Ba2GaBiSe5,2.21,5
Ba2GaBiTe5,1.43,5
Ba2GaS4,2.55,5
Ba2GaSbSe5,2.51,5
Ba2GaSbTe5,1.66,5
Ba2GaSe4,1.63,5
Ba2GdGaSe5,1.87,5
Ba2GdGaTe5,1.12,5
Ba2GdInSe5,2.24,5
Ba2GdInTe5,1.36,5
Ba2HgS5,2.4,5
Ba2In2S5,2.47,5
Ba2In2Se5,2.12,5
Ba2InAgS4,2.32,5
Ba2InBiS5,1.55,5
Ba2InSbSe5,1.92,5
Ba2LaIrO6,0.0,5
Ba2LiFe2N3,0.0,5
Ba2NaCu3S5,0.45,5
Ba2NdGaS5,2.12,5
Ba2NdGaSe5,2.18,5
Ba2NdInSe5,2.2,5
Ba2NdInTe5,1.37,5
Ba2ReNiO6,0.0,5
Ba2Sb7HO14,2.7,5
Ba2ScIrO6,0.0,5
Ba2ScTaO6,4.19,5
Ba2SmCu3O7,0.0,5
Ba2SmGaSe5,2.27,5
Ba2SmGaTe5,1.04,5
Ba2SmInSe5,2.22,5
Ba2SmInTe5,1.36,5
Ba2SmTaO6,3.02,5
Ba2SnSe4,1.9,5
Ba2SnSe5,1.8,5
Ba2TaInO6,4.17,5
Ba2TbIrO6,0.0,5
Ba2ThCu2Se5,1.75,5
Ba2UCuO6,0.0,5
Ba2V2Te2O11,3.16,5
Ba2V2ZnO8,3.48,5
Ba2V4(TeO6)3,2.64,5
Ba2YGaSe5,2.31,5
Ba2YGaTe5,1.08,5
Ba2YInSe5,2.31,5
Ba2YInTe5,1.36,5
Ba2YReO6,0.0,5
Ba2Yb(CuO2)4,0.0,5
Ba2Zn0.2B2S5.2,3.54,5
Ba2ZnSe3,2.75,5
Ba2ZnTe3,2.1,5
Ba3(AlGe)2,0.0,5
Ba3(LiSn2)4,0.0,5
Ba3Ag2(SnS4)2,2.37,5
Ba3B1.5Sb0.5S6,3.01,5
Ba3BSbS6,2.62,5
Ba3BSbSe6,1.89,5
Ba3Bi0.5B1.5S6,2.43,5
Ba3Bi2TeO9,2.3,5
Ba3CaIr2O9,0.0,5
Ba3CaRu2O9,0.0,5
Ba3Cd(SnS4)2,2.75,5
Ba3Co10O17,0.0,5
Ba3CrS5,0.0,5
Ba3Dy2(PS4)4,3.28,5
Ba3Er2(PS4)4,3.3,5
Ba3ErRu2O9,0.0,5
Ba3Eu(PO4)3,4.09,5
Ba3FeS4Br,1.65,5
Ba3Gd2(PS4)4,3.41,5
Ba3GeS5,3.0,5
Ba3Ho2(PS4)4,3.3,5
Ba3In2(PO4)4,3.87,5
Ba3InS4Cl,3.42,5
Ba3La3(Cu3O7)2,1.8,5
Ba3MgTa2O9,4.28,5
Ba3N2,0.0,5
Ba3NaIr2O9,0.0,5
Ba3NaIrO6,0.0,5
Ba3Nb2CoO9,0.0,5
Ba3Nb2Se9,1.3,5
Ba3P3ClO10,6.89,5
Ba3PN,0.0,5
Ba3Sb2S7,2.4,5
Ba3Sn(SbSe4)2,0.97,5
Ba3Sn0.87Bi2.13Se8,0.79,5
Ba3Ta2Se9,1.6,5
Ba3Ta2ZnO9,4.32,5
Ba3Ta5NO14,2.8,5
Ba3Tb2(PS4)4,3.37,5
Ba3Te,0.0,5
Ba3ThSe7,1.96,5
Ba3V2(SeO4)4,2.87,5
Ba3YIr2O9,0.0,5
Ba3Yb4O9,0.0,5
Ba3ZrRu2O9,0.0,5
Ba4B11O20F,7.1,5
Ba4Ga4GeSe12,2.18,5
Ba4Ga4SnSe12,2.16,5
Ba4Ga5AgS12,2.52,5
Ba4Ga5CuS12,2.82,5
Ba4Ga5CuSe12,1.45,5
Ba4Ga5Si18,0.31,5
Ba4Ge3S9Cl2,2.91,5
Ba4Ge3Se9Cl2,1.89,5
Ba4InAgSe6,2.41,5
Ba4InCuSe6,2.23,5
Ba4LiGa5Se12,2.65,5
Ba4Nb14O23,0.0,5
Ba4Sb3S8Cl,2.09,5
Ba4Si20Au3,0.0,5
Ba4Si3Se9Cl2,1.76,5
Ba4Sm2Cu2O9,0.0,5
Ba4Yb(CuO3)3,0.0,5
Ba5(Ga2Se5)2,2.2,5
Ba5(GaSe4)2,2.51,5
Ba5Al2Ge7,0.0,5
Ba5Bi3,0.0,5
Ba5Cd(Ga2Se5)3,2.6,5
Ba5Ga6GeP12,1.39,5
Ba5Ga6SnP12,1.21,5
Ba5Ge3,0.0,5
Ba5In4Bi5,0.0,5
Ba5In4Te4S7,2.13,5
Ba5Sb3,0.0,5
Ba5V3O12F,3.85,5
Ba6Al4B14O33,3.44,5
Ba6Ga2SnSe11,1.99,5
Ba6In2NF,0.0,5
Ba6Sn6Se13,1.52,5
Ba7(SnS3)5,2.29,5
Ba7B3O9F5,4.94,5
Ba7Ga5AgS15,2.6,5
Ba7Ru4Br2O15,0.0,5
Ba8Al10B12O41,3.1,5
Ba8Hg4Se7S5,1.98,5
Ba8Sn4S15,2.31,5
Ba8Ta7O24,0.0,5
BaAg,0.0,5
BaAg2,0.0,5
BaAgSbS3,2.2,5
BaAl2,0.0,5
BaAl4Se7,3.4,5
BaAlCu4O7,0.0,5
BaAu(IO3)5,2.32,5
BaAu2,0.0,5
BaB6,2.64,5
BaBClF4,6.89,5
BaBSbS4,2.34,5
BaBiClO2,3.71,5
BaCaB2O5,5.6,5
BaCaSn3,0.0,5
BaCdSnS4,2.3,5
BaCu2SnSe4,0.48,5
BaCuSbS3,2.0,5
BaCuSbSe3,1.6,5
BaCuTeF,2.3,5
BaDy2CuO5,0.0,5
BaEu2Mn2O7,0.0,5
BaGa2GeS6,3.23,5
BaGa2SiS6,3.75,5
BaGa2SiSe6,2.88,5
BaGa4S7,3.54,5
BaGa4Se7,2.64,5
BaGe2,1.0,5
BaGe3Pt,0.0,5
BaGe4(IrS3)2,1.54,5
BaGe4(IrSe3)2,1.33,5
BaGe4(RhSe3)2,1.09,5
BaHgS2,1.93,5
BaHgSe2,1.56,5
BaIn2(P2O7)2,3.97,5
BaIn2Ir,0.0,5
BaLa2CoS5,0.0,5
BaLa2In2S7,1.87,5
BaLa2In2Se7,1.66,5
BaLa2Te5O14,3.81,5
BaLi4,0.0,5
BaMn4O7,0.0,5
BaMn4ZnO8,0.0,5
BaMnO3,0.0,5
BaNa2GeS4,3.7,5
BaNa2GeSe4,2.25,5
BaNa2SnS4,3.27,5
BaNa2SnSe4,2.46,5
BaNaB5O9,4.78,5
BaNb4O6,0.0,5
BaO,4.8,5
BaPd(IO3)4,1.97,5
BaPdSe6,2.15,5
BaPrO3,2.0,5
BaPt5,0.0,5
BaReH9,3.44,5
BaS,3.88,5
BaSi,0.0,5
BaSi2,1.3,5
BaSn2S5,2.35,5
BaSn3,0.0,5
BaSnO3,3.1,5
BaTaNO2,1.78,5
BaTbMn2O6,0.0,5
BaTe,3.4,5
BaTeMo2O9,3.12,5
BaTh3,0.0,5
BaTi14O28,0.0,5
BaTi4O7,0.0,5
BaTi4O8,0.0,5
BaTl(MoO3)2,0.0,5
BaTl3,0.0,5
BaUSe3,1.0,5
BaV2SeO8,2.13,5
BaYb2O4,0.0,5
BaYbSn3,0.0,5
BaZn(MoO2)4,0.0,5
BaZn5,0.0,5
BaZnGeSe4,2.46,5
BaZnSO,3.9,5
BaZnSiSe4,2.71,5
Be12Pt,0.0,5
Be22Re,0.0,5
Be2HgTe,0.0,5
Be2W,0.0,5
Be3N2,3.8,5
Be3Sb2,0.67,5
BeAlB,0.0,5
BeCu,0.0,5
BeFe2Si,0.0,5
BeGaO3,0.0,5
BeGaRh2,0.0,5
BeO,10.39,5
BePd2,0.0,5
BePd3,0.0,5
BeS,4.17,5
BeSe,4.0,5
BeSiOs2,0.0,5
BeSiRu2,0.0,5
BeTcSe,0.0,5
BeTe,2.89,5
Bi0.002Te0.003Pb0.999Se0.999,0.79,5
Bi0.04Te0.06Pb0.98Se0.98,0.28,5
Bi0.2Sb1.8Te3,0.28,5
Bi0.2Te0.3Pb0.9Se0.9,0.25,5
Bi0.4Sb1.6Te3,0.21,5
Bi0.4Te0.6Pb0.8Se0.8,0.22,5
Bi0.6Sb1.4Te3,0.2,5
Bi1.4Sb0.6Te3,0.17,5
Bi1.6Sb0.4Te3,0.16,5
Bi1.8Sb0.2Te3,0.15,5
Bi1.98Sb0.02Te3,0.14,5
Bi12PO20,3.25,5
Bi12Rh12O41,0.0,5
Bi1Sb0.15,0.02,5
Bi2(BO3)3,0.0,5
Bi2(MoO4)3,2.9,5
Bi2(PO4)3,0.0,5
Bi24BO39,2.91,5
Bi2AsClO4,3.43,5
Bi2CO5,3.42,5
Bi2I4O13,3.3,5
Bi2Mo2Se2O13,3.15,5
Bi2O5,0.0,5
Bi2Pd3S2,0.0,5
Bi2Pt,0.0,5
Bi2SI2O11,3.74,5
Bi2Se3,0.35,5
Bi2SeI2O11,3.7,5
Bi2Te0.03Se2.97,0.27,5
Bi2Te0.1Se2.9,0.78,5
Bi2Te0.3Se2.7,0.24,5
Bi2Te0.45Se2.55,0.2,5
Bi2Te0.4Se2.6,0.7,5
Bi2Te0.6Se2.4,0.28,5
Bi2Te0.9Se2.1,0.28,5
Bi2Te1.2Se1.8,0.28,5
Bi2Te1.5Se1.5,0.29,5
Bi2Te2.1Se0.9,0.29,5
Bi2Te2.4Se0.6,0.25,5
Bi2Te2.7Se0.3,0.2,5
Bi2Te2.97Se0.03,0.15,5
Bi2Te2SO10,3.6,5
Bi2Te2Se,0.3,5
Bi2Te3,0.25,5
Bi3BTeO9,2.6,5
Bi3I4O13F3,3.7,5
Bi3Se2NO11,3.59,5
Bi4I,0.0,5
Bi4Pb7Se13,0.29,5
Bi4Pd(SeO3)4,2.06,5
Bi5IO7,2.76,5
Bi7O5F11,4.05,5
Bi8Te7S5,0.4,5
Bi9S6O7.5,1.27,5
BiAs2Os,0.0,5
BiBPbO4,3.2,5
BiBr3,2.66,5
BiBrO,2.92,5
BiClO,3.46,5
BiIO3F2,3.97,5
BiO,0.0,5
BiP3(PbO4)3,3.7,5
BiPO4,3.85,5
BiPb2S2I3,1.6,5
BiPbClO2,2.45,5
BiPd,0.0,5
BiSBr,1.88,5
BiSCl,1.89,5
BiSI,1.56,5
BiSbTe3,0.19,5
BiSe,0.4,5
BiSeI,1.28,5
BiSeO3F,3.83,5
BiTeI,0.46,5
BiTeNO6,3.62,5
CBr4,3.7,5
CI4,2.26,5
Ca(AgGe)2,0.0,5
Ca(Al4Co)2,0.0,5
Ca(AlZn)2,0.0,5
Ca(BC)2,0.0,5
Ca(BIr)2,0.0,5
Ca(BiO2)2,3.08,5
Ca(CoGe)2,0.0,5
Ca(CoS2)4,0.0,5
Ca(GdS2)2,2.55,5
Ca(GeRh)2,0.0,5
Ca(LaS2)2,2.7,5
Ca(MnAs)2,0.0,5
Ca(NdS2)2,2.7,5
Ca(Ni2O3)2,0.0,5
Ca(PrS2)2,2.9,5
Ca(SiPd)2,0.0,5
Ca(SmS2)2,2.05,5
Ca(TiS2)4,0.0,5
Ca10Ge16(B2O17)3,5.47,5
Ca11Bi10,0.0,5
Ca11Ga7,0.0,5
Ca2Bi2O5,3.34,5
Ca2CdAs2,0.95,5
Ca2CdPb,0.0,5
Ca2Co9O13,0.0,5
Ca2CuWO6,0.0,5
Ca2Ge,1.0,5
Ca2GeN2,0.0,5
Ca2Mn9O13,0.0,5
Ca2MnAlO5,0.0,5
Ca2NiIrO6,0.0,5
Ca2Os2O7,0.0,5
Ca2PbAu2,0.0,5
Ca2ScSbO6,3.68,5
Ca2Si,1.9,5
Ca2SmTaO6,3.45,5
Ca2Sn,0.9,5
Ca2Sn2F3,0.0,5
Ca2SnS4,2.32,5
Ca2Ti9O13,0.0,5
Ca2TlCd,0.0,5
Ca2ZnRh,0.0,5
Ca3(GaPt)2,0.0,5
Ca3Al2Ge3,0.0,5
Ca3Au,0.0,5
Ca3Au4,0.0,5
Ca3Bi(PO4)3,4.2,5
Ca3BiAs,0.0,5
Ca3BiSb,0.0,5
Ca3Cu2(ClO2)2,0.0,5
Ca3In,0.0,5
Ca3La2(SnS4)3,1.45,5
Ca3N2,1.55,5
Ca3PbN,0.0,5
Ca3Sb2,1.4,5
Ca3SbN,0.0,5
Ca3Sn2S7,0.0,5
Ca3Ti2(SiO4)3,1.65,5
Ca3TlN,0.0,5
Ca3Zr17O37,0.0,5
Ca4Al3O10,0.0,5
Ca4Bi6O13,2.76,5
Ca5(Bi7O13)2,2.6,5
Ca5Au2,0.0,5
Ca5B3O9F,6.53,5
Ca5Ir,0.0,5
Ca5Sb3,0.0,5
Ca5Sn4S13,0.0,5
Ca6Ag16N,0.0,5
Ca6Cu2Sn7,0.0,5
CaAgF5,0.0,5
CaAu5,0.0,5
CaB6,4.5,5
CaCdPd2,0.0,5
CaCdSi,0.0,5
CaCu5,0.0,5
CaEu2O3,0.0,5
CaEuO2,0.0,5
CaF2,9.92,5
CaGa3Ni2,0.0,5
CaGaAu3,0.0,5
CaGaGe,0.0,5
CaGe2,0.0,5
CaHfZn,0.0,5
CaHg2,0.0,5
CaI2,5.98,5
CaIn2Ir,0.0,5
CaIn4Ir,0.0,5
CaInAu,0.0,5
CaInPt,0.0,5
CaIrO3,0.0,5
CaMg2N2,3.25,5
CaMgSn,0.0,5
CaMnSn,0.0,5
CaNi5,0.0,5
CaOsO3,0.0,5
CaPb,0.0,5
CaPd3C,0.0,5
CaPrZn2,0.0,5
CaSnO3,4.4,5
CaTaNO2,2.4,5
CaTi4O8,0.0,5
CaTiO2,0.0,5
CaVO2,0.0,5
CaYbInSe4,0.0,5
CaZn2,0.0,5
CaZn3,0.0,5
CaZn3Ni2,0.0,5
CaZn5,0.0,5
CaZnSO,3.7,5
Cd(GaS2)2,3.4,5
Cd(In15Te23)2,1.17,5
Cd(PS2)2,3.76,5
Cd0.01Ga0.99Sb0.99Te0.01,0.72,5
Cd0.01Hg0.99Se1,1.72,5
Cd0.01In0.99Te0.01As0.99,0.76,5
Cd0.02In0.98Te0.02As0.98,0.73,5
Cd0.03In0.97Te0.03As0.97,0.71,5
Cd0.04In0.96Te0.04As0.96,0.69,5
Cd0.05Ga0.95Sb0.95Te0.05,0.74,5
Cd0.05In0.95Te0.05As0.95,0.68,5
Cd0.06In0.94Te0.06As0.94,0.68,5
Cd0.07In0.93Te0.07As0.93,0.68,5
Cd0.1Ga0.9Sb0.9Te0.1,0.78,5
Cd0.1In0.9Te0.1As0.9,0.69,5
Cd0.204Hg0.796Te1,0.06,5
Cd0.23Hg0.77Te1,0.12,5
Cd0.28Hg0.72Te1,0.21,5
Cd0.2Ga0.8Sb0.8Te0.2,0.8,5
Cd0.2In2.4Ag0.4Te4,0.42,5
Cd0.35Hg0.65Te1,0.28,5
Cd0.37Hg0.63Te1,0.35,5
Cd0.3Hg0.7Se1,1.1,5
Cd0.3Hg0.7Te1,0.27,5
Cd0.4Hg0.6Se1,0.95,5
Cd0.5Hg0.5Se1,0.8,5
Cd0.5In2.25Ag0.25Te4,0.39,5
Cd0.5In2.2Ag0.4Te4,0.19,5
Cd0.6Hg0.4Se1,0.7,5
Cd0.75In2.1Ag0.2Te4,0.54,5
Cd0.7Hg0.3Se1,0.55,5
Cd0.8Hg0.2Se1,0.45,5
Cd0.8In2.1Ag0.1Te4,0.29,5
Cd0.99Ga0.01Sb0.01Te0.99,1.35,5
Cd0.99Hg0.01Se1,0.29,5
Cd0.9Hg0.1Se1,0.35,5
Cd12Ge17(B4O29)2,4.29,5
Cd13I28,0.0,5
Cd1Se0.01S0.99,2.4,5
Cd1Se0.2S0.8,2.23,5
Cd1Se0.35S0.65,2.13,5
Cd1Se0.45S0.55,2.05,5
Cd1Se0.65S0.35,1.93,5
Cd1Se0.99S0.01,1.68,5
Cd2AgRh,0.0,5
Cd2InAgTe3,0.47,5
Cd2InCuTe3,0.7,5
Cd2InCuTe4,0.85,5
Cd2PbO4,0.0,5
Cd3AgPS6,2.56,5
Cd3Bi(PO4)3,3.9,5
Cd3Bi2,0.2,5
Cd3In2(Te2S)2,1.23,5
Cd3P2,0.5,5
Cd3Sb2,0.3,5
Cd3Te2MoO10,3.81,5
Cd4P2Br3,2.19,5
Cd4P2Cl3,2.17,5
Cd4P2I3,2.17,5
Cd4Sb2I3,1.83,5
Cd4Sb3,1.25,5
Cd5Ga2(Te3S)2,1.29,5
Cd6P7,0.85,5
Cd8B5O15F,3.14,5
CdAg,0.0,5
CdAg2(PS3)2,2.49,5
CdAg2GeS4,2.32,5
CdAsPd5,0.0,5
CdAuO2,0.0,5
CdBiClO2,3.08,5
CdBr2,4.47,5
CdCl2,5.7,5
CdCu(SeO3)2,3.33,5
CdCu2GeS4,2.05,5
CdCu2GeSe4,1.2,5
CdCu2SnS4,1.37,5
CdCu2SnSe4,0.96,5
CdF2,6.0,5
CdHIO4,4.35,5
CdHg4(AsI2)2,1.45,5
CdHg6(As2Br3)2,1.89,5
CdI2,3.8,5
CdIClO3,4.3,5
CdIn,0.6,5
CdIn8Te13,1.02,5
CdInCuSe3,1.66,5
CdO,2.3,5
CdP4PbO12,4.85,5
CdPd,0.0,5
CdPt,0.0,5
CdRhF6,0.0,5
CdSb2Se3Br2,1.4,5
CdSb4MoO10,3.4,5
CdSnO3,3.0,5
Ce(AlZn)2,0.0,5
Ce(BC)2,0.0,5
Ce(CoAs)2,0.0,5
Ce(CoB)4,0.0,5
Ce(CuSb)2,0.0,5
Ce(HO)3,0.0,5
Ce(InS2)3,1.11,5
Ce(MnGe)2,0.0,5
Ce(MnSi)2,0.0,5
Ce(PPt2)2,0.0,5
Ce(SiAu)2,0.0,5
Ce(SiNi)2,0.0,5
Ce(SiPd)2,0.0,5
Ce1.3Lu0.7S3,1.25,5
Ce10Se14O,1.93,5
Ce15B8N25,3.5,5
Ce1Mn0.5Se1O1,2.01,5
Ce2(SbPd3)3,0.0,5
Ce2(SnSe3)3,0.3,5
Ce2Al2Co15,0.0,5
Ce2Co5B2,0.0,5
Ce2CrN3,0.0,5
Ce2Cu(NO)2,0.0,5
Ce2Fe(SeO)2,0.64,5
Ce2Fe17,0.0,5
Ce2Ge2Se7,1.1,5
Ce2GeSe5,1.7,5
Ce2S2O,0.0,5
Ce2S3,1.12,5
Ce2Sb,0.0,5
Ce2Se3,1.75,5
Ce2SiSeO4,0.0,5
Ce2Ti2O7,0.0,5
Ce2ZnNi2,0.0,5
Ce3(Al3Ru)4,0.0,5
Ce3Al,0.0,5
Ce3AlC,0.0,5
Ce3B2(ClO2)3,0.0,5
Ce3In3Ru2,0.0,5
Ce3LuSe6,1.1,5
Ce3MnAlS7,0.0,5
Ce3MoO7,2.0,5
Ce3NbS3O4,0.0,5
Ce3Pd5,0.0,5
Ce3SiPt5,0.0,5
Ce3Ta(ClO2)3,0.0,5
Ce3TaO7,0.0,5
Ce4(GeS4)3,2.3,5
Ce4Bi3,0.0,5
Ce4FeSe6O,0.0,5
Ce4InSbSe9,1.69,5
Ce4Si3Rh4,0.0,5
Ce4Te7,0.5,5
Ce5(SiN3)3,0.0,5
Ce5CuSe8,0.0,5
Ce5Ge3,0.0,5
Ce5Si3,0.0,5
Ce6B2(CBr)3,0.0,5
Ce8Sb2S15,1.99,5
Ce8U2O21,0.0,5
Ce9SmO20,0.0,5
CeAgSn,0.0,5
CeAl2Pd5,0.0,5
CeAl2Pt3,0.0,5
CeAl3Ni2,0.0,5
CeAlO3,0.0,5
CeAlSi2,0.0,5
CeAsPd,0.0,5
CeAsSe,0.0,5
CeB2Ir3,0.0,5
CeBC,0.0,5
CeBiW2O9,2.34,5
CeCd2Ag,0.0,5
CeCdAu2,0.0,5
CeCoGeH,0.0,5
CeF3,4.85,5
CeGaO3,0.0,5
CeHSe,0.0,5
CeHg,0.0,5
CeInIr,0.0,5
CeIr5,0.0,5
CeLu3,0.0,5
CeMg2Ag,0.0,5
CeMgAg2,0.0,5
CeMgNi4,0.0,5
CeMgPt,0.0,5
CeMgZn2,0.0,5
CeMoO4F,2.52,5
CeN,0.7,5
CeNbO4,0.0,5
CeO2,3.41,5
CeOs2,0.0,5
CePd5,0.0,5
CePrO2,0.0,5
CeRh,0.0,5
CeSI,0.0,5
CeSbO3,0.0,5
CeScO3,3.2,5
CeSi2Ni,0.0,5
CeSi2Pt,0.0,5
CeSiI,0.0,5
CeSiIr,0.0,5
CeSiOs,0.0,5
CeTaN2O,1.9,5
CeTl2P2S7,2.4,5
CeTl3,0.0,5
CeTlZn,0.0,5
CeZnPO,0.0,5
Co(PO3)4,0.0,5
Co(WO4)2,0.0,5
Co1Te1.88,0.2,5
Co2B4Mo,0.0,5
Co2Ge,0.0,5
Co2O3,0.0,5
Co2Te3O8,3.6,5
Co3H,0.0,5
Co3Se4,0.0,5
Co3W,0.0,5
Co5Ge7,0.0,5
Co5RuO8,0.0,5
Co7Mo6,0.0,5
Co7Re17O48,0.0,5
CoAs3,0.4,5
CoAsRh,0.0,5
CoAsS,0.6,5
CoAsSe,0.2,5
CoCu2Sn,0.0,5
CoGe,0.0,5
CoH2(SN)4,0.0,5
CoMoP2,0.0,5
CoN,0.0,5
CoOF,0.0,5
CoP2,0.35,5
CoP3,0.45,5
CoPS,0.4,5
CoSb2,0.17,5
CoSb3,0.49,5
Cr(FeSe2)2,0.0,5
Cr(MoS2)2,0.0,5
Cr10Sb3Te7,0.0,5
Cr2CuS4,0.0,5
Cr2CuTe4,0.0,5
Cr2GeC,0.0,5
Cr2HO4,0.0,5
Cr2HgSe4,0.0,5
Cr2NiS4,0.0,5
Cr2O3,3.4,5
Cr2P3O11,0.0,5
Cr2SbTe,0.0,5
Cr3N2,0.0,5
Cr3Ni(PO4)6,0.0,5
Cr3P,0.0,5
Cr3Se4,1.59,5
Cr4As3,0.0,5
Cr4Cu3Te8,0.0,5
Cr7C3,0.0,5
CrAs,0.0,5
CrB2(PbO2)6,1.8,5
CrBi2I2O11,2.4,5
CrCo2Bi,0.0,5
CrCoGe,0.0,5
CrCoPt2,0.0,5
CrCu2Si,0.0,5
CrFe2Sb,0.0,5
CrFeP,0.0,5
CrH9(CN2)3,0.0,5
CrIrO4,0.0,5
CrIrO6,0.0,5
CrNi3,0.0,5
CrNiAs,0.0,5
CrNiP2O9,0.0,5
CrO2,0.23,5
CrO3,1.4,5
CrPbO4,2.25,5
CrSb2,0.14,5
CrSi2,1.3,5
CrTe2,0.17,5
Cs(AsRu)2,0.0,5
Cs(MoO3)3,0.0,5
Cs0.4K0.6P1Se6,2.1,5
Cs1.13Cd1.13Bi2.87Se6,1.0,5
Cs1.43Cd1.43Bi2.57S6,1.28,5
Cs10Cd4Sn4S17,3.16,5
Cs2AgBiBr6,2.19,5
Cs2AgBiCl6,2.77,5
Cs2Al2B2O7,4.13,5
Cs2Ba3(P2O7)2,6.31,5
Cs2Cd(PSe3)2,2.63,5
Cs2Cd0.25Hg5.75S7,1.66,5
Cs2Cd1.35Hg4.65S7,1.84,5
Cs2Cd2Bi2S5,1.7,5
Cs2Cd3(B4O7)4,4.76,5
Cs2Cd3Te4,2.48,5
Cs2CrCl4,0.0,5
Cs2Cu(PS3)3,2.4,5
Cs2Cu2Sb2S5,1.6,5
Cs2DyCu3Te4,1.38,5
Cs2Ga2S5,3.26,5
Cs2Ga2Se5,1.95,5
Cs2Hg(ICl)2,2.15,5
Cs2Hg3I8,2.56,5
Cs2Hg3S4,2.8,5
Cs2Hg6S7,1.63,5
Cs2La1.19Bi8.81S16,1.0,5
Cs2Li3(BO2)5,7.3,5
Cs2MgGe3Se8,2.04,5
Cs2MgSn3Se8,1.92,5
Cs2Mo15S19,0.0,5
Cs2NaCoF6,0.0,5
Cs2NaMgF6,0.0,5
Cs2NaMnF6,0.0,5
Cs2NbCuSe4,2.19,5
Cs2P2PdSe6,1.6,5
Cs2PdSe8,1.5,5
Cs2Pt(IO3)6,2.4,5
Cs2SCl6F,0.0,5
Cs2Sb,0.62,5
Cs2SeClF6,0.0,5
Cs2SiB4O9,6.53,5
Cs2Sn(PSe3)2,2.06,5
Cs2Sn3(SbS5)2,2.34,5
Cs2Te,3.5,5
Cs2TeBr6,2.12,5
Cs2TeI6,1.5,5
Cs2Th(PS3)3,2.8,5
Cs2Ti(AgS2)2,2.44,5
Cs2VAgS4,1.77,5
Cs2Zn3(SeO3)4,4.3,5
Cs2ZnGe3S8,3.33,5
Cs2ZnGe3Se8,2.31,5
Cs2ZnGe3Te8,1.07,5
Cs2ZnSn3Se8,2.12,5
Cs39Ga53(Se16Cl)6,2.74,5
Cs3As,0.6,5
Cs3Bi2Br9,2.5,5
Cs3Bi2I9,1.8,5
Cs3Li4(BO2)7,6.53,5
Cs3NaZn2Ge21,0.3,5
Cs3Nb2AsSe11,1.35,5
Cs3Nb9(TeO8)4,3.22,5
Cs3PW3O13,3.27,5
Cs3Sb,1.6,5
Cs3Sb2Br9,2.3,5
Cs3Sb2I9,1.89,5
Cs3Sn3Cl7F2,2.96,5
Cs3V2Cl9,0.0,5
Cs4Ag9(SbS3)4,2.0,5
Cs4BiAs3Se7,1.02,5
Cs4Ga4Si19,1.14,5
Cs4Ge(PSe3)4,2.0,5
Cs4Ge5(PbS4)4,1.95,5
Cs4In8GeSe16,2.2,5
Cs4Zr3S14,2.35,5
Cs5Bi(PSe3)4,1.85,5
Cs5Mo21Se23,0.0,5
Cs5P5Se12,2.17,5
Cs6.4Na1.6Ga8Ge38,0.22,5
CsAg2AsS3,2.7,5
CsAg2TeS6,2.04,5
CsAg5Te3,0.65,5
CsAgCl3,0.0,5
CsAgSb4S7,2.04,5
CsAu,2.3,5
CsB3O5,7.42,5
CsBi2,0.55,5
CsBi3Se5,0.43,5
CsBiS2,1.39,5
CsBiSe2,1.07,5
CsCaO3,0.0,5
CsCd4Ga5S12,3.09,5
CsCd4Ga5Se12,2.21,5
CsCd4Ga5Te12,1.67,5
CsCd4In5Se12,1.62,5
CsCd4In5Te12,1.42,5
CsCdBO3,2.58,5
CsCdInSe3,2.4,5
CsCeCdSe3,2.4,5
CsCeHgSe3,1.94,5
CsCu(SbS2)2,1.7,5
CsCu2AsS3,2.3,5
CsCu2SbS3,1.63,5
CsDy9(Cd2Se9)2,1.99,5
CsEr9(Cd2Se9)2,2.09,5
CsErZnSe3,2.56,5
CsEuF3,0.0,5
CsF,10.0,5
CsGa(SnSe3)2,1.87,5
CsGa7,0.0,5
CsGaS3,3.0,5
CsGaSnSe4,1.97,5
CsGdO3,0.0,5
CsGdZnTe3,2.13,5
CsGe5BO12,4.89,5
CsGeB3O7,5.76,5
CsGeI3,1.6,5
CsH3(SeO3)2,4.77,5
CsHo9(Cd2Se9)2,2.06,5
CsIn(SnSe3)2,1.78,5
CsInGeSe4,2.32,5
CsInHgS3,2.3,5
CsInI3,0.0,5
CsInS2,3.4,5
CsInSe2,2.81,5
CsInSnS4,2.9,5
CsInTe2,2.16,5
CsInTe3O8,3.9,5
CsIr,0.0,5
CsIrO3,0.0,5
CsK(PSe4)2,2.36,5
CsLaHgSe3,2.46,5
CsLi(B3O5)2,6.89,5
CsLiCO3,6.19,5
CsLu7S11,1.86,5
CsLu7Se11,1.78,5
CsMg149,0.0,5
CsMn4Ga5Te12,1.55,5
CsMn4In5Se12,1.79,5
CsMn4In5Te12,1.48,5
CsMnSb,0.0,5
CsNa2Sb,0.8,5
CsNa8(B7O12)3,4.67,5
CsNb6I11,0.0,5
CsNbSe2O7,4.2,5
CsNi2F6,0.0,5
CsPPbO4,4.39,5
CsPSe4,2.44,5
CsPSe6,1.9,5
CsRb(PSe4)2,2.41,5
CsRb2Sb,1.5,5
CsRbP,0.0,5
CsSb(SO4)2,4.68,5
CsSbS2,2.8,5
CsSbSe2,1.7,5
CsSbTe2,0.43,5
CsSc(SeO3)2,5.2,5
CsScBr3,0.0,5
CsSmCdSe3,2.45,5
CsSmHgSe3,2.37,5
CsSn3,0.0,5
CsTa3(SeO6)2,3.88,5
CsTaPSe6,2.29,5
CsTb9(Cd2Se9)2,1.95,5
CsTbZnTe3,2.12,5
CsTiCl3,0.0,5
CsTiF4,0.0,5
CsTm9(Cd2Se9)2,2.16,5
CsUCuS3,0.0,5
CsVP2S7,0.0,5
CsWCl6,0.0,5
CsYCdSe3,2.54,5
CsYHgSe3,2.54,5
CsYTe3O8,3.4,5
CsYbCoSe3,0.95,5
CsYbMnSe3,1.59,5
CsZn2B3O7,5.69,5
CsZn4In5Se12,1.61,5
CsZn4In5Te12,1.61,5
CsZrPSe6,2.0,5
Cu(IrS2)2,0.0,5
Cu(NO3)2,0.0,5
Cu0.5Ge1Pb1.75S4,1.48,5
Cu0.96Bi2Se3I1,0.68,5
Cu1.8S1,2.3,5
Cu10Sb3,0.0,5
Cu11Sb4S13,0.0,5
Cu15Si4,0.0,5
Cu18S11,0.0,5
Cu23(Sb4S13)2,0.0,5
Cu25Se26,0.0,5
Cu2GeS3,0.53,5
Cu2H3ClO3,0.0,5
Cu2Hg2SF6,0.0,5
Cu2HgGeSe4,0.0,5
Cu2O,2.58,5
Cu2OF2,0.0,5
Cu2PHO5,0.0,5
Cu2Sb,0.0,5
Cu2Te3O8,2.64,5
Cu2WSe4,1.65,5
Cu3(BiI4)4,0.0,5
Cu3(P2O7)2,0.0,5
Cu3Bi6S10I,0.72,5
Cu3Hg2(Te3O8)2,2.56,5
Cu3Pd,0.0,5
Cu3SbSe4,0.31,5
Cu3Se2(ClO3)2,0.0,5
Cu4As2O9,0.0,5
Cu4H10SO12,0.0,5
Cu4Pd,0.0,5
Cu4Sn7S16,0.8,5
Cu4W(SCl)4,0.0,5
Cu5(Si2O7)2,0.0,5
Cu6PbO8,0.0,5
Cu7Hg6,0.0,5
Cu8O,0.0,5
Cu9O13,0.0,5
Cu9S5,0.0,5
Cu9Se4(Cl3O7)2,0.0,5
CuBS2,3.61,5
CuBi(PSe3)2,1.2,5
CuBiPbS3,0.12,5
CuBiPbSe3,0.07,5
CuBiSO,1.07,5
CuBiSeO,0.82,5
CuCN2,0.0,5
CuClO2,0.0,5
CuF,0.0,5
CuHg(SeO3)2,3.25,5
CuMoO4,0.0,5
CuN3,4.17,5
CuNi(CN)4,2.7,5
CuP2(HO3)2,0.0,5
CuPO4F,0.0,5
CuPS3,2.2,5
CuPd,0.0,5
CuPtO2,0.0,5
CuSbPbS3,1.31,5
CuSbS2,1.38,5
CuSbSe2,1.05,5
CuSeO3,0.0,5
Dy(Al2Cu)4,0.0,5
Dy(CoGe)2,0.0,5
Dy(CuSe)3,0.2,5
Dy(CuSi)2,0.0,5
Dy(CuTe)3,0.34,5
Dy(GeRu)2,0.0,5
Dy(InS2)3,1.22,5
Dy12C6I17,0.0,5
Dy12Co7,0.0,5
Dy1Te1.4,0.6,5
Dy1Te1.45,0.6,5
Dy1Te1.7,0.35,5
Dy2(GePt3)3,0.0,5
Dy2(MoO4)3,1.92,5
Dy2AlCo2,0.0,5
Dy2C,0.0,5
Dy2CdPd2,0.0,5
Dy2CuOs,0.0,5
Dy2MgIn,0.0,5
Dy2MgTl,0.0,5
Dy2Ni12P7,0.0,5
Dy2O3,5.0,5
Dy2S3,2.91,5
Dy2Sn5,0.0,5
Dy2Te3,0.69,5
Dy2Ti3Si4,0.0,5
Dy2TlCd,0.0,5
Dy2ZnIn,0.0,5
Dy3(CuGe)4,0.0,5
Dy3Al0.5Si1S7,2.22,5
Dy3Ga,0.0,5
Dy3GaS6,2.81,5
Dy3InC,0.0,5
Dy3MnB7,0.0,5
Dy4CdRh,0.0,5
Dy4GaSbS9,2.58,5
Dy4Sb3,0.0,5
Dy4Te3S4,1.43,5
Dy5Pb3,0.0,5
Dy5Sn3,0.0,5
Dy6FeTe2,0.0,5
Dy7In(CoGe3)4,0.0,5
DyAg,0.0,5
DyAgGe,0.0,5
DyAgHg2,0.0,5
DyAs,1.0,5
DyB2Rh2C,0.0,5
DyB6,3.3,5
DyBPd3,0.0,5
DyBiPd,0.0,5
DyBiPt,0.0,5
DyCd2,0.0,5
DyCoSi2,0.0,5
DyFeSi,0.0,5
DyGe,0.0,5
DyInAu,0.0,5
DyInCu2,0.0,5
DyInPt2,0.0,5
DyIr2,0.0,5
DyMn2,0.0,5
DyNiGe2,0.0,5
DyNiSn,0.0,5
DyPO4,6.38,5
DyRh,0.0,5
DyS2,0.0,5
DySiIr,0.0,5
DySn3,0.0,5
DySnRu2,0.0,5
DyYAg2,0.0,5
DyZnGa,0.0,5
DyZnRh2,0.0,5
DyZrRu2,0.0,5
DyZrSb,0.0,5
Er(Al10Cr)2,0.0,5
Er(CrSi)2,0.0,5
Er(CuGe)2,0.0,5
Er(CuTe)3,0.24,5
Er(InS2)3,1.28,5
Er(ReO4)2,0.0,5
Er(SiPd)2,0.0,5
Er2(Ga3Co)3,0.0,5
Er2(MoO4)3,0.96,5
Er2C3,0.0,5
Er2Fe14B,0.0,5
Er2Mg3Ru,0.0,5
Er2MnC4,0.0,5
Er2O3,5.42,5
Er2Se3,1.66,5
Er2SnAu2,0.0,5
Er2Te3,0.9,5
Er3Al3NiGe2,0.0,5
Er3SnC,0.0,5
Er3Te4,0.9,5
Er4NiB13,0.0,5
Er5Bi3,0.0,5
Er5NiPb3,0.0,5
Er5Si3,0.0,5
Er6MnBi2,0.0,5
ErAgSn,0.0,5
ErAl9(Fe2Si3)2,0.0,5
ErAlGe,0.0,5
ErB2Ir3,0.0,5
ErB2Ru3,0.0,5
ErB6,3.5,5
ErBPd3,0.0,5
ErBiW2O9,3.26,5
ErCu,0.0,5
ErCuPb,0.0,5
ErFeC2,0.0,5
ErHg2,0.0,5
ErLu3,0.0,5
ErMg2,0.0,5
ErNi4Au,0.0,5
ErNi4B,0.0,5
ErNiSn,0.0,5
ErPbAu,0.0,5
ErRu3,0.0,5
ErSe2,1.07,5
ErSiPd,0.0,5
ErSnAu,0.0,5
ErTe,0.9,5
ErTlPd,0.0,5
ErZn12,0.0,5
Eu(AlAu)2,0.0,5
Eu(AsPd)2,0.0,5
Eu(BiSe2)2,1.02,5
Eu(BiTe2)2,0.44,5
Eu(CdSb)2,0.0,5
Eu(ClO4)3,0.0,5
Eu(DySe2)2,1.8,5
Eu(ErSe2)2,1.7,5
Eu(FeSi)2,0.0,5
Eu(GaS2)2,2.25,5
Eu(GaSe2)2,2.16,5
Eu(GaTe2)2,1.7,5
Eu(HoSe2)2,1.8,5
Eu(InAs)2,0.0,5
Eu(InS2)2,1.5,5
Eu(InSe2)2,1.31,5
Eu(InTe2)2,1.22,5
Eu(LuSe2)2,1.7,5
Eu(MgBi)2,0.0,5
Eu(MnGe)2,0.0,5
Eu(Ni2B)6,0.0,5
Eu(NiAs)2,0.0,5
Eu(POs)2,0.0,5
Eu(SbS2)2,1.2,5
Eu(SbSe2)2,0.95,5
Eu(TmSe2)2,1.8,5
Eu(ZnGe)2,0.0,5
Eu(ZnSi)2,0.0,5
Eu1.75Ag0.5Ge1S4,2.14,5
Eu1.83Ta15O32,0.23,5
Eu2(Ga3Rh)3,0.0,5
Eu2C(NO)2,0.0,5
Eu2CuO4,0.0,5
Eu2Ga2GeS7,2.3,5
Eu2Ge(BO4)2,0.0,5
Eu2O3,4.5,5
Eu2PBr,0.0,5
Eu2ReO5,0.0,5
Eu2Se3,1.02,5
Eu2SnSe5,1.07,5
Eu2TeO2,0.0,5
Eu3(InP2)2,0.45,5
Eu3As2,0.6,5
Eu3BWO9,0.0,5
Eu3Bi4S9,1.18,5
Eu3P2,1.2,5
Eu3S4,1.7,5
Eu3Sb4S9,1.2,5
Eu3Sb4Se9,1.08,5
Eu3Se4,0.58,5
Eu3Sn,0.0,5
Eu4Te7,0.31,5
Eu7(Ga3Sb4)2,0.6,5
EuAgSb,0.0,5
EuAl2O4,2.74,5
EuAlO3,0.0,5
EuB(SbO4)2,3.46,5
EuBi3,0.0,5
EuBiW2O9,3.63,5
EuCd11,0.0,5
EuClO,0.0,5
EuCo8P5,0.0,5
EuCu2SnS4,1.85,5
EuCu9Sn4,0.0,5
EuCuSeF,0.0,5
EuCuSeO,0.0,5
EuF3,0.0,5
EuGe3Pt,0.0,5
EuH2,1.85,5
EuIn2(GeIr)4,0.26,5
EuN,1.25,5
EuNiGe3,0.0,5
EuO,1.12,5
EuPPt,0.0,5
EuPd,0.0,5
EuRhO3,0.0,5
EuS,1.65,5
EuSb4S7,0.98,5
EuSb4Te7,0.54,5
EuSbO3,0.0,5
EuScO3,0.0,5
EuSe,3.1,5
EuSeClO3,0.0,5
EuSn3,0.0,5
EuSnAu2,0.0,5
EuSnO3,0.0,5
EuSnTe2,0.6,5
EuTiClO3,0.0,5
EuTiO3,0.0,5
EuTl,0.0,5
EuZn,0.0,5
Fe(PdSe)2,0.0,5
Fe10O9F11,0.0,5
Fe12As5,0.0,5
Fe2B(PO4)3,3.52,5
Fe2Cu(PO4)3,0.0,5
Fe2O2F3,0.0,5
Fe2O3,2.2,5
Fe2S,0.0,5
Fe3B,0.0,5
Fe3N,0.0,5
Fe3Si,0.0,5
Fe4H15(IO8)3,2.3,5
Fe4O7F,0.0,5
Fe4Si2Sn7O16,0.0,5
Fe6O7F5,0.0,5
Fe6W6C,0.0,5
Fe9Co7,0.0,5
FeAg3(CN)6,0.0,5
FeAgSe2,0.23,5
FeAs2O7,0.0,5
FeAsSe,0.6,5
FeBi(SeO3)3,2.54,5
FeBi25O39,2.8,5
FeCo2Si,0.0,5
FeCoAs,0.0,5
FeCuSe2,0.15,5
FeCuTe2,0.16,5
FeI2,5.15,5
FeOF,0.0,5
FeP,0.0,5
FeP4,0.32,5
FePS,0.25,5
FePd3,0.0,5
FeRhO3,0.0,5
FeSn,0.0,5
Ga1As0.1P0.9,1.22,5
Ga0.001Te1Pb0.999,0.3,5
Ga0.005Te1Pb0.995,0.37,5
Ga0.01Te1Pb0.99,0.42,5
Ga0.04Te1Pb0.96,0.37,5
Ga0.07Te1Pb0.93,0.34,5
Ga0.95Hg0.05Sb0.95Te0.05,0.69,5
Ga0.99Hg0.01Sb0.99Te0.01,0.72,5
Ga0.9Hg0.1Sb0.9Te0.1,0.65,5
Ga1.001Sb0.999Se0.003,0.71,5
Ga1.001Sb0.999Te0.003,0.72,5
Ga1.002Sb0.998Se0.006,0.7,5
Ga1.002Sb0.998Te0.006,0.7,5
Ga1.005Sb0.995Se0.015,0.64,5
Ga1.005Sb0.995Te0.015,0.68,5
Ga1.01Cu0.99Se2.01,1.59,5
Ga1.01Sb0.99Se0.03,0.62,5
Ga1.01Sb0.99Te0.03,0.68,5
Ga1.02Sb0.98Se0.06,0.63,5
Ga1.02Sb0.98Te0.06,0.68,5
Ga1.05Sb0.95Se0.15,0.66,5
Ga1.05Sb0.95Te0.15,0.68,5
Ga1.1Cu0.9Se2.1,1.59,5
Ga1.1Sb0.9Se0.3,0.67,5
Ga1.1Sb0.9Te0.3,0.7,5
Ga1.2Cu0.8Se2.2,1.58,5
Ga1.5Cu0.5S2.5,2.43,5
Ga1.5Cu0.5Se2.5,1.76,5
Ga1.65Cu0.35S2.65,2.53,5
Ga1.65Cu0.35Se2.65,1.81,5
Ga1.6Cu0.4S2.6,2.45,5
Ga1.7Cu0.3S2.7,2.55,5
Ga1.85Cu0.15Se2.85,1.92,5
Ga1.8Cu0.2S2.8,2.65,5
Ga1.8Cu0.2Se2.8,1.86,5
Ga1.95Cu0.05S2.95,2.64,5
Ga1.95Cu0.05Se2.95,1.96,5
Ga1.99Cu0.01Se2.99,1.99,5
Ga1.9Cu0.1S2.9,2.6,5
Ga1As0.01P0.99,2.23,5
Ga1As0.2P0.8,2.2,5
Ga1As0.3P0.7,2.16,5
Ga1As0.4P0.6,2.1,5
Ga1As0.5P0.5,2.0,5
Ga1As0.6P0.4,1.91,5
Ga1As0.7P0.3,1.8,5
Ga1As0.8P0.2,1.62,5
Ga1As0.99P0.01,1.37,5
Ga1As0.9P0.1,1.5,5
Ga1Sb0.01As0.99,0.7,5
Ga1Sb0.14As0.86,0.66,5
Ga1Sb0.25As0.75,0.65,5
Ga1Sb0.35As0.65,0.68,5
Ga1Sb0.3As0.7,0.67,5
Ga1Sb0.85As0.15,1.1,5
Ga1Sb0.8As0.2,1.02,5
Ga1Sb0.95As0.05,1.28,5
Ga1Sb0.99As0.01,1.37,5
Ga2(TeO3)3,4.14,5
Ga2Cu1S3.5,2.42,5
Ga2CuSe4,0.63,5
Ga2GePbSe6,1.96,5
Ga2GeTe3,0.84,5
Ga2HgS4,2.79,5
Ga2HgSe4,1.95,5
Ga2NiS4,0.0,5
Ga2PbS4,2.38,5
Ga2PbSe4,1.83,5
Ga2S3,2.8,5
Ga2Se2O7,4.61,5
Ga2Si(AgS3)2,2.35,5
Ga2SiPbSe6,2.17,5
Ga2SnGeS6,2.04,5
Ga3CuTe5,1.09,5
Ga3Pt2,0.0,5
Ga3SiAg3Se8,2.3,5
Ga4Cu2Te7,1.08,5
Ga4PbS7,3.08,5
Ga4SnS7,3.1,5
Ga4SnSe7,2.55,5
Ga5Ge(PbS3)4,2.35,5
Ga5Ge(PbSe3)4,1.91,5
Ga5Pd13,0.0,5
Ga8Cu3Mo2,0.0,5
Ga9Rh2,0.0,5
GaAgGe3Se8,2.17,5
GaAgGe5Se12,2.14,5
GaAgGeS4,3.0,5
GaAgO2,2.2,5
GaAgTe2,1.1,5
GaAs2W,0.0,5
GaBi,0.1,5
GaBi25O39,2.99,5
GaCuGeSe4,1.38,5
GaCuO2,1.47,5
GaFe3,0.0,5
GaFeNi2,0.0,5
GaGeTe,1.1,5
GaHSeO4,5.51,5
GaP,2.74,5
GaSiAgSe4,2.63,5
GaSiRu2,0.0,5
GaTc,1.42,5
GaTc2W,0.0,5
Gd(CuS)3,1.62,5
Gd(CuSe)3,0.14,5
Gd(CuTe)3,0.52,5
Gd(InS2)3,1.13,5
Gd(NiGe)2,0.0,5
Gd(SiRu)2,0.0,5
Gd1.05Sc0.95Se3,1.2,5
Gd1.47Mn2.04In0.49S5,1.75,5
Gd1.87Lu2.13Se6,1.56,5
Gd1Mn1.95In1.05S5,1.66,5
Gd2(Zn2Ge)3,0.0,5
Gd2AlCo2,0.0,5
Gd2Mn4S7,1.44,5
Gd2O3,5.3,5
Gd2S3,2.55,5
Gd2Se3,2.2,5
Gd2Te3,0.74,5
Gd2Zn17,0.0,5
Gd2ZrS5,1.88,5
Gd3(AlNi3)2,0.0,5
Gd3.04Sc0.96S6,1.5,5
Gd3Al0.74Si0.7S7,2.34,5
Gd3Al7Ag2,0.0,5
Gd3Co11B4,0.0,5
Gd3ReO7,0.0,5
Gd3S4,0.0,5
Gd4GaSbS9,2.41,5
Gd6Ge2.5S14,2.2,5
Gd6Ta4Al43,0.0,5
GdAs,0.63,5
GdB(SbO4)2,3.48,5
GdB6,3.6,5
GdB66,1.27,5
GdCd2,0.0,5
GdCd4B3O10,3.8,5
GdGeRu,0.0,5
GdH2NO5,4.84,5
GdInIr,0.0,5
GdN,1.54,5
GdNiO3,0.0,5
GdO2,0.0,5
GdPbAu,0.0,5
GdSb,0.0,5
GdSbPd,0.0,5
GdScS3,2.1,5
GdSe2,0.0,5
GdTe,1.3,5
GdZn,0.0,5
GdZnIn,0.0,5
Ge(Bi3O5)4,3.25,5
Ge(SeO3)2,5.27,5
Ge(WO3)6,0.0,5
Ge0.01Pb0.99Se1,0.27,5
Ge0.01Te0.01Pb0.99Se0.99,0.23,5
Ge0.01Te0.99Pb0.99S0.01,0.32,5
Ge0.01Te1Pb0.99,0.32,5
Ge0.02Te0.98Pb0.98S0.02,0.34,5
Ge0.03Pb0.97Se0.97S0.03,0.28,5
Ge0.05Pb0.95Se0.95S0.05,0.29,5
Ge0.05Pb0.95Se1,0.28,5
Ge0.05Te0.95Pb0.95S0.05,0.4,5
Ge0.05Te1Pb0.95,0.34,5
Ge0.06Te0.06Pb0.94Se0.94,0.28,5
Ge0.15Pb0.85Se0.85S0.15,0.34,5
Ge0.15Te0.15Pb0.85Se0.85,0.32,5
Ge0.15Te1Pb0.85,0.36,5
Ge0.1Pb0.9Se0.9S0.1,0.32,5
Ge0.1Pb0.9Se1,0.3,5
Ge0.1Te1Pb0.9,0.35,5
Ge0.25Te1Pb0.75,0.44,5
Ge0.2Pb0.8Se1,0.35,5
Ge0.2Te0.2Pb0.8Se0.8,0.36,5
Ge0.2Te1Pb0.8,0.4,5
Ge0.39Te1Pb0.61,0.56,5
Ge0.3Pb0.7Se1,0.4,5
Ge0.3Te1Pb0.7,0.48,5
Ge0.41Te1Pb0.59,0.49,5
Ge0.4Te1Pb0.6,0.51,5
Ge2Os,0.0,5
Ge2Sb2Te5,0.5,5
Ge3Bi3O10.5,3.3,5
Ge3Sb,0.0,5
Ge40Te5.3I8,0.8,5
Ge5(Te4As)2,0.0,5
GeAs3,0.0,5
GeI2,1.5,5
GeO2,5.54,5
GeP,0.95,5
GePb2(SeO3)4,4.1,5
GePbS3,2.4,5
GePt2,0.0,5
GeRh,0.0,5
GeTe2,0.3,5
H2Se,0.0,5
H7Se2NO6,4.81,5
HPbI3,0.0,5
Hf(CoSi)2,0.0,5
Hf(CuP)2,0.0,5
Hf(VGa2)2,0.0,5
Hf(VH2)2,0.0,5
Hf2Al3C4,0.0,5
Hf2Co4P3,0.0,5
Hf2Fe,0.0,5
Hf2Ge,0.0,5
Hf2Hg,0.0,5
Hf2MnIr,0.0,5
Hf2Ni,0.0,5
Hf2OsPd,0.0,5
Hf2ReRh,0.0,5
Hf2S,0.0,5
Hf2Si,0.0,5
Hf2Tl,0.0,5
Hf3(CuSi)4,0.0,5
Hf3(NiGe)4,0.0,5
Hf3P,0.0,5
Hf3P3Pd4,0.0,5
Hf3Sb,0.0,5
Hf3Zn3N,0.0,5
Hf4Al3,0.0,5
Hf4Co4Si7,0.0,5
Hf54Os17,0.0,5
Hf5CuPb3,0.0,5
Hf5Pb,0.0,5
Hf5Sb3,0.0,5
Hf5Sb9,0.0,5
Hf5Si4,0.0,5
Hf5Sn3,0.0,5
Hf5Sn4,0.0,5
Hf5Te4,0.0,5
Hf6PbO18,0.0,5
Hf7P4,0.0,5
HfAlPd2,0.0,5
HfAs2,0.0,5
HfAsRh,0.0,5
HfB,0.0,5
HfB4Ir3,0.0,5
HfC,0.0,5
HfCo3B2,0.0,5
HfFe2,0.0,5
HfGaCo2,0.0,5
HfHg4(AsCl3)2,2.47,5
HfHg4(PCl3)2,3.26,5
HfInCu2,0.0,5
HfNi5,0.0,5
HfO2,5.55,5
HfOs2,0.0,5
HfPt,0.0,5
HfS2,2.9,5
HfSe2,2.2,5
HfSi,0.0,5
HfSiPt,0.0,5
HfTc,0.0,5
HfTiF6,0.0,5
HfTl3,0.0,5
HfVSi,0.0,5
HfZnNi2,0.0,5
Hg2Rh,0.0,5
Hg2Sb2O7,0.0,5
Hg3As,0.0,5
Hg3Bi2(SCl4)2,3.26,5
Hg3Bi2(TeCl4)2,2.8,5
Hg3C,0.0,5
Hg3PS3,1.98,5
Hg3PS4,2.03,5
Hg3Sb,0.0,5
Hg5AsS2I3,1.57,5
Hg7.5As4Cl6,1.73,5
Hg8Bi3As4Cl13,2.43,5
HgBr,2.6,5
HgBr2,3.59,5
HgBrCl,3.4,5
HgCl2,4.45,5
HgI,2.37,5
HgIrO3,0.0,5
HgOsPb2,0.0,5
HgPS3,2.6,5
HgPt,0.0,5
HgPt3,0.0,5
HgRhO3,0.0,5
HgS,2.1,5
HgTe,0.15,5
HgTeBr,2.06,5
HgTeI,1.85,5
Ho(BC)2,0.0,5
Ho(BiO3)2,0.0,5
Ho(CuO2)2,0.0,5
Ho(CuSe)3,0.16,5
Ho(CuTe)3,0.26,5
Ho(InS2)3,1.23,5
Ho(MnSn)6,0.0,5
Ho(NiB)2,0.0,5
Ho(SbO3)2,0.0,5
Ho(SiOs)2,0.0,5
Ho(SiPd)2,0.0,5
Ho(SiPt)2,0.0,5
Ho(SiRu)2,0.0,5
Ho10Si17,0.0,5
Ho2Au,0.0,5
Ho2B4C,0.0,5
Ho2Co17,0.0,5
Ho2CuRh,0.0,5
Ho2Ge5Rh3,0.0,5
Ho2GeS5,2.5,5
Ho2HfS5,1.0,5
Ho2O3,5.42,5
Ho2Pd2Pb,0.0,5
Ho2S3,0.5,5
Ho3AlC,0.0,5
Ho3GaC,0.0,5
Ho3Ge5,0.0,5
Ho3Hg,0.0,5
Ho3Ni19B10,0.0,5
Ho3P,0.0,5
Ho3Pd2,0.0,5
Ho4C7,0.0,5
Ho4Ga16Co3,0.0,5
Ho5(Ge5Rh2)2,0.0,5
Ho5Si4,0.0,5
HoAlAu2,0.0,5
HoAlB14,0.0,5
HoB2Rh3,0.0,5
HoB4,0.0,5
HoC2,0.0,5
HoCd,0.0,5
HoCd3,0.0,5
HoCdCu4,0.0,5
HoCo3,0.0,5
HoCu4Pd,0.0,5
HoGe,0.0,5
HoGeAu,0.0,5
HoInAu2,0.0,5
HoInPt,0.0,5
HoMg2,0.0,5
HoMgAu2,0.0,5
HoMgZn2,0.0,5
HoMn12,0.0,5
HoNiGe,0.0,5
HoSb2,0.0,5
HoSi,0.0,5
HoSiRu2C,0.0,5
HoTh3,0.0,5
HoTiGe,0.0,5
HoTiO3,0.0,5
HoTiSi,0.0,5
HoTlPd,0.0,5
HoZnRh,0.0,5
HoZnRh2,0.0,5
ICl2,0.0,5
In(MoSe)3,0.0,5
In(PSe2)2,1.29,5
In0.001Te1Pb0.999,0.3,5
In0.005Te1Pb0.995,0.43,5
In0.01Ga0.99As0.99P0.01,1.43,5
In0.01Ga0.99As1,1.4,5
In0.01Te1Pb0.99,0.53,5
In0.04Te1Pb0.96,0.37,5
In0.07Te1Pb0.93,0.32,5
In0.1Ga0.9As0.1P0.9,2.25,5
In0.1Ga0.9As0.9P0.1,1.6,5
In0.2Ga0.8As0.2P0.8,2.15,5
In0.2Ga0.8As0.8P0.2,1.58,5
In0.2Ga0.8As1,1.07,5
In0.3Ga0.7As0.3P0.7,2.05,5
In0.3Ga0.7As0.7P0.3,1.67,5
In0.3Ga0.7As1,1.0,5
In0.3Ga0.7P1,2.2,5
In0.4Ga0.6As0.4P0.6,1.85,5
In0.4Ga0.6As0.6P0.4,1.74,5
In0.4Ga0.6As1,0.81,5
In0.4Ga0.6P1,2.05,5
In0.4Ga1.6Cu1S3.5,2.15,5
In0.5Ga0.5As1,0.75,5
In0.5Ga0.5P1,1.9,5
In0.6Ga0.4As0.6P0.4,1.25,5
In0.72Ga0.28As1,0.55,5
In0.7Ga0.3As0.3P0.7,1.58,5
In0.8Ga0.2As0.2P0.8,1.4,5
In0.8Ga0.2As0.8P0.2,0.85,5
In0.8Ga0.2As1,0.5,5
In0.99Ga0.01As0.01P0.99,1.3,5
In0.99Ga0.01As0.99P0.01,0.3,5
In0.9Ga0.1As0.1P0.9,1.32,5
In0.9Ga0.1As0.9P0.1,0.45,5
In1.01Cu0.99Se2.01,1.08,5
In1.05Cu0.95Se2.05,1.07,5
In1.1Cu0.9Se2.1,1.06,5
In1.3Cu0.7Se2.3,1.1,5
In1.5Cu0.5Se2.5,1.24,5
In1.65Cu0.35Se2.65,1.19,5
In1.6Cu0.4Se2.6,1.32,5
In1.6Ga0.4Cu1S3.5,1.55,5
In1.7Cu0.3Se2.7,1.21,5
In1.85Cu0.15Se2.85,1.32,5
In1.8Cu0.2Se2.8,1.26,5
In1.99Cu0.01Se2.99,1.45,5
In1.9Cu0.1Se2.9,1.45,5
In11.3Bi14.7S38,1.45,5
In11Cu9Se20,0.0,5
In1Ag1.75Sb5.75Se11,0.94,5
In1Ga1Cu1S3.5,1.84,5
In1Hg4As2.5Br3.5,1.71,5
In1Sb0.01As0.99,0.17,5
In1Sb0.1As0.9,0.14,5
In1Sb0.2As0.8,0.12,5
In1Sb0.3As0.7,0.11,5
In1Sb0.4As0.6,0.1,5
In1Sb0.5As0.5,0.1,5
In1Sb0.6As0.4,0.13,5
In1Sb0.7As0.3,0.16,5
In1Sb0.8As0.2,0.21,5
In1Sb0.99As0.01,0.35,5
In1Sb0.9As0.1,0.27,5
In2As2Cl2O5,4.62,5
In2B(PO4)3,5.39,5
In2Bi3Se7I,1.38,5
In2Co,0.0,5
In2Cu1S3.5,1.43,5
In2FeSe4,1.15,5
In2GeTe3,0.68,5
In2Hg6(P2Cl3)3,3.13,5
In2HgS4,2.0,5
In2HgSe4,0.6,5
In2O3,2.8,5
In2Pt,0.0,5
In2S3,2.0,5
In2Se2O7,2.97,5
In2Te,0.46,5
In3AgTe5,0.68,5
In3Au10,0.0,5
In3Bi7(Pb2S9)2,0.0,5
In3CuS5,1.2,5
In3CuSe5,0.6,5
In3Pd5,0.0,5
In3Sb,0.0,5
In4As5(BrO4)3,4.22,5
In4Bi3S10,1.42,5
In4Cu2Te7,1.1,5
In4S5,0.9,5
In4Se3,0.64,5
In5AgS8,1.76,5
In5AgTe8,0.47,5
In5CuS8,1.34,5
In5Se6,0.14,5
In9AgTe14,1.5,5
InAg3,0.0,5
InAgO2,4.2,5
InAgTe2,0.93,5
InAsI,0.41,5
InAu3,0.0,5
InBi2S4Br,1.5,5
InBi2S4Cl,1.5,5
InBi2Se4Br,1.21,5
InCuGeSe4,1.3,5
InCuS2,1.5,5
InFe2CuSe4,0.0,5
InHg7S6Cl5,2.54,5
InHgW2,0.0,5
InPS4,3.12,5
InPt,0.0,5
InPt3C,0.0,5
InSb2S4Br,1.8,5
InSb2S4Cl,1.8,5
InSb2Se4Br,1.35,5
InSiIr,0.0,5
InSiTe3,0.0,5
InSn2As2Se,0.2,5
InSnAsSe,0.26,5
Ir0.67S2,2.0,5
Ir0.67Se2,0.45,5
IrPb,0.0,5
IrS2,0.9,5
IrSe2,0.9,5
IrSeS,1.2,5
K(CoSe)2,0.0,5
K(FeAs)2,0.0,5
K(GeSe2)2,1.8,5
K(OsO3)2,0.0,5
K0.8Sn2Hg1.2S8,2.78,5
K1.25Bi7.25Pb3.5Se15,0.53,5
K1.46Sn3.09Bi7.45Se15,0.39,5
K1.83Cd1.83Bi2.17S6,1.37,5
K10Fe4Sn4S17,2.2,5
K10Mn4Sn4S17,2.3,5
K10Sn3(PSe3)8,1.82,5
K10Zn4Ge4S17,3.34,5
K11Mn4O16,0.0,5
K2.15Sb8.15Pb1.7Se15,0.6,5
K2Ag3Sb3S7,2.2,5
K2AgSnSe4,1.8,5
K2Al2B2O7,6.89,5
K2Au(IO3)5,2.65,5
K2B10H9O,0.0,5
K2BaNb2S11,1.77,5
K2Cd(PSe3)2,2.58,5
K2Cd2Te3,1.93,5
K2Cd3S4,2.75,5
K2Cd3Se4,2.36,5
K2Cd3Te4,2.26,5
K2Ce(PO4)2,2.46,5
K2Dy2Ti3O10,3.38,5
K2FeGe3Se8,1.95,5
K2Ga3CuSe6,1.72,5
K2Gd2Sb2Se9,1.33,5
K2Gd2Ti3O10,3.3,5
K2Ge2PbS6,2.85,5
K2Ge3(BO5)2,5.38,5
K2Hg(PSe3)2,2.25,5
K2Hg3(GeS4)2,2.64,5
K2Hg3Se1.31S2.69,2.28,5
K2Hg3Se2.97S1.03,2.11,5
K2Ho4Cu4S9,2.43,5
K2In2P3Se10,2.2,5
K2In3AgSe6,1.64,5
K2In3CuSe6,1.68,5
K2La2Sb2S9,2.2,5
K2La2Ti3O10,3.05,5
K2Mn(SnSe3)2,2.0,5
K2Mn3S4,0.0,5
K2MnSnSe4,1.7,5
K2Mo2Se2O11,3.3,5
K2NbCuS4,2.82,5
K2NbCuSe4,2.14,5
K2NbO6,0.0,5
K2Nd2Ti3O10,3.25,5
K2PAuS4,2.63,5
K2PdSe10,1.48,5
K2RbSb,1.2,5
K2ReH9,5.71,5
K2RuCl6,0.0,5
K2S,2.1,5
K2Sb8Se3,1.31,5
K2Se,1.8,5
K2Sm2Ti3O10,3.26,5
K2SmP2S7,2.59,5
K2Sn(AuS2)2,2.75,5
K2Sn3(SbS5)2,2.3,5
K2Ta15O32,0.33,5
K2Te,1.9,5
K2TeI6,1.38,5
K2Th(CuS2)2,2.17,5
K2Ti(CuS2)2,2.04,5
K2VAgS4,1.85,5
K2VCuS4,1.82,5
K2Zn(SnSe3)2,1.71,5
K2ZnTe2,3.0,5
K3(FeS2)2,0.0,5
K3B6ClO10,6.89,5
K3Bi2I9,2.1,5
K3Cd(BO2)5,3.47,5
K3Cr2(PS4)3,1.35,5
K3Ga3Ge7S20,3.25,5
K3Ga3Ge7Se20,2.23,5
K3Hg,0.0,5
K3LiNb6O15,0.0,5
K3NaSn3Se8,2.2,5
K3Nb2AsSe11,1.53,5
K3Sm(AsS4)2,2.2,5
K3Sn,0.0,5
K3Ta2AsS11,2.21,5
K3Ta2AsSe11,1.45,5
K3Th2Cu3S7,2.49,5
K3Ti2P5S18,1.61,5
K3UF3,0.0,5
K3V,0.0,5
K4(ZrSe5)3,1.81,5
K4Ag9(SbS3)4,2.0,5
K4Al4Si19,1.4,5
K4C2O3,0.0,5
K4Ce3Sn3S14,2.46,5
K4Ga4Si19,1.18,5
K4Ge(PSe3)4,2.0,5
K4GeS4,0.8,5
K4GeSe4,0.64,5
K4Hf3Se14,2.02,5
K5In3P6Se19,2.2,5
K6Cd4Sn3Se13,2.33,5
K6CdTe4,2.51,5
K6Ta1.03Nb2.97S25,2.01,5
K6Ta2.93Nb1.07S22,1.88,5
K6Yb3(PS4)5,2.6,5
K8Ce2I18O53,2.34,5
K8N3O,0.0,5
K9Bi13S24,1.4,5
KAg2,0.0,5
KAg2AsS3,2.25,5
KAg2PS4,3.02,5
KAg2SbS3,2.1,5
KAg2SbS4,2.2,5
KAgAsS2,2.21,5
KAgF3,0.0,5
KAgO,0.0,5
KAlGeS4,3.5,5
KAsSe2,1.62,5
KAu(IO3)4,2.75,5
KB5PbO9,3.1,5
KBaAsSe3,2.26,5
KBaB5O9,3.65,5
KBaSbSe3,2.04,5
KBi2,0.0,5
KBi3S5,1.21,5
KBiO3,0.0,5
KBiS2,0.86,5
KBiSe2,0.61,5
KBr,7.6,5
KC60,0.0,5
KCd4Ga5Se12,2.16,5
KCeSe4,1.54,5
KCl,8.5,5
KCoO2,0.0,5
KCu2BiS3,1.29,5
KCu3S2,1.46,5
KCu4AsS4,1.9,5
KCuPO4,0.0,5
KCuSnS3,1.47,5
KCuSnSe3,1.04,5
KEuAsS4,1.89,5
KEuS2,0.0,5
KF,10.3,5
KFe2BiO5,1.76,5
KFeCuTe2,1.06,5
KGaSe2,2.6,5
KGaSnSe4,1.73,5
KH(CN2)3,0.0,5
KHg,0.0,5
KHg11,0.0,5
KHg2,0.0,5
KIn(TeO3)2,4.0,5
KInGeS4,3.1,5
KInS2,3.0,5
KInSe2,2.68,5
KInSnS4,2.3,5
KLi(WO3)3,0.0,5
KLiCO3,6.32,5
KLu,0.0,5
KMo6S7,0.0,5
KNb2O5,0.0,5
KNb2Se,0.0,5
KNb3(SeO6)2,3.46,5
KNb3(TeO6)2,3.52,5
KNbSe2O7,4.0,5
KP(HO2)2,6.95,5
KPAu5S8,2.14,5
KPPbO4,4.44,5
KPSe3,2.08,5
KPSe6,2.16,5
KRbBi8Se13,0.64,5
KRuO4,0.0,5
KSb,0.9,5
KSb(SO4)2,4.64,5
KSc(SeO3)2,5.4,5
KScO3,0.0,5
KSi2P3,1.72,5
KSiBiS4,2.25,5
KSm2CuS4,2.17,5
KSnAuS3,2.3,5
KSnAuSe3,2.28,5
KTa3(TeO6)2,4.06,5
KTa3CuO9,0.0,5
KTaO3,3.5,5
KTbSe4,1.65,5
KTeP2,1.4,5
KThCuS3,2.95,5
KTi2F7,6.4,5
KTi5Se8,0.0,5
KTm,0.0,5
KUClO3,2.37,5
KUCuSe3,0.0,5
KV2I3O13,2.3,5
KV4Ag11O16,2.0,5
KV6O11,0.0,5
KY(TeO3)2,3.8,5
KYb2F7,0.0,5
KYbSe2,0.0,5
KZn4(BO3)3,2.32,5
KZrPSe6,2.0,5
La(FeAs3)4,0.0,5
La(In2Au)2,0.0,5
La(InS2)3,1.03,5
La(Ni2B)6,0.0,5
La(PRu)2,0.0,5
La(SiOs)2,0.0,5
La(SiRu)2,0.0,5
La1.86Tb1.14Ga1.67S7,2.67,5
La10Mn9O30,0.0,5
La10Se14O,2.04,5
La10Si8O3,0.0,5
La16Mn15O48,0.0,5
La1Se0.14S1.86,2.5,5
La2.1Bi5.9Pb2S14,1.0,5
La20Cu9O40,0.0,5
La20Mo12Cl4O63,2.4,5
La2B4Rh5,0.0,5
La2CuO4,0.0,5
La2Fe(SeO)2,0.7,5
La2Fe2I,0.0,5
La2Ga0.33Sb1S5,1.76,5
La2Ga2GeS8,2.78,5
La2Ge2Se7,1.08,5
La2Ge5Ir3,0.0,5
La2Ge5Rh3,0.0,5
La2GeSe5,1.24,5
La2HfS5,0.7,5
La2In,0.0,5
La2Mn(SeO)2,1.6,5
La2Nb2N2O5,0.0,5
La2Ni5B4,0.0,5
La2O3,5.4,5
La2PC,0.0,5
La2PI2,0.0,5
La2PdO4,0.0,5
La2Pr2O7,0.0,5
La2Rh7,0.0,5
La2S3,2.77,5
La2Si5Rh3,0.0,5
La2Sn5Rh3,0.0,5
La2TiCoO6,1.02,5
La2V2IO9,3.63,5
La2VCoO6,0.41,5
La2VNiO6,0.45,5
La2YbCuS5,1.45,5
La2YbCuSe5,1.15,5
La2Zn(SeO)2,3.4,5
La2ZrS5,2.01,5
La3(BN2)2,0.0,5
La3(OsO5)2,0.0,5
La3(ReO5)2,0.0,5
La3AlN,0.0,5
La3CuGeSe7,2.0,5
La3Ga1Ge0.5S7,2.54,5
La3GaCuSe7,1.36,5
La3Ge3Br2,0.0,5
La3In1Ge0.5S7,2.61,5
La3LuSe6,1.26,5
La3Mg0.5Sn1S14,1.71,5
La3Mo4O16F,3.7,5
La3NiBr3,0.0,5
La3Si1Sb0.33S7,1.92,5
La3Si1Sb0.33Se7,1.75,5
La3Te4,0.43,5
La3ZrSb5,0.0,5
La4Cd4In2S13,2.27,5
La4Co3O10,0.0,5
La4Fe(SbS5)2,1.0,5
La4Fe(SbSe5)2,0.85,5
La4In5S13,0.0,5
La4InSbS9,2.07,5
La4InSbSe9,1.76,5
La5Cu6.33S7O4,2.0,5
La5In3(S3O)3,2.6,5
La5SmS8,0.0,5
La5YbS8,0.0,5
La6Sb4(SO4)3,2.6,5
La8Mn7O24,0.0,5
La8Sb2S15,2.3,5
LaAl12O19,0.0,5
LaAl4,0.0,5
LaAl4Co,0.0,5
LaB6,4.1,5
LaBPt3,0.0,5
LaBeB3O7,5.65,5
LaBiAu2,0.0,5
LaCd2,0.0,5
LaCdAg2,0.0,5
LaCdAu,0.0,5
LaCu6,0.0,5
LaCuSO,3.1,5
LaCuSeO,2.83,5
LaCuTeO,2.31,5
LaF3,6.6,5
LaGa,0.0,5
LaGa3Pd2,0.0,5
LaGaO3,4.4,5
LaGaS3,2.5,5
LaGeI,0.0,5
LaH2,0.0,5
LaH2NO5,4.76,5
LaHg,0.0,5
LaIn,0.0,5
LaIn2Ir,0.0,5
LaIn5Ir,0.0,5
LaInS2O,2.73,5
LaMg(FeO3)2,0.0,5
LaMg2H7Pd,1.0,5
LaMg3,0.0,5
LaNbN2O,1.7,5
LaP,0.54,5
LaP3,0.0,5
LaPd3S4,0.0,5
LaPt5,0.0,5
LaRe2Ag,0.0,5
LaReB,0.0,5
LaSb,0.8,5
LaScSi,0.0,5
LaSi,0.0,5
LaSi2,0.19,5
LaSi2Ru,0.0,5
LaSn3Ru,0.0,5
LaTaN2O,2.0,5
LaTb3,0.0,5
LaV,0.0,5
LaVI5O16,3.58,5
LaYbZn2,0.0,5
LaZnAsO,1.5,5
LaZnAu2,0.0,5
Li(CuO)3,0.0,5
Li(NiO2)4,0.0,5
Li0.33Ag1Sn0.67O2,2.7,5
Li0.33Ti0.67Ag1O2,2.7,5
Li0.5Ge1Pb1.75S4,1.95,5
Li11Mn13O32,0.0,5
Li12Fe5O16,0.0,5
Li13Nb14ZnO42,0.0,5
Li13Ti22O48,0.0,5
Li14Ti21O48,0.0,5
Li15(FeO4)4,0.0,5
Li15Mn2O12,0.0,5
Li17Nb20O60,0.0,5
Li17Ti20O40,0.0,5
Li2(FeO2)5,0.0,5
Li2(LuGe)3,0.0,5
Li2(NiO2)3,0.0,5
Li23(MnAs)20,0.0,5
Li2B4O7,7.3,5
Li2CdGe,0.99,5
Li2CdGeS4,3.1,5
Li2CdSnS4,3.26,5
Li2Co4O7F,0.0,5
Li2CrCo3O8,0.0,5
Li2CrCuO4,0.0,5
Li2Cu2S3,0.0,5
Li2CuF6,0.0,5
Li2DyIn,0.0,5
Li2EuSn,0.0,5
Li2Fe2(PO4)3,0.0,5
Li2Fe3CoO8,0.0,5
Li2Fe3NiO8,0.0,5
Li2Fe3SnO8,0.0,5
Li2FeGeS4,1.42,5
Li2FeSnS4,1.86,5
Li2FeWO6,0.0,5
Li2Ga,0.0,5
Li2Ga(GeSe3)2,2.64,5
Li2Ga2GeS6,3.65,5
Li2GaPd,0.0,5
Li2HgGe,0.93,5
Li2HgGeS4,2.46,5
Li2In2GeS6,3.45,5
Li2In2GeSe6,2.3,5
Li2In2SiS6,3.61,5
Li2In2SiSe6,2.54,5
Li2InAg,0.0,5
Li2LaTl,0.0,5
Li2MgHg,0.0,5
Li2MgIn,0.0,5
Li2MgSn,0.0,5
Li2MnCo3O8,0.0,5
Li2MnCu3O8,0.0,5
Li2MnGeS4,3.06,5
Li2MnNi3O8,0.0,5
Li2MnO2F,0.0,5
Li2Mo2Se2O11,3.3,5
Li2Nb2(PO4)3,0.0,5
Li2NdAs2,0.0,5
Li2NdSb2,0.0,5
Li2Ni2SbO6,0.0,5
Li2Ni3TeO8,0.0,5
Li2Ni5(PO4)4,0.0,5
Li2PmAl,0.0,5
Li2PmGe,0.0,5
Li2PrIn,0.0,5
Li2PrP2,0.0,5
Li2PtO3,2.3,5
Li2Si4Ni5O14,0.0,5
Li2SiHgS4,2.68,5
Li2Sn5,0.0,5
Li2SnHgS4,2.32,5
Li2SnIr,0.0,5
Li2TeMoO6,3.5,5
Li2TeWO6,4.0,5
Li2Ti3FeO8,0.0,5
Li2TiMn3O8,0.0,5
Li2TlAg,0.0,5
Li2U(MoO5)2,0.0,5
Li2V2F7,0.0,5
Li2V3CrO8,0.0,5
Li2V3FeO8,0.0,5
Li2YbPb,0.0,5
Li2ZnGe,1.1,5
Li2ZnGeSe4,1.86,5
Li2ZnSnS4,2.87,5
Li2ZnSnSe4,1.87,5
Li3(CoO2)4,0.0,5
Li3(CuO)4,0.0,5
Li3(CuO2)2,0.0,5
Li3AlP2,2.75,5
Li3AlTe4O11,3.63,5
Li3Bi,0.7,5
Li3C,0.0,5
Li3Co(NiO2)4,0.0,5
Li3Co2(GeO4)3,0.0,5
Li3Co3SbO8,0.0,5
Li3Co4TeO8,0.0,5
Li3Cr(NiO2)4,0.0,5
Li3Cr3(CuO6)2,0.0,5
Li3CrCo3O8,0.0,5
Li3CrO4,0.0,5
Li3Cu4NiO8,0.0,5
Li3Dy,0.0,5
Li3Fe(CoO2)4,0.0,5
Li3Fe(SbO3)4,0.0,5
Li3Fe2SbO6,0.0,5
Li3FeNi3O8,0.0,5
Li3FeS3,0.0,5
Li3FeTe4O11,1.98,5
Li3GaTe4O11,3.85,5
Li3Mn(CuO3)2,0.0,5
Li3Mn(NiO3)2,0.0,5
Li3Mn2(CoO4)2,0.0,5
Li3Mn2(PO4)3,0.0,5
Li3Mn2CuO6,0.0,5
Li3Mn3NiO8,0.0,5
Li3Mn3WO8,0.0,5
Li3Mn4(PO4)6,0.0,5
Li3Mn4O8,0.0,5
Li3MnAs2,0.0,5
Li3Mo2P5O18,0.0,5
Li3Ni(SbO3)4,0.0,5
Li3Ni2(GeO4)3,0.0,5
Li3Ni3(PO4)4,0.0,5
Li3PS4,3.68,5
Li3ScN2,2.9,5
Li3Si3Ag2,0.0,5
Li3Ti2(PO4)3,0.0,5
Li3Ti3(PO4)4,0.0,5
Li3V12O29,0.0,5
Li3V4FeO12,0.0,5
Li3V4NiO12,0.0,5
Li3VOF5,0.0,5
Li4(FeO2)9,0.0,5
Li4.5Al0.5Te1O6,4.9,5
Li4.5Cr0.5Te1O6,1.79,5
Li4.5Fe0.5Te1O6,3.25,5
Li4.5Ga0.5Te1O6,4.99,5
Li4.5Mn0.5Te1O6,1.97,5
Li4Co2Ni3O10,0.0,5
Li4Co3CuO8,0.0,5
Li4Co5SbO12,0.0,5
Li4Cr3NiO8,0.0,5
Li4CrO5,0.0,5
Li4Cu(PO4)2,0.0,5
Li4Fe2Cu3O10,0.0,5
Li4Fe3NiO8,0.0,5
Li4Fe7(OF7)2,0.0,5
Li4FeNi3O8,0.0,5
Li4HgGe2S7,2.75,5
Li4MgNi3O8,0.0,5
Li4Mn(WO4)3,0.0,5
Li4Mn3Cr3O12,0.0,5
Li4Mn5Cu3O16,0.0,5
Li4Mn5Nb3O16,0.0,5
Li4Mn5NbO12,0.0,5
Li4Mn5Ni3O16,0.0,5
Li4NbNi3O8,0.0,5
Li4Ni2(PO4)3,0.0,5
Li4Ni3BiO8,0.0,5
Li4Ti5Cr3O16,0.0,5
Li4TiCr3O8,0.0,5
Li4V5Cu3O16,0.0,5
Li4VF7,0.0,5
Li4WO5,0.0,5
Li5(BiO3)4,0.0,5
Li5Co2Ni3O10,0.0,5
Li5Co2O2F5,0.0,5
Li5Cr2Ni5O12,0.0,5
Li5Fe2Ni3O10,0.0,5
Li5Fe6(BO3)6,0.0,5
Li5La3Nb14O42,0.0,5
Li5Mn2Cu5O12,0.0,5
Li5Mn3(FeO5)2,0.0,5
Li5Mn5(SbO6)2,0.0,5
Li5Mn6(BO3)6,0.0,5
Li6(NiO2)5,0.0,5
Li6Fe3Co7O20,0.0,5
Li6Fe9CoO20,0.0,5
Li6FeNi9O20,0.0,5
Li6FeO5F,0.0,5
Li6FeO6,0.0,5
Li6Mn5CoO12,0.0,5
Li6Mn5FeO12,0.0,5
Li6Tb2O7,0.0,5
Li7(Mo3S4)4,0.0,5
Li7(NiO2)11,0.0,5
Li7Ca8Nb12O40,0.0,5
Li7Ti16O32,0.0,5
Li7Ti5O12,0.0,5
Li7Ti7O16,0.0,5
Li8BiS6,0.0,5
Li8GeN4,2.61,5
Li8IrO6,0.0,5
Li8PO3,0.0,5
Li8PrO6,0.0,5
Li8Ti16CuS32,0.0,5
Li8TiNi7O16,0.0,5
Li9Fe3(WO4)7,0.0,5
Li9Ga13(Te7O22)3,4.45,5
LiAgF3,0.0,5
LiAl2Rh,0.0,5
LiAl2Tc,0.0,5
LiAl3,0.0,5
LiAlB4,0.0,5
LiAlGe,0.0,5
LiAlRh2,0.0,5
LiAsS2,1.6,5
LiB3,2.0,5
LiB9PbO15,4.75,5
LiBePt2,0.0,5
LiBi2(PO4)3,0.0,5
LiBi3(ClO2)2,3.35,5
LiBiS2,0.11,5
LiCa2Ga,0.0,5
LiCa2Ge3,0.0,5
LiCa2In,0.0,5
LiCa2Mg,0.0,5
LiCa3As2H,1.4,5
LiCaO3,0.0,5
LiCd2Rh,0.0,5
LiCdBO3,4.28,5
LiCl,9.33,5
LiCo(CO3)2,0.0,5
LiCo7O7F,0.0,5
LiCoS2,0.0,5
LiCu2(CO3)2,0.0,5
LiCu2Ge,0.0,5
LiCu3F7,0.0,5
LiCu5P3O13,0.0,5
LiCuO2,0.0,5
LiCuPO4,0.0,5
LiEr2Ga,0.0,5
LiErAu2,0.0,5
LiEuH3,1.5,5
LiF,11.7,5
LiFe2(PO4)3,0.0,5
LiFe2(SiO4)2,0.0,5
LiGa(GeSe3)2,2.64,5
LiGaAg2,0.0,5
LiGaAu2,0.0,5
LiGaO2,5.6,5
LiGaPd2,0.0,5
LiGaPt2,0.0,5
LiGaTe2,2.31,5
LiGd5P2O13,3.73,5
LiGeRh2,0.0,5
LiH3(SeO3)2,4.9,5
LiHf2Ir,0.0,5
LiHfPd2,0.0,5
LiHg2Pd,0.0,5
LiHoAu2,0.0,5
LiHoO3,0.0,5
LiIn(IO3)4,4.27,5
LiIn2Rh,0.0,5
LiInAg2,0.0,5
LiInS2,3.56,5
LiInSe2,2.83,5
LiInSn,0.0,5
LiInSnS4,2.3,5
LiInTe2,1.46,5
LiLa2IrO6,0.0,5
LiLu2Ga,0.0,5
LiLu2Pd,0.0,5
LiLu2Ru,0.0,5
LiLu2Tc,0.0,5
LiMg2Ag,0.0,5
LiMgAs,0.7,5
LiMgBi,0.4,5
LiMgN,3.2,5
LiMgSnPd,0.0,5
LiMn(PO4)2,0.0,5
LiMn2(PO4)2,0.0,5
LiMn4O8,0.0,5
LiMn9Se10,0.0,5
LiMnCoO4,0.0,5
LiMnCuO4,0.0,5
LiMnO2,0.0,5
LiMnP2O7,0.0,5
LiMnSiO4,0.0,5
LiMo3O8,0.0,5
LiMoIO6,2.8,5
LiNb3(BiO3)4,3.0,5
LiNi2(PO4)3,0.0,5
LiNiP2O7,0.0,5
LiPm2Al,0.0,5
LiPm2Ga,0.0,5
LiPm2Ir,0.0,5
LiPm2Si,0.0,5
LiPr2Ru,0.0,5
LiSb3PbS6,1.6,5
LiSbS2,1.36,5
LiSbSe2,0.68,5
LiSbTe2,0.13,5
LiScHg2,0.0,5
LiSiB6,2.27,5
LiSiPd2,0.0,5
LiSiRh2,0.0,5
LiSm3SiS7,2.83,5
LiSn(PO3)4,0.0,5
LiSn4Ir,0.0,5
LiSnAu,0.0,5
LiTa3(BiO3)4,3.5,5
LiTaO3,4.1,5
LiTaRh2,0.0,5
LiThAu2,0.0,5
LiTi11O20,0.0,5
LiTi3O6,0.0,5
LiTiSiO4,0.0,5
LiTlPd2,0.0,5
LiTm2Rh,0.0,5
LiTm2Ru,0.0,5
LiTmSn,0.0,5
LiV2NiO6,0.0,5
LiV3O4,0.0,5
LiY(CuP)2,0.0,5
LiY2Ru,0.0,5
LiYbF4,0.0,5
LiYbPb,0.0,5
LiZn(Fe5O8)2,0.0,5
LiZn2GaO4,4.0,5
LiZnBO3,3.1,5
LiZnN,1.91,5
LiZr2Os,0.0,5
LiZrRh2,0.0,5
Lu(InS2)3,1.27,5
Lu(SiOs)2,0.0,5
Lu2AgAu,0.0,5
Lu2Al3Co,0.0,5
Lu2AlTc,0.0,5
Lu2CdAg,0.0,5
Lu2CdIn,0.0,5
Lu2CrS4,1.75,5
Lu2Fe2Si2C,0.0,5
Lu2FeS4,0.0,5
Lu2InHg,0.0,5
Lu2MgHg,0.0,5
Lu2Mn12P7,0.0,5
Lu2Mo2C3,0.0,5
Lu2O3,5.5,5
Lu2TlAg,0.0,5
Lu2TlCd,0.0,5
Lu2TlCu3Se5,2.12,5
Lu3BC3,0.0,5
Lu3Ga,0.0,5
Lu3InN,0.0,5
Lu3TlC,0.0,5
Lu4C7,0.0,5
Lu5(Si5Ir2)2,0.0,5
Lu5Si3B,0.0,5
Lu7(NiTe)2,0.0,5
Lu7(TePd)2,0.0,5
LuAg2,0.0,5
LuAl2Pd5,0.0,5
LuAlAg2,0.0,5
LuAu,0.0,5
LuBPd3,0.0,5
LuC2,0.0,5
LuCd4B3O10,3.7,5
LuCdAg2,0.0,5
LuGaRh2,0.0,5
LuGe2,0.0,5
LuHfRu2,0.0,5
LuIr,0.0,5
LuIr2,0.0,5
LuMnSi,0.0,5
LuNiBC,0.0,5
LuP,1.3,5
LuPt3,0.0,5
LuScRh2,0.0,5
LuScRu2,0.0,5
LuScZn2,0.0,5
LuSi2Ni,0.0,5
LuSiIr,0.0,5
LuU2S3O2,0.0,5
LuUO3,0.0,5
Mg(As2Rh3)2,0.0,5
Mg(CoS2)2,0.0,5
Mg(FeO2)4,0.0,5
Mg(FeS2)2,0.0,5
Mg(SnO2)4,0.0,5
Mg(TiS2)4,0.0,5
Mg10B16Ir19,0.0,5
Mg17Al11Pd,0.0,5
Mg23Al30,0.0,5
Mg2AgIr,0.0,5
Mg2Co,0.66,5
Mg2CrN2,0.0,5
Mg2Cu,0.0,5
Mg2CuWO6,0.0,5
Mg2Ga,0.0,5
Mg2Ge,1.67,5
Mg2GeB2Rh5,0.0,5
Mg2GeSe4,2.02,5
Mg2MnN2,0.0,5
Mg2PdAu,0.0,5
Mg2RhAu,0.0,5
Mg2Si,2.27,5
Mg2SiPt,0.0,5
Mg2TcO4,0.0,5
Mg2TiIrO6,0.0,5
Mg2V9O13,0.0,5
Mg2Zr14O5,0.0,5
Mg3(B25C4)2,2.7,5
Mg3(MnAl9)2,0.0,5
Mg3(Ni10B3)2,0.0,5
Mg3(Ni10P3)2,0.0,5
Mg32Al36Ag13,0.0,5
Mg3Al9FeSi5,0.0,5
Mg3AsN,1.33,5
Mg3Bi2,0.0,5
Mg3Ga7Co2,0.0,5
Mg3Ge,0.0,5
Mg3N2,2.8,5
Mg3P2,1.4,5
Mg3Rh,0.0,5
Mg3Ru2,0.0,5
Mg3Sb2,0.8,5
Mg3Tl,0.0,5
Mg4Sc3(SiO3)8,0.0,5
Mg5As,0.0,5
Mg5B3O9F,5.63,5
Mg5Ti13O30,0.0,5
Mg5Tl2,0.0,5
Mg9CuO10,0.0,5
MgAgAs,0.0,5
MgCo2(PO5)2,0.0,5
MgCr,0.0,5
MgCu2GeS4,2.36,5
MgCu2SiS4,3.2,5
MgCuBi,0.0,5
MgCuSb,0.0,5
MgCuSn,0.0,5
MgF2,11.1,5
MgIn3,0.0,5
MgInAg2,0.0,5
MgInPd2,0.0,5
MgMnO3,0.0,5
MgMnRh2,0.0,5
MgNiSb,0.0,5
MgPb3,0.0,5
MgPt5,0.0,5
MgRh2Pb,0.0,5
MgRhF6,0.0,5
MgSbF6,0.0,5
MgSbPt,0.0,5
MgSc,0.0,5
MgScAg2,0.0,5
MgSi7Ir3,0.0,5
MgSiN2,4.05,5
MgSnRh2,0.0,5
MgTe,3.6,5
MgTi11O20,0.0,5
MgTi4O6,0.0,5
MgTl,0.0,5
MgV4O6,0.0,5
MgZn2,0.0,5
Mn(BW)2,0.0,5
Mn(CoO2)4,0.0,5
Mn(PbO2)2,1.5,5
Mn(SbO2)2,2.65,5
Mn(SbO3)2,0.0,5
Mn(SbSe2)2,0.31,5
Mn0.05Te1Pb0.95,0.37,5
Mn0.1Te1Pb0.9,0.49,5
Mn15Si26,0.7,5
Mn2AlB2,0.0,5
Mn2AlO4,0.0,5
Mn2CoAs,0.0,5
Mn2CoGe,0.0,5
Mn2Cu(PO4)3,0.0,5
Mn2GaW,0.0,5
Mn2GeS4,0.0,5
Mn2Hg5,0.0,5
Mn2Nb,0.0,5
Mn2OF3,0.0,5
Mn2P,0.0,5
Mn2Tl2O7,0.0,5
Mn2VSi,0.0,5
Mn3(OF3)2,0.0,5
Mn3Al10,0.0,5
Mn3Cr3(CoO8)2,0.0,5
Mn3Cr3(TeO8)2,0.0,5
Mn3NbO8,0.0,5
Mn3NiN,0.0,5
Mn3PdN,0.0,5
Mn3PtN,0.0,5
Mn3SbO8,0.0,5
Mn3V2(SiO4)3,0.0,5
Mn5As4,0.0,5
Mn5Ge2,0.0,5
Mn5O3F5,0.0,5
Mn5O7,0.0,5
Mn7O7F,0.0,5
MnAl3,0.58,5
MnAlAu2,0.0,5
MnAs,0.0,5
MnBe2Co,0.0,5
MnCdO2,0.0,5
MnCoSi,0.0,5
MnCu2Sn,0.0,5
MnCu3,0.0,5
MnF2,9.9,5
MnFeAs,0.0,5
MnFeCoGe,0.0,5
MnGaNi2,0.0,5
MnGaPt,0.0,5
MnGePd,0.0,5
MnGeRh2,0.0,5
MnIn2PbS5,1.45,5
MnInCu2,0.0,5
MnNbO4,0.0,5
MnNi,0.0,5
MnNiP,0.0,5
MnO,3.6,5
MnO2,1.3,5
MnP2,0.0,5
MnP4,0.28,5
MnPSe3,2.5,5
MnS,0.0,5
MnSb3(PO4)6,0.0,5
MnSbPd,0.0,5
MnSbRh2,0.0,5
MnSe,2.5,5
MnSi,0.6,5
MnSiNi2,0.0,5
MnSnRu2,0.0,5
MnTcOs,0.0,5
MnTe9,2.0,5
MnTePd,0.0,5
MnV(TeO4)2,1.9,5
Mo2NCl8,0.0,5
Mo3Pd2N,0.0,5
Mo5As4,0.0,5
Mo5O14,0.0,5
MoSe2,1.6,5
Na(GeP)3,2.06,5
Na0.5Ge1Pb1.75S4,2.08,5
Na0.5Ge1Pb1.75Se4,1.6,5
Na0.75Eu1.625Ge1Se4,2.0,5
Na10(Ga2Sn)3,0.0,5
Na11Bi5O16,0.0,5
Na11Ti20O40,0.0,5
Na15Sn4,0.0,5
Na19Zr11S30,0.0,5
Na2B6O9F2,7.33,5
Na2Be4B4O11,7.3,5
Na2Cd(GeSe3)2,2.37,5
Na2CdSnS4,2.52,5
Na2Cl,0.0,5
Na2Cr7O14,0.0,5
Na2EuGeSe4,2.0,5
Na2Ga2GeS6,3.29,5
Na2Ga2SnS6,2.2,5
Na2Gd(PO4)2,4.19,5
Na2Ge2Se5,2.38,5
Na2Hg3(GeS4)2,2.68,5
Na2Hg3Se1.49S2.51,2.03,5
Na2In,0.0,5
Na2In2GeS6,3.17,5
Na2In2GeSe6,2.47,5
Na2In2SiS6,3.27,5
Na2In4Se6S,1.92,5
Na2In5Au6,0.0,5
Na2LiTa,0.0,5
Na2Mo2Se2O11,3.1,5
Na2Nb4Se4O19,3.56,5
Na2Pt(IO3)6,2.4,5
Na2S,2.4,5
Na2SO4,0.0,5
Na2Se,2.0,5
Na2Si2Hg3S8,2.86,5
Na2Sn2Hg3S8,2.45,5
Na2Te,2.3,5
Na2TeS3,2.35,5
Na2TeSe3,1.87,5
Na2Ti2Sb2O,0.0,5
Na2Ti3O7,3.51,5
Na2Tl,0.0,5
Na2UI6,0.0,5
Na2V6O13,0.0,5
Na2VCuF7,0.0,5
Na2Zn(GeSe3)2,2.36,5
Na2Zn(SnS3)2,2.93,5
Na2Zn3(SeO3)4,4.9,5
Na3(WO3)4,0.0,5
Na3In2Au,0.0,5
Na3Mn2(GeO4)3,0.0,5
Na3MoClO4,4.69,5
Na3MoO4F,4.77,5
Na3Re,0.0,5
Na3Sn2ClF6,3.88,5
Na3Tl,0.0,5
Na3UF7,0.0,5
Na3WClO4,4.99,5
Na3Zn(BO2)5,3.2,5
Na4Al4Si19,0.64,5
Na4Eu(GeS3)2,2.15,5
Na4Mg(GeSe3)2,2.53,5
Na4Mg(SiSe3)2,2.85,5
Na5Cu7O13,0.0,5
Na5Fe6(SiO3)12,0.0,5
Na5Gd(MoO4)4,3.38,5
Na6CoSe4,0.0,5
Na6FeS4,0.0,5
Na7(CoO3)2,0.5,5
Na7.36Ga7.24Sn4.78Se24,1.5,5
Na8(CuO2)5,0.0,5
Na8Hg3,0.0,5
Na8NbO6,0.0,5
Na8PO3,0.0,5
Na9(WO3)16,0.0,5
NaAlGeS4,3.6,5
NaAsO3,0.0,5
NaB15,0.32,5
NaBi3,0.0,5
NaBiS2,0.38,5
NaBiSe2,0.28,5
NaC,0.0,5
NaCd2Au,0.0,5
NaCd4P3,1.1,5
NaCdAsS3,2.93,5
NaCdO3,0.0,5
NaCdSb,0.0,5
NaCeS2,0.0,5
NaCeS3,2.15,5
NaCuO,0.0,5
NaEuO2,0.0,5
NaF,10.5,5
NaFe2(SiO3)4,0.0,5
NaFe2O3,0.0,5
NaGaGe3Se8,2.35,5
NaH3(SeO3)2,4.9,5
NaHg,0.0,5
NaIn(IO3)4,4.25,5
NaIn(TeO3)2,4.0,5
NaIn3S5,2.18,5
NaIn3Se5,2.17,5
NaInS2,1.9,5
NaInSe2,2.8,5
NaInSnS4,2.4,5
NaInTe2,1.6,5
NaIrPb,0.0,5
NaLa2TaO6,4.5,5
NaLaS3,2.61,5
NaLi3,0.0,5
NaLu(Pd3O4)2,0.0,5
NaNb2PS10,1.72,5
NaNi2O3,0.0,5
NaSb,0.82,5
NaSb(PS3)2,2.17,5
NaSbF6,3.76,5
NaSbTe2,0.47,5
NaSc(SeO3)2,5.5,5
NaSi2Pd3,0.0,5
NaSm(PS3)2,2.54,5
NaSn2,0.0,5
NaTa3,0.0,5
NaTi5Se8,0.0,5
NaTl,0.0,5
NaY(Te2O5)2,3.9,5
NaYb(PS3)2,1.85,5
NaZr2TiF11,0.0,5
NaZrCuTe3,0.0,5
Nb(Cl2O)2,0.0,5
Nb17Ir3S40,0.0,5
Nb2(CoO3)3,0.0,5
Nb2AgPS10,1.78,5
Nb2Cr4Si5,0.0,5
Nb2O5,3.08,5
Nb2Pb2Se4O15,2.79,5
Nb2Sb,0.0,5
Nb2Tl3CuSe12,0.8,5
Nb2Tl4S11,1.8,5
Nb3(Fe10B3)2,0.0,5
Nb3B2,0.0,5
Nb3Bi,0.0,5
Nb3CuO8,1.47,5
Nb3In,0.0,5
Nb3IrSe8,0.0,5
Nb3Os,0.0,5
Nb3Ru,0.0,5
Nb3Te,0.0,5
Nb3V(PO4)6,0.0,5
Nb3VS6,0.0,5
Nb40N21O16,0.0,5
Nb4Co2PdSe12,0.0,5
Nb5Ga4,0.0,5
Nb5Ge3,0.0,5
Nb5OF14,0.0,5
Nb6Co7,0.0,5
Nb6VSb3O25,3.2,5
NbAg2(PS4)2,2.02,5
NbCrN,0.0,5
NbCrW,0.0,5
NbCu3Se4,2.45,5
NbCuO3,2.0,5
NbGaCo2,0.0,5
NbHO3,0.0,5
NbHg3F6,0.0,5
NbOsPb,0.0,5
NbPt2,0.0,5
NbRu2Cl,0.0,5
NbSe2,1.4,5
NbSi2,0.0,5
NbSiIr,0.0,5
NbSnIr,0.28,5
Nd(Al4Co)2,0.0,5
Nd(AsPd)2,0.0,5
Nd(CoGe)2,0.0,5
Nd(CoSi)2,0.0,5
Nd(CrSi)2,0.0,5
Nd(GePt)2,0.0,5
Nd(InS2)3,1.15,5
Nd(NiSn)2,0.0,5
Nd(PRu)2,0.0,5
Nd(Re2Si)2,0.0,5
Nd(SiIr)2,0.0,5
Nd1.33Lu0.67S3,1.5,5
Nd10Se14O,1.98,5
Nd2(SnSe3)3,0.5,5
Nd2BC,0.0,5
Nd2CdIn,0.0,5
Nd2Fe14B,0.0,5
Nd2Ge5Rh3,0.0,5
Nd2HfS5,0.7,5
Nd2IrPd,0.0,5
Nd2Ni7P4,0.0,5
Nd2O3,4.4,5
Nd2Ru2O7,0.0,5
Nd2S3,2.65,5
Nd2Se3,1.7,5
Nd2Te3,1.12,5
Nd2WC2,0.0,5
Nd2ZnGa,0.0,5
Nd2ZrS5,1.83,5
Nd3(GeRu)2,0.0,5
Nd3AlC,0.0,5
Nd3Ge5,0.0,5
Nd3In,0.0,5
Nd3Ni13B2,0.0,5
Nd3Te4,1.6,5
Nd3Zr,0.0,5
Nd4(GeS4)3,2.62,5
Nd4Ge3Rh4,0.0,5
Nd4InSbSe9,1.57,5
Nd4Mg3Co2,0.0,5
Nd4MgRu,0.0,5
Nd4O3F7,0.0,5
Nd5Ge3,0.0,5
Nd5Ge4,0.0,5
NdAgAs2,0.0,5
NdAgPb,0.0,5
NdAl4Ge2Au,0.0,5
NdAl7Au3,0.0,5
NdAs,1.04,5
NdAu3,0.0,5
NdB6,4.9,5
NdBRh3,0.0,5
NdBi,0.0,5
NdCrGe3,0.0,5
NdCu3(RuO3)4,0.0,5
NdCuSO,2.98,5
NdCuTeO,2.26,5
NdErTl2,0.0,5
NdErZn2,0.0,5
NdF3,6.15,5
NdFeSi2,0.0,5
NdGa2Ni,0.0,5
NdGaO3,0.0,5
NdIn3,0.0,5
NdIn5Rh,0.0,5
NdInAu,0.0,5
NdInCu,0.0,5
NdLuSe3,1.61,5
NdMg2,0.0,5
NdMg2Ni9,0.0,5
NdMgNi4,0.0,5
NdMnSbO,0.0,5
NdMoO4F,3.66,5
NdNiC2,0.0,5
NdO2,0.0,5
NdPt,0.0,5
NdRh,0.0,5
NdSb,0.0,5
NdSbPd,0.0,5
NdScGe,0.0,5
NdSmHg2,0.0,5
NdSn2,0.0,5
NdSnRh,0.0,5
NdTe,0.0,5
NdTe2,0.48,5
NdTiGe,0.0,5
NdTlAg2,0.0,5
NdTlPd,0.0,5
NdZn2Ag,0.0,5
Ni(CN)2,2.0,5
Ni(PO3)4,0.0,5
Ni23B6,0.0,5
Ni2Ge,0.0,5
Ni2Mo3N,0.0,5
Ni2Mo4C,0.0,5
Ni2Mo4N,0.0,5
Ni2PO5,0.0,5
Ni2Te3O8,3.84,5
Ni3Ge,0.0,5
Ni3Pt,0.0,5
Ni3S4,0.0,5
Ni3SnN,0.0,5
Ni4(BiO2)9,0.0,5
Ni4(PO4)3,0.0,5
Ni7(P2O7)4,0.0,5
NiAgO2,0.0,5
NiAsO3,0.0,5
NiCO4,0.0,5
NiGe,0.0,5
NiGePt2,0.0,5
NiI,0.0,5
NiN,0.0,5
NiO,4.0,5
NiS2,0.64,5
NiTe,0.23,5
OsS2,2.0,5
P2H12N7Cl,0.0,5
P2H4RhO9,0.0,5
P2O5,0.0,5
P2Os,1.13,5
P2Pd,0.65,5
P2Pd3S8,2.12,5
P2Rh,1.0,5
P2Se3,2.4,5
P2Se5,2.2,5
PH2NO2,0.0,5
PH6NO4,6.8,5
PHPbO3,3.97,5
POsS,1.4,5
POsSe,1.4,5
PPdS,1.38,5
PPdSe,0.15,5
PRuS,1.4,5
PSe,2.5,5
PW5O17,0.0,5
Pb17(Cl9O4)2,3.44,5
Pb1Se0.01S0.99,0.37,5
Pb1Se0.5S0.5,0.33,5
Pb1Se0.95S0.05,0.26,5
Pb1Se0.99S0.01,0.26,5
Pb1Se0.9S0.1,0.27,5
Pb2O3,1.67,5
Pb2SeN2O9,3.76,5
Pb3O4,2.12,5
Pb3Se2(BrO3)2,3.73,5
PbN6,2.98,5
PbSeO4,4.3,5
Pd(IO3)2,1.31,5
Pd16S7,0.0,5
Pd2N,0.0,5
Pd3(PbS)2,0.0,5
PdO,0.8,5
PdPb2,0.0,5
PdS,0.5,5
PdS2,0.75,5
PdSe,0.2,5
PdSe2,0.4,5
Pm2CuGe,0.0,5
Pm2IrRh,0.0,5
Pm2NiRh,0.0,5
Pm2PtAu,0.0,5
Pm3I,0.0,5
PmCd3,0.0,5
PmCdPd2,0.0,5
PmDy3,0.0,5
PmGaAu2,0.0,5
PmHgAu2,0.0,5
PmMgAu2,0.0,5
PmMgCd2,0.0,5
PmMgRh2,0.0,5
PmSbRh2,0.0,5
PmSnRh2,0.0,5
Pr(BRu)2,0.0,5
Pr(BiO3)2,0.0,5
Pr(CoAs)2,0.0,5
Pr(CoGe)2,0.0,5
Pr(FeSi)2,0.0,5
Pr(InS2)3,1.14,5
Pr(MnSi)2,0.0,5
Pr1.29Lu0.71S3,1.38,5
Pr10Se14O,1.89,5
Pr1Te1.9,1.0,5
Pr27Se40,0.0,5
Pr2Au,0.0,5
Pr2CdSn,0.0,5
Pr2Co12P7,0.0,5
Pr2Ge2Se7,1.32,5
Pr2GeSe5,1.8,5
Pr2HgPb,0.0,5
Pr2InGe2,0.0,5
Pr2InPd2,0.0,5
Pr2Ir2O7,0.0,5
Pr2S3,2.6,5
Pr2Se3,1.8,5
Pr2Te4O11,3.65,5
Pr3(Al2Si3)2,0.0,5
Pr3Cd,0.0,5
Pr3I,0.0,5
Pr4InSbSe9,1.89,5
Pr4MgRu,0.0,5
Pr4Sb3,0.0,5
Pr4Te7,0.46,5
Pr5In11Ni6,0.0,5
Pr5Si4,0.0,5
Pr6Fe13Si,0.0,5
Pr7Mn8O24,0.0,5
Pr9(SbO)5,0.0,5
PrAgAs2,0.0,5
PrAl3Ni2,0.0,5
PrAs,1.0,5
PrAu,0.0,5
PrB4,0.0,5
PrB6,4.9,5
PrBN2,4.0,5
PrBPt4,0.0,5
PrCd,0.0,5
PrCo4B,0.0,5
PrCuSO,3.03,5
PrErIn2,0.0,5
PrErMg2,0.0,5
PrFeGe2,0.0,5
PrGaAu2,0.0,5
PrGe3,0.0,5
PrGe5,0.0,5
PrGeAu,0.0,5
PrIn,0.0,5
PrInAu2,0.0,5
PrIr2,0.0,5
PrLuIn2,0.0,5
PrLuSe3,1.56,5
PrMgAg2,0.0,5
PrMgGa,0.0,5
PrMo3,0.0,5
PrMoO4F,3.64,5
PrNiGe2,0.0,5
PrO,0.55,5
PrP,0.0,5
PrSb,0.66,5
PrSbPt,0.0,5
PrSm3,0.0,5
PrSmO2,0.0,5
PrTaN2O,2.0,5
PrTl2InSe4,0.93,5
PrTlSe2,1.18,5
PrTmTl2,0.0,5
PrZn,0.0,5
Pt0.97S2,0.95,5
Pt3Pb,0.0,5
Pt3PbC,0.0,5
PtN,0.0,5
PtS2,0.75,5
PtSe2,0.1,5
Rb1.45Sb7.45Pb3.1Se15,0.45,5
Rb1.54Cd1.54Bi2.46S6,1.33,5
Rb15Hg16,0.0,5
Rb28(Mg3In17)3,0.0,5
Rb2AgPS4,2.6,5
Rb2BaNb2Se11,1.53,5
Rb2Cd(IBr)2,3.35,5
Rb2Cd(PSe3)2,2.58,5
Rb2Cd3(B4O7)4,4.76,5
Rb2Cd3S4,2.92,5
Rb2Cd3Se4,2.37,5
Rb2Cd3Te4,2.3,5
Rb2CrF6,0.0,5
Rb2Cu2Sb2S5,1.6,5
Rb2Cu2SnS4,2.08,5
Rb2FeI4,0.0,5
Rb2GeB4O9,5.54,5
Rb2Hg(PSe3)2,2.32,5
Rb2Hg3(GeS4)2,2.8,5
Rb2Mo3Se3O16,3.1,5
Rb2Mo9Se10,0.0,5
Rb2Na2IrO4,0.0,5
Rb2NaNiF6,0.0,5
Rb2NaVF6,0.0,5
Rb2NbCuS4,2.64,5
Rb2NbCuSe4,2.19,5
Rb2PS5,2.3,5
Rb2Pt(IO3)6,2.4,5
Rb2SCl6F,0.0,5
Rb2Sn2Hg3S8,2.48,5
Rb2Sn3(SbS5)2,2.33,5
Rb2Tb3AlF16,0.0,5
Rb2Te,4.5,5
Rb2TeBr6,2.14,5
Rb2TeI6,1.4,5
Rb2Ti(AgS2)2,2.33,5
Rb2Ti(CuS2)2,2.19,5
Rb2VAgS4,1.83,5
Rb2VCuS4,1.85,5
Rb2Zn3(SeO3)4,4.9,5
Rb3(Cu4S3)2,0.0,5
Rb3Ag9(PS4)4,2.6,5
Rb3Al3Ge7S20,3.1,5
Rb3Al3Ge7Se20,2.4,5
Rb3Bi2Br9,2.62,5
Rb3Cd(BO2)5,2.34,5
Rb3Ga,0.0,5
Rb3Li4(BO2)7,6.53,5
Rb3Mn,0.0,5
Rb3Na(MoO4)2,4.84,5
Rb3Nb2AsSe11,1.5,5
Rb3Sb,1.0,5
Rb3Sb2Br9,2.48,5
Rb3Sb2I9,1.94,5
Rb3Sm,0.0,5
Rb3Ta2AsS11,2.21,5
Rb3Tm,0.0,5
Rb3Zn(BO2)5,2.66,5
Rb4Ag9(SbS3)4,2.0,5
Rb4CuSi2O7,0.0,5
Rb4Ga4Si19,1.18,5
Rb4Ge(PSe3)4,2.0,5
Rb4Ge3B6O17,5.42,5
Rb4Mo5(PO11)2,3.51,5
Rb4Ti3S14,1.59,5
Rb5(W4O15)2,0.0,5
Rb5(WO3)18,0.0,5
Rb5B(SO4)4,3.99,5
Rb5Li6(BO2)11,6.53,5
Rb5Tl3O,0.0,5
Rb6O,0.0,5
Rb7Th2(P2Se7)3,2.07,5
Rb9Bi13S24,1.3,5
RbAg2SbS4,2.3,5
RbAg2TeS6,2.04,5
RbAg5(PS4)2,2.4,5
RbAgF3,0.0,5
RbB5(H2O3)4,0.0,5
RbBa2(PO3)5,7.6,5
RbBi2,0.0,5
RbBi3TeSe4,0.8,5
RbBr3,0.0,5
RbC8,0.0,5
RbCaBO3,3.67,5
RbCd(BO2)3,4.2,5
RbCd13,0.0,5
RbCd4Ga5S12,3.02,5
RbCd4Ga5Se12,2.19,5
RbCd4Ga5Te12,1.64,5
RbCd4In5Se12,1.57,5
RbCu(SbS2)2,1.6,5
RbCu2AsS3,1.96,5
RbCu2SbS3,1.67,5
RbCu4AsS4,2.15,5
RbCuPdF5,0.0,5
RbCuSnS3,1.44,5
RbCuSnSe3,1.04,5
RbEuO2,0.0,5
RbF,10.4,5
RbF3,0.0,5
RbGaSnSe4,1.88,5
RbGe3,0.0,5
RbGeB3O7,5.58,5
RbH2(IO3)3,4.07,5
RbH3(SeO3)2,4.84,5
RbHg3,0.0,5
RbHgSbTe3,0.2,5
RbIn4,0.0,5
RbIn5S6,2.5,5
RbInGeS4,3.1,5
RbInS2,3.3,5
RbInSnS4,2.7,5
RbInTe3O8,3.9,5
RbLiCO3,6.28,5
RbMn4Ga5Te12,1.53,5
RbMn4In5Se12,1.76,5
RbMnTe2,0.0,5
RbMoPO6,2.96,5
RbNa2NiO2,0.0,5
RbNa2Sb,1.0,5
RbNb3(TeO6)2,3.49,5
RbNb4Br11,0.46,5
RbNbSe2O7,4.1,5
RbPPbO4,4.35,5
RbPSe6,2.18,5
RbPdF3,0.0,5
RbSbO3,0.0,5
RbSbSe2,1.62,5
RbSbTe2,0.38,5
RbSc(SeO3)2,4.9,5
RbTa3(TeO6)2,3.88,5
RbTbSe2,2.5,5
RbTiBr3,0.0,5
RbTmO3,0.0,5
RbU2SbS8,0.0,5
RbUAgS3,0.0,5
RbV(CuS2)2,1.45,5
RbVP2S7,0.0,5
RbWO3,0.0,5
RbY(TeO3)2,3.6,5
RbYbZnSe3,2.07,5
RbZn4In5Se12,1.76,5
RbZrPSe6,2.0,5
Re(TeCl6)2,0.0,5
Re2PbO6,0.0,5
Re2RuBr,0.0,5
Re2W3C,0.0,5
Re3As7,0.0,5
Re3F,0.0,5
Re3P4,0.0,5
Re5(NiAs6)2,0.0,5
ReBiO3,0.0,5
ReCl4,0.0,5
ReF6,0.0,5
ReIr3,0.0,5
ReO3,2.3,5
ReOsRu,0.0,5
RePO5,0.0,5
ReSi2,0.12,5
ReSn3,0.0,5
Rh0.67S2,1.5,5
Rh0.67Se2,0.7,5
Rh2S3,0.8,5
Rh3Pb,0.0,5
Rh7(PbO5)3,0.0,5
RhS3,1.5,5
RhSe2,0.6,5
RhSe3,0.7,5
RhSeS,0.7,5
Ru3Cl,0.0,5
RuCl3,0.0,5
RuS2,1.8,5
RuSe2,1.0,5
Sb2I2F11,0.0,5
Sb2Os,0.2,5
Sb2PbSe4,1.8,5
Sb2Ru,0.3,5
Sb2Te,0.0,5
Sb2XeF14,0.0,5
Sb3IO4,2.61,5
Sb4Pb4S11,0.0,5
Sb5IO7,1.95,5
Sb6Pb4Se13,0.65,5
Sb6Pb6Se17,0.8,5
Sb8I2O11,2.72,5
SbAs,1.6,5
SbOsS,1.2,5
SbOsSe,0.4,5
SbPb2S2I3,2.0,5
SbPbBrO2,2.67,5
SbPbIO2,2.48,5
SbPd3,0.0,5
SbPt3,0.0,5
SbRh3,0.0,5
SbRuSe,0.9,5
SbSBr,2.17,5
SbSeBr,1.84,5
SbTeI,1.25,5
SbTeOs,0.05,5
SbTeRh,0.5,5
SbTeRu,0.5,5
Sc(CuSe)3,0.3,5
Sc(GaFe)6,0.0,5
Sc(TiN)9,0.0,5
Sc(VGa2)2,0.0,5
Sc11(AlGe4)2,0.0,5
Sc14Cu14O37,0.0,5
Sc2(PO4)3,0.0,5
Sc2Al3Ru,0.0,5
Sc2CuRu,0.0,5
Sc2Fe,0.77,5
Sc2FeB2Ir5,0.0,5
Sc2GaAg,0.0,5
Sc2GaIr,0.0,5
Sc2MnC,0.0,5
Sc2S3,2.0,5
Sc2TlTc,0.0,5
Sc3(MnGa3)2,0.0,5
Sc3(ReSi2)2,0.0,5
Sc3BPb,0.0,5
Sc3C4,0.0,5
Sc3Fe2Si3,0.0,5
Sc3GaC,0.0,5
Sc3PbC,0.0,5
Sc4Ge6Rh7,0.0,5
Sc5Bi3,0.0,5
Sc5NCl8,0.0,5
Sc5Pb3,0.0,5
Sc6FeSb2,0.0,5
Sc6NiTe2,0.0,5
Sc6Te2Os,0.0,5
Sc7CI12,0.0,5
Sc8Te3,0.0,5
ScAg,0.0,5
ScAg(PSe3)2,1.55,5
ScAgO2,3.8,5
ScAlNi2,0.0,5
ScBIr3,0.0,5
ScBPd3,0.0,5
ScBe5,0.0,5
ScCd,1.71,5
ScCdAg2,0.0,5
ScCdHg2,0.0,5
ScCoGe2,0.0,5
ScCoO3,0.0,5
ScCrO4,0.0,5
ScCu2,0.0,5
ScCuO2,3.3,5
ScGa2,0.0,5
ScGe2,0.0,5
ScHg,0.24,5
ScIr,0.0,5
ScN,2.6,5
ScNiSb,0.11,5
ScPPt,0.0,5
ScRh,0.0,5
ScRh3C,0.0,5
ScSbPd,0.23,5
ScSbRh2,0.0,5
ScSbRu2,0.0,5
ScSi3Ni,0.0,5
ScSnPd,0.0,5
ScTa2NO5,2.67,5
ScTiNbO6,3.58,5
ScTiO3,0.0,5
ScTlS2,1.51,5
ScTlSe2,0.79,5
ScTlTe2,0.85,5
ScZn2,0.0,5
ScZn3,0.0,5
ScZnNi2,0.0,5
ScZnPt2,0.0,5
SeS,1.9,5
Si(Bi3O5)4,3.2,5
Si0.001Ge0.999,0.65,5
Si0.03Ge0.97,0.67,5
Si0.0645Ge0.9355,1.04,5
Si0.07Ge0.93,1.04,5
Si0.08Ge0.92,0.72,5
Si0.109Ge0.891,1.13,5
Si0.12Ge0.88,0.84,5
Si0.162Ge0.838,1.32,5
Si0.1Ge0.9,0.8,5
Si0.226Ge0.774,1.5,5
Si0.2Ge0.8,0.86,5
Si0.347Ge0.653,1.91,5
Si0.3Ge0.7,0.88,5
Si0.458Ge0.542,2.24,5
Si0.4Ge0.6,0.9,5
Si0.6Ge0.4,0.94,5
Si0.7Ge0.3,1.0,5
Si0.8Ge0.2,1.1,5
Si0.94Ge0.06,1.06,5
Si0.98Ge0.02,1.08,5
Si0.999Ge0.001,1.09,5
Si0.9Ge0.1,1.04,5
Si15(TeP2)4,1.24,5
Si2Ni6B,0.0,5
Si2NiP3,0.0,5
Si2Pd9,0.0,5
Si2Ru,0.0,5
Si2SbO6,0.0,5
Si3N4,5.1,5
SiAs2,0.88,5
SiAu3,0.0,5
SiB3,2.0,5
SiBi3O7,0.0,5
SiGe,0.88,5
SiHg3,0.0,5
SiP,2.0,5
SiP2,1.89,5
SiSb,1.9,5
SiSb3,0.0,5
SiSe2,1.72,5
SiSn,0.59,5
SiTe2Os,0.0,5
SiW3,0.0,5
Sm(BOs)2,0.0,5
Sm(CoSi)2,0.0,5
Sm(CuO2)2,0.0,5
Sm(CuS)3,1.82,5
Sm(CuTe)3,0.23,5
Sm(ErSe2)3,2.0,5
Sm(InS2)3,1.18,5
Sm(MnGe)2,0.0,5
Sm(NiSn)2,0.0,5
Sm(SiAg)2,0.0,5
Sm(SiNi)2,0.0,5
Sm1.82Lu2.18Se6,1.51,5
Sm2(PPt2)3,0.0,5
Sm2(SnSe3)3,0.7,5
Sm2AgRu,0.0,5
Sm2AlCd,0.0,5
Sm2Cu4Sn5,0.0,5
Sm2CuAs3O,0.0,5
Sm2Fe17,0.0,5
Sm2IO2,0.0,5
Sm2In,0.0,5
Sm2IrPd,0.0,5
Sm2Mn3(SbS3)4,1.5,5
Sm2Mo2O7,0.0,5
Sm2O3,5.0,5
Sm2Pd2Pb,0.0,5
Sm2RuAu,0.0,5
Sm2S3,2.96,5
Sm2Sc3,2.3,5
Sm2Se3,2.3,5
Sm2Te3,0.7,5
Sm2Tl,0.0,5
Sm2TlHg,0.0,5
Sm2TlZn,0.0,5
Sm2ZrSe5,1.41,5
Sm3(Sb7Te12)2,0.0,5
Sm3Al,0.0,5
Sm3Al0.33Si1S7,2.26,5
Sm3AlN,0.0,5
Sm3B(SO)3,2.5,5
Sm3OsO7,0.0,5
Sm3Sc,0.0,5
Sm3Te4,0.51,5
Sm3Zr,0.0,5
Sm4Al23Ni6,0.0,5
Sm4GaSbS9,2.23,5
Sm4In21Pd10,0.0,5
Sm4InSbS9,2.13,5
Sm4MgRh,0.0,5
Sm4U4O17,0.0,5
Sm5Br11,0.0,5
Sm6Br13,0.0,5
SmAg,0.0,5
SmAlCu,0.0,5
SmAs,1.03,5
SmAs2Au,0.0,5
SmAu3,0.0,5
SmB(SbO4)2,3.54,5
SmB6,3.5,5
SmB66,0.8,5
SmBPd3,0.0,5
SmBiW2O9,3.39,5
SmC10,0.0,5
SmCdHg2,0.0,5
SmCo2,0.0,5
SmCo3B2,0.0,5
SmCoC2,0.0,5
SmCrGe3,0.0,5
SmCuO3,0.0,5
SmCuSO,2.9,5
SmCuSe2,2.1,5
SmCuSeO,2.6,5
SmCuSi,0.0,5
SmErMg2,0.0,5
SmHg3,0.0,5
SmHgPd,0.0,5
SmHoHg2,0.0,5
SmHoZn2,0.0,5
SmIn2Rh,0.0,5
SmInAu,0.0,5
SmLuTl2,0.0,5
SmMg3,0.0,5
SmMgHg2,0.0,5
SmNi2B2C,0.0,5
SmNiAs,0.0,5
SmNiC2,0.0,5
SmP,1.09,5
SmPbAu,0.0,5
SmS,2.3,5
SmSb,0.59,5
SmSb2,0.0,5
SmSe,0.46,5
SmSi3Pt5,0.0,5
SmSnPd,0.0,5
SmSnRh2,0.0,5
SmSnTe2,0.52,5
SmTh3,0.0,5
SmTmZn2,0.0,5
Sn(PO3)3,0.0,5
Sn0.001Pb0.999Se1,0.24,5
Sn0.01Te1Pb0.99,0.23,5
Sn0.03Pb0.97Se1,0.21,5
Sn0.03Te1Pb0.97,0.21,5
Sn0.05Pb0.95Se1,0.12,5
Sn0.06Pb0.94Se1,0.14,5
Sn0.06Te1Pb0.94,0.28,5
Sn0.07Pb0.93Se1,0.08,5
Sn0.08Pb0.92Se1,0.06,5
Sn0.08Te0.08Pb0.92Se0.92,0.22,5
Sn0.08Te1Pb0.92,0.13,5
Sn0.13Pb0.87Se1,0.02,5
Sn0.15Pb0.85Se1,0.13,5
Sn0.15Te0.15Pb0.85Se0.85,0.18,5
Sn0.17Pb0.83Se1,0.04,5
Sn0.17Te1Pb0.83,0.15,5
Sn0.1Te1Pb0.9,0.16,5
Sn0.23Te1Pb0.77,0.04,5
Sn0.25Pb0.75Se1,0.04,5
Sn0.25Te1Pb0.75,0.04,5
Sn0.28Te0.28Pb0.72Se0.72,0.12,5
Sn0.2Pb0.8Se1,0.06,5
Sn0.2Te0.2Pb0.8Se0.8,0.14,5
Sn0.2Te1Pb0.8,0.08,5
Sn0.35Te0.35Pb0.65Se0.65,0.09,5
Sn0.99Te1Pb0.01,0.26,5
Sn1Se0.01S0.99,1.08,5
Sn1Se0.2S0.8,1.03,5
Sn1Se0.6S0.4,0.98,5
Sn1Se0.75S0.25,0.94,5
Sn1Se0.99S0.01,0.89,5
Sn2BiSI5,1.32,5
Sn2S,0.85,5
Sn2SbS2I3,1.5,5
Sn2WO5,2.6,5
Sn3As2,0.47,5
Sn3Ir2Se3,0.43,5
Sn3P3O13,0.0,5
Sn3Pd,0.0,5
Sn3WO6,2.49,5
Sn5(BIr3)2,0.0,5
Sn5(BRh3)2,0.0,5
SnAs3,0.0,5
SnB,0.0,5
SnCl2,3.9,5
SnGeS3,2.23,5
SnHgO3,1.6,5
SnI2,2.4,5
SnI4,2.38,5
SnO,3.0,5
SnO2,3.6,5
SnPt3C,0.0,5
SnRh,0.0,5
SnS2,2.43,5
SnSb3(PO4)4,0.0,5
SnSe2,1.62,5
SnTe,0.3,5
Sr(CeS2)2,0.0,5
Sr(CeSe2)2,0.0,5
Sr(CoP)2,0.0,5
Sr(GaAu)2,0.0,5
Sr(In4Rh)2,0.0,5
Sr(LaS2)2,2.85,5
Sr(NdS2)2,2.45,5
Sr(PrS2)2,2.7,5
Sr(RuO3)2,0.0,5
Sr(Sb3Ru)4,0.0,5
Sr(YbS2)2,0.0,5
Sr0.5Ta1O3,3.7,5
Sr10Al4Si6O,0.0,5
Sr2Be2B2O7,8.0,5
Sr2Co2O5,0.0,5
Sr2CoReO6,0.0,5
Sr2Cu(ClO)2,0.0,5
Sr2GaCo2O7,0.0,5
Sr2GeN2,0.0,5
Sr2HoRuO6,0.0,5
Sr2La2.58Bi5.42S14,1.0,5
Sr2La2Pt1O7.13,2.52,5
Sr2Li2Nb3O10,0.0,5
Sr2MgIrO6,0.0,5
Sr2MgReO6,0.0,5
Sr2Pr2Pt1O7.07,3.05,5
Sr2ScSbO6,3.57,5
Sr2SmTaO6,3.38,5
Sr2TiO4,3.41,5
Sr2V2(SeO5)3,2.96,5
Sr2V3Se5O18,2.47,5
Sr2YBi2O7,0.0,5
Sr2YReO6,0.0,5
Sr2ZnReO6,0.0,5
Sr3(AlSn)2,0.0,5
Sr3(SnIr)4,0.0,5
Sr3Bi(PO4)3,4.0,5
Sr3Co2S2O5,0.0,5
Sr3Eu(PO4)3,3.99,5
Sr3Ge(SbSe4)2,0.75,5
Sr3Li4La5O12,0.0,5
Sr3Sb2,0.0,5
Sr3ScNiO6,0.0,5
Sr3Se3ClO8,4.4,5
Sr3Ti2O7,3.26,5
Sr4Ga8Ge15,0.05,5
Sr4Te3(ClO2)4,4.0,5
Sr4V2(Se2O7)3,2.66,5
Sr5Bi3,0.0,5
Sr5Cd2Sb5F,0.0,5
Sr5Sn3,0.0,5
Sr5V3O12F,4.5,5
Sr6Nb7O21,0.0,5
Sr7Bi23O40,0.0,5
Sr8(MnN3)3,0.0,5
Sr8.007Ge2.043Bi7.949Se24,0.74,5
Sr8Al7,0.0,5
Sr8Co8O23,0.0,5
Sr8Fe3N8,0.0,5
SrAg,0.0,5
SrAl,0.0,5
SrB2,0.0,5
SrB6,3.68,5
SrBiClO2,3.52,5
SrCd,0.0,5
SrCdSi,0.0,5
SrCrO4,2.45,5
SrCuBi,0.0,5
SrGe2,0.9,5
SrIn2,0.0,5
SrIn2(GeIr)4,0.25,5
SrIn2Ir,0.0,5
SrIn2Rh,0.0,5
SrIn4Ir,0.0,5
SrIn4Pt,0.0,5
SrLa3MnO8,0.0,5
SrLaMn2O6,0.0,5
SrLi2Sn,0.0,5
SrLi4(BO3)2,6.67,5
SrMgIn3,0.0,5
SrMgSnSe4,2.0,5
SrMnGe,0.0,5
SrN2,0.0,5
SrNi2(PO4)2,0.0,5
SrNi5As3,0.0,5
SrO,5.7,5
SrPb3,0.0,5
SrPb3Br8,3.2,5
SrPbO3,1.78,5
SrRhF6,0.0,5
SrS,4.76,5
SrSbAu,0.0,5
SrSe,4.42,5
SrSeO4,4.75,5
SrSiPd,0.0,5
SrSnO3,4.1,5
SrSnP,0.0,5
SrTaNO2,1.99,5
SrTe,3.73,5
SrTh(PS4)2,3.02,5
SrTl2,0.0,5
SrTlHg2,0.0,5
SrUS2,0.0,5
SrV13O18,0.0,5
SrZnSO,3.1,5
SrZnSb2,0.0,5
SrZr2Nb,0.0,5
Ta11(CuO15)2,2.59,5
Ta11(CuO6)5,2.58,5
Ta22(CuS12)3,0.0,5
Ta2Mn3O8,1.89,5
Ta2MoOs,0.0,5
Ta2N,0.0,5
Ta2Nb3O12,0.0,5
Ta2O5,4.2,5
Ta2OsW,0.0,5
Ta2PtSe7,0.0,5
Ta2TiN3,0.0,5
Ta2Tl4S11,1.26,5
Ta2TlO6,0.0,5
Ta3B4,0.0,5
Ta3P,0.0,5
Ta4AlC3,0.0,5
Ta4FeTe4,0.0,5
Ta4N5,0.0,5
Ta5N6,0.0,5
Ta6Be15Cu8,0.0,5
Ta6Ni16Ge7,0.0,5
Ta7Cu3O19,2.47,5
TaAl3,0.0,5
TaAlPt,0.0,5
TaAs,0.0,5
TaBe2,0.0,5
TaCoSn2,0.0,5
TaCu3S4,3.0,5
TaF3,0.0,5
TaGaPt,0.0,5
TaInNi,0.0,5
TaN,2.3,5
TaNiB2,0.0,5
TaPd3,0.0,5
TaPt3,0.0,5
TaRh3,0.0,5
TaTiFe2,0.0,5
TaTlS3,0.78,5
TaW3,0.0,5
Tb(Al2Fe)4,0.0,5
Tb(AlC)3,0.0,5
Tb(CoB)2,0.0,5
Tb(CoGe)2,0.0,5
Tb(CuSe)3,0.16,5
Tb(CuTe)3,0.46,5
Tb(FeP3)4,0.0,5
Tb(GePd)2,0.0,5
Tb(GeRh)2,0.0,5
Tb(InS2)3,1.2,5
Tb(MnGe)6,0.0,5
Tb(Ni2P)2,0.0,5
Tb0.52Pr2.48Ga1.67S7,2.61,5
Tb10B7C10,0.0,5
Tb11S16,0.0,5
Tb2AlCo2,0.0,5
Tb2C3,0.0,5
Tb2EuSe4,2.0,5
Tb2GeS5,2.1,5
Tb2In16Pt7,0.0,5
Tb2O3,3.0,5
Tb2Sb5,0.0,5
Tb2SbO2,0.0,5
Tb2Ti3Ge4,0.0,5
Tb3(MnC3)2,0.0,5
Tb3FeB7,0.0,5
Tb3Ge5,0.0,5
Tb3Ni13B2,0.0,5
Tb3ReO7,0.0,5
Tb3Si,0.0,5
Tb4Al2O9,4.59,5
Tb4GaSbS9,2.44,5
Tb5Ti5O17,0.0,5
Tb5Tl3,0.0,5
Tb6PbSe10,0.0,5
TbB(SbO4)2,3.53,5
TbBRh3,0.0,5
TbBe13,0.0,5
TbCl,0.0,5
TbCo2,0.0,5
TbCu5,0.0,5
TbGa,0.0,5
TbGa2Co3,0.0,5
TbGa3,0.0,5
TbH2,0.0,5
TbHg2,0.0,5
TbIn2Ni,0.0,5
TbInAg2,0.0,5
TbInIr,0.0,5
TbMn5Ge3,0.0,5
TbNi5,0.0,5
TbNiGe2,0.0,5
TbNiO3,0.0,5
TbP,0.0,5
TbPt,0.0,5
TbRh2,0.0,5
TbSb2,0.0,5
TbSe2,0.0,5
TbSnAu,0.0,5
TbTe,0.0,5
TbTl,0.0,5
TbWClO4,4.24,5
TbYHg2,0.0,5
TbYbHg2,0.0,5
TbYbRh2,0.0,5
TbZn2,0.0,5
TbZrSb,0.0,5
Tc3Pd,0.0,5
TcB,0.0,5
TcS2,1.0,5
TcSe2,0.88,5
Te0.01Pb1Se0.99,0.26,5
Te0.05Pb1Se0.95,0.26,5
Te0.4Se0.6,1.2,5
Te0.5Pb1Se0.5,0.29,5
Te0.5Se0.5,1.0,5
Te0.6Se0.4,0.7,5
Te0.8Se0.2,0.4,5
Te0.99Pb1Se0.01,0.3,5
Te2Au,0.0,5
Te2Mo(WS2)3,0.0,5
Te2Mo2WSe4,0.0,5
Te2Mo3Se4,0.0,5
Te2MoWS2,0.0,5
Te2Os,0.3,5
Te2Pd,1.8,5
Te2Pd3,0.0,5
Te2Pd3Pb2,0.0,5
Te2Ru,0.25,5
Te2W2SeS,0.0,5
Te3MoWS,0.0,5
Te4Mo(WS)2,0.0,5
Te4MoW3S4,0.0,5
TeAs,0.74,5
TeI,1.1,5
TeI4,1.1,5
TeMoSe,0.0,5
TeO2,3.0,5
TePb3Cl4O3,3.79,5
TePd,0.0,5
TeSe,1.58,5
TeWCl9,0.0,5
Th(Al2Fe)4,0.0,5
Th(Al5Fe)2,0.0,5
Th(FeGe)2,0.0,5
Th(FeSi)2,0.0,5
Th(GePd)2,0.0,5
Th(MnGe)2,0.0,5
Th(SiRu)2,0.0,5
Th2CrN3,0.0,5
Th2Fe7,0.0,5
Th2GeSe2,1.98,5
Th2In,0.0,5
Th2Se5,0.37,5
Th3B2C3,0.0,5
Th6Mg23,0.0,5
ThAl,0.0,5
ThAl3,0.0,5
ThAsSe,0.0,5
ThBi2,0.0,5
ThCrB4,0.0,5
ThFe2SiC,0.0,5
ThHg2,0.0,5
ThIr5,0.0,5
ThMn4(CuO4)3,0.0,5
ThPSe,0.0,5
ThPd3,0.0,5
ThRh2,0.0,5
ThRu3C,0.0,5
ThS,0.0,5
ThSO,2.22,5
ThSeO,1.65,5
ThSi,0.0,5
ThSi2Ru3,0.0,5
ThTeO,1.45,5
ThU8O18,0.0,5
Ti(Bi3O5)4,3.09,5
Ti10O11,0.0,5
Ti11O18,0.0,5
Ti13S24,0.0,5
Ti1C0.9,0.3,5
Ti20(Sb3Se)3,0.0,5
Ti2AlV,0.0,5
Ti2B,0.0,5
Ti2BRh6,0.0,5
Ti2Be17,0.0,5
Ti2C,0.0,5
Ti2Cd,0.0,5
Ti2CoGe,0.0,5
Ti2CoS4,0.0,5
Ti2CuS4,0.0,5
Ti2MnFe,0.0,5
Ti2NiH,0.0,5
Ti2NiSe4,0.0,5
Ti2OsRu,0.0,5
Ti2RePd,0.0,5
Ti2ReRh,0.0,5
Ti2ReRu,0.0,5
Ti2Sb(PO4)3,0.0,5
Ti2TcNi,0.0,5
Ti2TcPd,0.0,5
Ti2ZnS4,0.0,5
Ti3Be,0.0,5
Ti3Cu3O,0.0,5
Ti3Fe3O,0.0,5
Ti3PO7,0.0,5
Ti3Pt5,0.0,5
Ti3SnC2,0.0,5
Ti4NiBi2,0.0,5
Ti4O5,0.0,5
Ti4ZnO8,0.0,5
Ti5(B6O13)2,0.0,5
Ti5Zn4(TeO6)3,0.0,5
Ti5ZnO7,0.0,5
Ti6H2O13,3.4,5
Ti9O10,0.0,5
Ti9O8,0.0,5
TiAl,0.0,5
TiAlAu2,0.0,5
TiAsRh,0.0,5
TiAuCl,0.0,5
TiBi25O39,3.1,5
TiBr2,0.0,5
TiC,0.0,5
TiCoGe,0.0,5
TiCoSb,0.95,5
TiCoSn,0.0,5
TiCr3(PO4)6,0.0,5
TiFe2,0.0,5
TiFe2As,0.0,5
TiFe2Sb,0.0,5
TiFe2Si,0.4,5
TiFeH2,0.0,5
TiGaIr2,0.0,5
TiHgO3,0.0,5
TiI,0.0,5
TiMn2Al,0.0,5
TiMn2Ge,0.0,5
TiNiSb,0.42,5
TiO2,3.3,5
TiOs3,0.0,5
TiPO4,0.0,5
TiPd,0.0,5
TiReN3,0.0,5
TiS2,1.95,5
TiS3,0.9,5
TiSe,0.0,5
TiSe2,1.55,5
TiTc2Sb,0.0,5
TiTe2,1.0,5
TiTlPS5,1.3,5
TiTlS2,1.0,5
TiTlSe2,0.56,5
TiV4CuO12,0.0,5
TiZn3,0.0,5
Tl(Cu3S2)2,0.0,5
Tl(MoSe)3,0.0,5
Tl(WO3)3,0.0,5
Tl0.001Te1Pb0.999,0.3,5
Tl0.005Te1Pb0.995,0.48,5
Tl0.01Te1Pb0.99,0.59,5
Tl0.04Te1Pb0.96,0.57,5
Tl0.07Te1Pb0.93,0.54,5
Tl16O15F17,0.0,5
Tl2.35Sb8.65Se14,0.6,5
Tl2BiP2S7,1.8,5
Tl2CdTe4,0.0,5
Tl2Cu2SnS4,1.4,5
Tl2GeTe3,0.36,5
Tl2Hg3S4,2.05,5
Tl2Hg3Se4,1.57,5
Tl2Hg3Te4,0.9,5
Tl2InGaSe4,2.05,5
Tl2InGaTe4,0.88,5
Tl2Mo7O22,0.0,5
Tl2O3,2.25,5
Tl2PAuS4,2.2,5
Tl2S,1.0,5
Tl2Se,0.37,5
Tl2Te3As2Se,0.67,5
Tl2TeBr6,2.06,5
Tl2TeI6,1.47,5
Tl2TeS3,1.6,5
Tl3AsSe3,1.3,5
Tl3Cr,0.0,5
Tl3Ir,0.0,5
Tl3Pb,0.0,5
Tl3Si,0.0,5
Tl4CdI6,2.8,5
Tl4CuTeO6,2.2,5
Tl4In3GaS8,2.63,5
Tl5Te3,0.0,5
Tl6Cu(TeO5)2,2.3,5
Tl8Os8O27,0.0,5
Tl9SbSe6,0.0,5
TlAgSe2,0.72,5
TlAgTe2,0.1,5
TlAsS2,2.15,5
TlAsSe2,1.35,5
TlBiTe2,0.12,5
TlBiTe3,0.5,5
TlCdS2,1.5,5
TlCoBi,0.0,5
TlCoMo2,0.0,5
TlCr5(Se3S)2,0.75,5
TlCr5(SeS)4,0.85,5
TlCr5(SeS3)2,0.94,5
TlCr5S8,1.01,5
TlCr5Se3S5,0.89,5
TlCr5Se5S3,0.8,5
TlCr5Se7S,0.71,5
TlCr5Se8,0.67,5
TlCr5SeS7,0.97,5
TlCuCl3,2.98,5
TlCuSe2,1.07,5
TlFeI3,0.0,5
TlGaS2,3.4,5
TlGaSe2,1.65,5
TlGaTe2,1.8,5
TlHg6S4Br5,3.03,5
TlHg6Se4Br5,2.8,5
TlInGeS4,2.3,5
TlInHgS3,1.74,5
TlInTe2,0.62,5
TlN,1.4,5
TlN3,3.58,5
TlNi,0.0,5
TlPS2,1.6,5
TlPSe2,0.5,5
TlS,1.36,5
TlS2,1.8,5
TlSbSe2,0.82,5
TlSbTe3,0.38,5
TlSn,0.0,5
TlSnAuSe3,1.2,5
TlTe,0.0,5
TlTeP,0.3,5
TlZn2Tc,0.0,5
Tm(CoSi)2,0.0,5
Tm(CuGe)2,0.0,5
Tm(CuS)2,0.0,5
Tm(CuTe)3,0.14,5
Tm(FeSi)2,0.0,5
Tm(GeRu)2,0.0,5
Tm(MnGe)6,0.0,5
Tm(NiGe)2,0.0,5
Tm(SiOs)2,0.0,5
Tm2AlOs,0.0,5
Tm2CdHg,0.0,5
Tm2CuTc,0.0,5
Tm2Ga10Os3,0.0,5
Tm2In,0.0,5
Tm2IrPd,0.0,5
Tm2MgRu,0.0,5
Tm2MgTl,0.0,5
Tm2O3,4.53,5
Tm2Ru2O7,0.0,5
Tm2ZnAg,0.0,5
Tm2ZnGa,0.0,5
Tm2ZnHg,0.0,5
Tm2ZnOs,0.0,5
Tm3(GePd)4,0.0,5
Tm3GaC,0.0,5
Tm4In(NiGe2)2,0.0,5
Tm4Sb2Se11.68,1.22,5
Tm5(Ge5Rh2)2,0.0,5
Tm5Ti5O17,0.0,5
TmAl4Ni,0.0,5
TmAlCu,0.0,5
TmAs,1.18,5
TmAu,0.0,5
TmAu2,0.0,5
TmB2C,0.0,5
TmBPd3,0.0,5
TmBRh3,0.0,5
TmCdAg2,0.0,5
TmCoSi2,0.0,5
TmCu4Ag,0.0,5
TmCuSi,0.0,5
TmGe,0.0,5
TmH2,0.0,5
TmIn3,0.0,5
TmLuPd2,0.0,5
TmMg2Sc,0.0,5
TmMgAg2,0.0,5
TmMgCd2,0.0,5
TmMnGe,0.0,5
TmMnO3,0.0,5
TmPd,0.0,5
TmSb,0.0,5
TmScHg2,0.0,5
TmSnRh,0.0,5
TmSnRu2,0.0,5
TmThRu2,0.0,5
TmTl,0.0,5
TmU2S3O2,0.0,5
U(Al2Fe)4,0.0,5
U(BH4)4,0.0,5
U(CoGe)2,0.0,5
U(CrC)4,0.0,5
U(CuP)2,0.0,5
U(MnSi)2,0.0,5
U(SiNi)2,0.0,5
U11O5,0.0,5
U2(Co7B2)3,0.0,5
U2Al3C4,0.0,5
U2AlCo2,0.0,5
U2AlCo3,0.0,5
U2Cl5O2,0.0,5
U2Cr30P19,0.0,5
U2Cu2As3O,0.0,5
U2MnN3,0.0,5
U2Re2C3,0.0,5
U2SnRh2,0.0,5
U2TeN2,0.0,5
U2Ti,0.0,5
U2Zn17,0.0,5
U3Bi4,0.0,5
U3Cu2Se7,0.0,5
U3Nb,0.0,5
U3Ni3Sn4,0.0,5
U3Se4,0.0,5
U4N7,0.0,5
U4Re7Si6,0.0,5
U4S3,0.0,5
U5Ge3,0.0,5
U6Co,0.0,5
UAl3,0.0,5
UAl4,0.0,5
UAlNi4,0.0,5
UAu2,0.0,5
UCo4Sn,0.0,5
UCoSi,0.0,5
UCuP2,0.0,5
UFe5Si3,0.0,5
UFeSi,0.0,5
UGa2,0.0,5
UGa3Ni,0.0,5
UGa5Ir,0.0,5
UGaNi,0.0,5
UGeRh,0.0,5
UHg3(TeCl3)2,2.6,5
UHg4(AsCl3)2,1.9,5
UNiSn,0.0,5
UO,1.5,5
UO2,2.18,5
UP2S7,1.41,5
UP2S9,1.41,5
UPt3,0.0,5
USbSe,0.0,5
USeS,0.0,5
USi3,0.0,5
UVC2,0.0,5
V12P7,0.0,5
V2(OF)3,0.0,5
V2Bi4O11,2.0,5
V2Cd2Te2O11,2.48,5
V2GaSn2,0.0,5
V2NO,0.0,5
V2OsRu,0.0,5
V2Pb4(Se2O7)3,3.37,5
V2Sb(PO4)3,0.0,5
V2Si2O7,0.0,5
V2TcRu,0.0,5
V2Zn3TeO10,2.96,5
V2ZnO4,0.0,5
V3(HO2)4,0.0,5
V3Ag,0.0,5
V3As2O9,0.76,5
V3Bi(PbO4)3,2.5,5
V3Cd4(TeO5)3,2.66,5
V3CrO10,0.0,5
V3Cu,0.0,5
V3CuO8,0.0,5
V3Pb2Se5O18,3.14,5
V3Pt,0.0,5
V3Re,0.0,5
V3Si,0.0,5
V3SiNi2,0.0,5
V4ZnO8,0.0,5
V5SiB2,0.0,5
V6AgO15,0.0,5
V6PbO11,0.0,5
V8O,0.0,5
VAg(IO4)2,2.24,5
VAg(PSe3)2,0.0,5
VAg2I3O11,2.16,5
VB2,0.0,5
VBi(SeO4)2,2.2,5
VBi24O41,3.25,5
VCo,0.0,5
VCu3(PO4)4,0.0,5
VCu3S4,1.0,5
VFeRu2,0.0,5
VFeSb,0.46,5
VGa(TeO4)2,3.0,5
VIn(NiO3)2,1.92,5
VIr,0.0,5
VIr3,0.0,5
VNi2,0.0,5
VNi5(PO4)6,0.0,5
VO,0.3,5
VP,0.0,5
VP4,0.0,5
VPO4,0.0,5
VPt2,0.0,5
VSb,0.0,5
VTc,0.0,5
VTe2,0.0,5
VTeHO5,2.51,5
VZn2BiO6,2.4,5
VZnRu2,0.0,5
W2C,0.0,5
W2N,0.0,5
W3O7F,0.0,5
WCl3,0.0,5
Y(Al2Cu)4,0.0,5
Y(Al5Fe)2,0.0,5
Y(AlSi)2,0.0,5
Y(CrSi)2,0.0,5
Y(CuSe)3,0.88,5
Y(CuSi)2,0.0,5
Y(CuTe)3,0.72,5
Y(FeSi)2,0.0,5
Y(NiP)2,0.0,5
Y(Re2Si)2,0.0,5
Y(SiPt)2,0.0,5
Y(SiRh)2,0.0,5
Y(SiRu)2,0.0,5
Y(TiGa2)2,0.0,5
Y2AlZn,0.0,5
Y2C3,0.0,5
Y2CuO4,0.0,5
Y2Fe2Si2C,0.0,5
Y2Ge2O7,0.0,5
Y2Ge5Ir3,0.0,5
Y2Mo2O7,0.0,5
Y2O3,5.6,5
Y2ReB6,0.0,5
Y2Ru2O7,0.0,5
Y2S3,2.9,5
Y2U3O11,0.0,5
Y3(Fe31B7)2,0.0,5
Y3Al3NiGe2,0.0,5
Y3Fe29,0.0,5
Y3GaCo3,0.0,5
Y3GaS6,2.88,5
Y3Ge4,0.0,5
Y3Si3Pd2,0.0,5
Y3Tm,0.0,5
Y4AsSe3,0.0,5
Y4C7,0.0,5
Y4CuTe8,0.0,5
Y4GaSbS9,2.06,5
Y4US5O3,1.95,5
Y6Zn(SiS7)2,2.38,5
YAgO3,0.0,5
YAlGe,0.0,5
YAlPd,0.0,5
YAs,0.0,5
YB2C,0.0,5
YB2Rh2C,0.0,5
YB66,0.8,5
YBi,0.0,5
YCd4B3O10,3.78,5
YCdHg2,0.0,5
YCdPd2,0.0,5
YCdPt2,0.0,5
YCo2,0.0,5
YCoO3,0.0,5
YCu3(WO3)4,0.0,5
YCuO2,3.5,5
YErRh2,0.0,5
YH2,0.0,5
YH2NO5,4.83,5
YHg2,0.0,5
YIn2Ni,0.0,5
YMg4Cu,0.0,5
YMgAl,0.0,5
YMgCu4,0.0,5
YMgGa,0.0,5
YMoClO4,3.82,5
YMoO4F,3.78,5
YN,1.9,5
YNi4B,0.0,5
YSbPd,0.27,5
YSbPt,0.16,5
YScO2,0.0,5
YSi2,0.0,5
YSiNi,0.0,5
YSiRu,0.0,5
YSn3,0.0,5
YTi4(CuO4)3,0.0,5
YTiO3,0.0,5
YTmCu2,0.0,5
YV(BiO4)2,2.09,5
YVSeO10,2.7,5
YVTeO10,2.2,5
YWO3,0.0,5
YZn5,0.0,5
YZnBiO4,1.58,5
Yb(Al2Mo)2,0.0,5
Yb(AlGa)2,0.0,5
Yb(AlGe)2,0.0,5
Yb(AlSi)2,0.0,5
Yb(CuS)3,1.56,5
Yb(CuSe)3,0.2,5
Yb(Fe2Ge)2,0.0,5
Yb(Ga4Co)2,0.0,5
Yb(GaS2)2,2.3,5
Yb(GaSe2)2,1.8,5
Yb(HO)3,0.0,5
Yb(IO3)3,0.0,5
Yb(InS2)3,1.31,5
Yb(MnAs)2,0.0,5
Yb(SbS2)2,1.12,5
Yb(SbTe2)2,0.34,5
Yb(SiAg)2,0.0,5
Yb(SiRh)2,0.0,5
Yb11(Ni10C)6,0.0,5
Yb14Ti10O41,0.0,5
Yb16S29,0.0,5
Yb2(ZnGe)3,0.0,5
Yb23Mg4Cu7,0.0,5
Yb2Ce8O19,0.0,5
Yb2EuS4,1.6,5
Yb2EuSe4,1.3,5
Yb2Ge2Ir,0.0,5
Yb2HgPb,0.0,5
Yb2InPd2,0.0,5
Yb2MgS4,0.0,5
Yb2MgSe4,0.0,5
Yb2O3,5.22,5
Yb2SmS4,0.0,5
Yb2Sn,0.0,5
Yb2ZnPb,0.0,5
Yb3Al5O12,0.0,5
Yb3Sn13Rh4,0.0,5
Yb3Tc,0.0,5
Yb3Ti3O14,0.0,5
Yb3V,0.0,5
Yb4Sb2S11.25,1.71,5
Yb4Sb3,0.0,5
Yb5Au4,0.0,5
Yb6U3O17,0.0,5
Yb8Ge3Sb5,0.0,5
YbAg2,0.0,5
YbAgGe,0.0,5
YbAgO2,0.0,5
YbAl3,0.0,5
YbAs,1.02,5
YbB2Rh3,0.0,5
YbB66,1.27,5
YbBO3,0.0,5
YbCdHg2,0.0,5
YbCe2CuS5,1.37,5
YbCe2CuSe5,1.05,5
YbCuGe,0.0,5
YbCuSi,0.0,5
YbDyPd2,0.0,5
YbGa2Pd,0.0,5
YbGeRh,0.0,5
YbH2ClO2,0.0,5
YbIn4Ni,0.0,5
YbIn4Rh,0.0,5
YbIr2,0.0,5
YbMgPd,0.0,5
YbMn2O5,0.0,5
YbNd2CuS5,1.35,5
YbNd3,0.0,5
YbNdAg2,0.0,5
YbPO4,0.0,5
YbPmPt2,0.0,5
YbPr11Se16,0.0,5
YbPr2CuS5,1.25,5
YbRh2,0.0,5
YbSb,1.0,5
YbSb4Te7,0.22,5
YbSe,1.5,5
YbSi2Ni,0.0,5
YbSm2CuS5,1.28,5
YbSmRh2,0.0,5
YbSn2Pd,0.0,5
YbSnRh,0.0,5
YbSnTe2,0.75,5
YbTe,1.8,5
YbTlS2,0.0,5
YbTlSe2,0.0,5
YbWClO4,4.23,5
YbZnAu2,0.0,5
YbZnPt,0.0,5
Zn(Bi19O29)2,2.88,5
Zn(CoO2)2,0.0,5
Zn(CuO2)2,0.0,5
Zn(FeN)2,0.0,5
Zn(GaSe2)2,1.72,5
Zn0.01Ga0.99As0.99Se0.01,1.39,5
Zn0.01Ga0.99P0.99S0.01,2.25,5
Zn0.01Ga0.99P0.99Se0.01,2.24,5
Zn0.01Ga0.99Sb0.99Te0.01,0.72,5
Zn0.05Ga0.95Sb0.95Te0.05,0.85,5
Zn0.15Ga0.85As0.85Se0.15,1.47,5
Zn0.1Ga0.9Sb0.9Te0.1,1.0,5
Zn0.25Ga0.75As0.75Se0.25,1.51,5
Zn0.25Ga0.75P0.75Se0.25,2.18,5
Zn0.2Ga0.8Sb0.8Te0.2,1.15,5
Zn0.2Hg0.8Te1,0.07,5
Zn0.3Ga0.7P0.7S0.3,2.3,5
Zn0.42Ga0.58As0.58Se0.42,1.67,5
Zn0.4Hg0.6Se1,0.42,5
Zn0.55Hg0.45Se1,0.8,5
Zn0.5Ga0.5As0.5Se0.5,1.52,5
Zn0.5Ga0.5P0.5Se0.5,2.13,5
Zn0.65Hg0.35Se1,1.0,5
Zn0.6Ga0.4As0.4Se0.6,1.8,5
Zn0.75Cd0.25Se1,3.2,5
Zn0.75Hg0.25Se1,1.4,5
Zn0.7Ga0.3As0.3Se0.7,1.93,5
Zn0.7Ga0.3P0.3Se0.7,2.15,5
Zn0.85Ga0.15As0.15Se0.85,2.25,5
Zn0.85Hg0.15Se1,1.8,5
Zn0.86Hg0.14Te1,1.66,5
Zn0.8Hg0.2Se1,1.4,5
Zn0.8Hg0.2Te1,1.4,5
Zn0.92Hg0.08Te1,1.9,5
Zn0.94Hg0.06Te1,2.03,5
Zn0.95Ga0.05P0.05Se0.95,2.4,5
Zn0.99Ga0.01As0.01Se0.99,2.59,5
Zn0.99Ga0.01P0.01S0.99,3.7,5
Zn0.99Ga0.01P0.01Se0.99,2.6,5
Zn0.99Ga0.01Sb0.01Te0.99,2.1,5
Zn0.99Hg0.01Se1,2.6,5
Zn0.9Ga0.1As0.1Se0.9,2.34,5
Zn0.9Ga0.1P0.1S0.9,2.8,5
Zn0.9Ga0.1P0.1Se0.9,2.3,5
Zn0.9Hg0.1Se1,1.75,5
Zn0.9Hg0.1Te1,1.74,5
Zn2BIr2,0.0,5
Zn2InCuSe4,1.1,5
Zn2InCuTe4,1.05,5
Zn2MoSeO7,4.2,5
Zn2Ni9O13,0.0,5
Zn2Sb3O8,0.0,5
Zn2SnN2,0.0,5
Zn2TeMoO7,4.1,5
Zn2WN2,0.0,5
Zn3(BO3)2,2.6,5
Zn3(PS4)2,3.07,5
Zn3.5Ga1Sn0.5O6,2.99,5
Zn3Cd,0.0,5
Zn3Cu,0.0,5
Zn3Cu10(TeO6)6,0.0,5
Zn3N2,0.0,5
Zn3P2,1.15,5
Zn4.5Ga1Sn0.5O7,3.0,5
Zn5.5Ga1Sn0.5O8,2.99,5
Zn6S5Cl2,2.71,5
Zn8Ag5,0.0,5
ZnAgF5,0.0,5
ZnAs,0.9,5
ZnB12(H5O12)2,4.6,5
ZnCrO2,0.0,5
ZnCu2GeS4,2.1,5
ZnCu2GeSe4,1.63,5
ZnCu2SiSe4,2.33,5
ZnCu2SiTe4,1.47,5
ZnCu2SnSe4,1.44,5
ZnCu2SnTe4,1.39,5
ZnCu3P3O13,0.0,5
ZnGaRh2,0.0,5
ZnHg3(SCl2)2,2.65,5
ZnHg3(SeCl2)2,2.23,5
ZnI2,4.53,5
ZnIrO3,0.0,5
ZnSb,1.05,5
ZnSb2MoO7,3.3,5
ZnSb3,0.0,5
ZnSi(AgS2)2,3.28,5
ZnSiAs2,2.12,5
ZnSiP2,2.07,5
ZnSn3,0.0,5
ZnSnO3,3.9,5
ZnTc,2.37,5
ZnWO2,0.0,5
Zr(Fe2Si)2,0.0,5
Zr(Ni2P)2,0.0,5
Zr0.67Ta1.33N3.03O0.12,1.71,5
Zr1.33Ta0.67N1.63O1.89,2.48,5
Zr1.33Ta0.67N1.97O1.38,2.31,5
Zr1.33Ta0.67N2.61O0.42,1.93,5
Zr1.86Cu1S4,1.26,5
Zr2(Co7B2)3,0.0,5
Zr2Al,0.0,5
Zr2Co12P7,0.0,5
Zr2CuS4,0.0,5
Zr2HBr2,0.0,5
Zr2In5Ni,0.0,5
Zr2Ni12P7,0.0,5
Zr2Se,0.0,5
Zr2Te,0.0,5
Zr3(Al2C3)2,0.0,5
Zr3(Cu2Si3)2,0.0,5
Zr3Ag,0.0,5
Zr3Al2,0.0,5
Zr3Hg,0.0,5
Zr3Ir,0.0,5
Zr3NiO,0.0,5
Zr3O,0.2,5
Zr4AlNi2,0.0,5
Zr4Co4Ge7,0.0,5
Zr5Al3,0.0,5
Zr5Al3C,0.0,5
Zr5Sb3,0.0,5
Zr5SiSb3,0.0,5
Zr5Sn3,0.0,5
Zr5Sn4,0.0,5
Zr6Al2CoH10,0.0,5
Zr6Al2Ni,0.0,5
Zr6NiCl15,0.0,5
Zr6O,0.18,5
Zr6Sb2Pt,0.0,5
Zr7P4,0.0,5
Zr7Sb4,0.0,5
ZrAl5Ni2,0.0,5
ZrAlPt,0.0,5
ZrAlRu2,0.0,5
ZrAlW,0.0,5
ZrAu4,0.0,5
ZrB2,0.0,5
ZrC,0.6,5
ZrCd,0.0,5
ZrCrSi2,0.0,5
ZrGaPt,0.0,5
ZrGe2,0.0,5
ZrGeRu,0.0,5
ZrHCl,0.0,5
ZrHg4(AsCl3)2,2.48,5
ZrHg4(PCl3)2,3.22,5
ZrInCu2,0.0,5
ZrInPd2,0.0,5
ZrInRh2,0.0,5
ZrIr2,0.0,5
ZrMo3,0.0,5
ZrNiGe,0.0,5
ZrNiSb,0.55,5
ZrNiSn,0.0,5
ZrO2,4.99,5
ZrPd2,0.0,5
ZrPd3,0.0,5
ZrRe2,0.0,5
ZrRh,0.0,5
ZrRu3C,0.0,5
ZrS2,2.75,5
ZrSb,0.0,5
ZrSbRu,0.0,5
ZrSe,0.0,5
ZrSe2,2.0,5
ZrSi2,0.0,5
ZrSiTe,0.0,5
ZrTaN3,1.72,5
ZrTe,0.0,5
ZrTi2O,0.0,5
ZrTiF6,0.0,5
ZrW2,0.0,5
