mpid,formula,BG
mp-11919,Sr(BeN)2,4.03
mp-2589,MgO2,6.57
mp-5707,CsAsF4,7.57
mp-5038,CsGaS2,5.63
mp-29282,P2PtO7,2.53
mp-15252,Cu2GeS3,0.159
mp-17441,Mg2GeS4,4.0
mp-3378,SrHfO3,7.4
mp-28835,LiScI3,0.508
mp-28423,Ga2TeSe2,2.77
mp-28302,K4CdP2,2.8
mp-546279,ScBrO,5.8
mp-5540,SrB4O7,11.4
mp-984,BN,7.59
mp-27934,CdBr2,5.06
mp-1821,WSe2,1.99
mp-15733,CaTaAlO5,6.3
mp-7467,RbCuO2,2.1
mp-2632,TlF3,3.62
mp-27480,Sn2OF2,4.45
mp-2114,YN,1.69
mp-4274,SrTeO4,4.75
mp-1000,BaTe,3.37
mp-9562,LiBeAs,2.07
mp-3772,Cd(GaSe2)2,2.37
mp-7603,Li2TiF6,7.54
mp-17774,K2Li3GaO4,6.8
mp-3834,BaZrO3,6.08
mp-7691,YB4Mo,0.605
mp-12015,KAg2AsO4,1.65
mp-22186,In6Ge2PtO9,2.23
mp-8180,LiNO3,5.34
mp-20726,SrCaSn,0.905
mp-27914,Na3BiO3,5.31
mp-18996,TlV3O8,2.55
mp-24433,KHSeO3,6.77
mp-18938,Tl2MoO4,4.76
mp-1536,KSb,1.82
mp-8446,K2CuP,2.85
mp-22936,Ca2NCl,2.17
mp-30303,Bi4O7,1.71
mp-9631,AlAgO2,2.46
mp-22982,CuBiS2,1.46
mp-2624,AlSb,2.12
mp-22216,In2S3,2.06
mp-104,Sb,0.20500000000000002
mp-29521,RbBiO2,4.18
mp-4452,Cd(GaS2)2,3.72
mp-14367,AsPO5,4.04
mp-7437,KZnP,2.06
mp-2659,LiN3,5.75
mp-23225,BBr3,6.62
mp-16763,KYTe2,2.73
mp-18609,K2Se5,1.86
mp-11659,BaTi(BO3)2,4.58
mp-28319,PtI2,2.14
mp-18343,BaMgP2O7,9.38
mp-5033,Tl2SiF6,8.51
mp-4841,LaCuS2,2.41
mp-9920,TiS3,0.799
mp-1022,K2S,5.96
mp-7041,CaHgO2,4.39
mp-18308,CaZn2(PO4)2,6.84
mp-9915,LiBeP,2.26
mp-17539,KAsOF4,6.79
mp-541037,CsCuO,3.29
mp-23126,KAs4IO6,4.2
mp-8116,K(MoS)3,1.37
mp-27716,KTlO,3.06
mp-1922,RuSe2,1.16
mp-6528,Cs2NaAlF6,10.8
mp-1581,As2O3,5.94
mp-19048,BaWO4,6.58
mp-1598,Na3P,2.21
mp-18740,V2Cd2O7,3.63
mp-3922,AgSbS2,2.6
mp-10401,Tl2SnF6,6.99
mp-15845,SrLi4N2,2.53
mp-8311,Si3NiP4,0.837
mp-10417,KSbO2,3.88
mp-541111,AlGaCl4,7.05
mp-7297,Cs2SnF6,9.62
mp-2741,CaF2,12.8
mp-9212,NaAlO2,7.62
mp-22303,Rb3InS3,5.06
mp-28232,MgTi2O5,4.89
mp-22192,Si3Ru2,0.58
mp-5824,Hg2NO4,2.88
mp-17504,Sr3(GeAs2)2,1.65
mp-8426,K2Se,5.38
mp-542791,ZrNCl,4.41
mp-2402,NaSi,2.71
mp-9610,Li2CN2,7.14
mp-9718,Rb3BAs2,3.48
mp-12277,CaAgP,0.14400000000000002
mp-9788,SrPS3,5.27
mp-12954,CuBS2,3.18
mp-8943,PtF4,2.48
mp-29149,Li4NCl,1.41
mp-23084,BiPbClO2,3.84
mp-10555,Ba2LiReN4,3.57
mp-7017,NaNbN2,1.87
mp-18509,KBe3ZnF9,11.2
mp-29526,BrNO3,3.94
mp-16060,AgAuF4,2.16
mp-8147,K2As2Pd,1.85
mp-8263,KNa2BO3,6.67
mp-16921,KNa4GeAs3,1.7
mp-9289,ZrSnTe,0.20700000000000002
mp-7562,TaTl3S4,4.6
mp-18305,Rb3AsSe4,2.59
mp-14871,Li16Ta2N8O,5.96
mp-18351,Sr3(GeP2)2,2.05
mp-1186,ZrS2,2.29
mp-541827,Ba2Zn7F18,7.7
mp-14070,RbAlO2,7.06
mp-9384,CsAu3S2,4.82
mp-17146,K2S5,3.49
mp-6134,LiCaAlF6,13.6
mp-5238,GaCuS2,2.05
mp-510710,Cs2AgSbS4,3.16
mp-17220,Rb3TaS4,4.57
mp-7404,Na3SbO4,5.0
mp-19134,CaCrP2O7,0.7000000000000001
mp-15833,Zn4P6SN12,6.53
mp-757,Li3As,1.9000000000000001
mp-4558,Li4GeO4,7.24
mp-22660,InAgO2,2.04
mp-1153,Li2S,6.12
mp-23193,KCl,9.77
mp-5163,LaRhO3,1.18
mp-22356,In2HgS4,1.3
mp-9307,Ba2ZnN2,2.0
mp-18501,Ba(AgTe)2,1.44
mp-7394,BaAg2GeS4,1.58
mp-8289,SnF3,4.47
mp-4812,Zn4B6O13,6.3
mp-691,SnSe,1.28
mp-13252,SnB4O7,5.8
mp-30034,MgBr2,7.87
mp-20905,OsS2,0.5670000000000001
mp-7430,Ca(CdSb)2,0.275
mp-2455,As2Os,1.18
mp-4541,NaCuO2,1.65
mp-9437,NbFeSb,1.32
mp-9634,Na3AgS2,4.61
mp-18741,RbLiCrO4,4.04
mp-19447,Cs2NaVO4,5.51
mp-10289,Ca(BC)2,1.53
mp-31002,Rb2Te5,0.886
mp-9798,Rb(SbSe2)2,2.01
mp-7639,Na2CuP,2.14
mp-23202,InI,2.8
mp-13949,Cd(GaTe2)2,1.76
mp-510273,CsSbO2,4.47
mp-11152,SiSbPt,0.664
mp-552185,AgNO3,3.66
mp-401,Sc2S3,2.45
mp-149,Si,1.11
mp-23222,Li3Bi,1.25
mp-8963,Cs2HgF4,4.55
mp-22170,Li4PbO4,3.35
mp-30746,YIr,0.319
mp-12317,SrCN2,6.35
mp-27148,BeP2,1.44
mp-8810,SrZn2(PO4)2,7.27
mp-18148,K3TaS4,4.41
mp-28405,S(ClO)2,6.68
mp-552234,SrBiBrO2,5.51
mp-16915,BaTiOF4,5.68
mp-8484,ZnO2,4.17
mp-540584,K2PdO2,2.52
mp-10481,RbAg3Te2,1.01
mp-7774,Na2SbAu,1.43
mp-4666,CdSiP2,2.45
mp-5513,Tl3VS4,3.0
mp-3519,ZrSO,4.39
mp-18147,LiGaSiO4,7.26
mp-20496,Ga2PbO4,5.72
mp-9272,TlPt2S3,1.79
mp-8187,K2ZnO2,4.94
mp-23230,PCl3,6.55
mp-16998,Ba2Nb6Te2O21,4.06
mp-6633,NaCSN,6.77
mp-22984,NaBiO2,2.83
mp-8422,Sr(AlSe2)2,5.18
mp-22483,NaInTe2,1.72
mp-542654,RbIn3S5,2.45
mp-23487,KIO3,4.56
mp-32542,Hg2WO4,2.71
mp-1508,LaS2,1.49
mp-27824,PICl6,3.81
mp-8258,BaAl4S7,5.66
mp-28266,P2Pd,0.876
mp-17447,Sr10P6SO24,7.23
mp-11790,LaCuSe2,1.76
mp-1880,SbF3,6.9
mp-29169,Cd(AuF4)2,3.18
mp-4124,CaCN2,6.58
mp-16577,Li2CaHfF8,11.4
mp-29302,Ba3(GaS3)2,4.69
mp-7971,Ba4Li(SbO4)3,3.7
mp-9251,TlTe3Pt2,0.355
mp-20187,LiInSe2,2.9
mp-16828,Li3B7O12,10.0
mp-11008,BaPSe3,3.71
mp-9146,CdHgO2,1.5
mp-17012,Sr2VN3,2.78
mp-7622,KSO4,6.15
mp-505727,NClO,3.62
mp-20343,NaAuO2,2.58
mp-11115,RbCuPdSe5,1.75
mp-29898,Tl2Au4S3,2.43
mp-19123,Rb2LiVO4,5.46
mp-9062,RbS,3.84
mp-23730,NaMgH3,6.65
mp-540707,Cs2Sn(GeO3)3,5.11
mp-7939,NaNbSe2,1.13
mp-3748,AlCuO2,3.81
mp-7608,Li2PdO2,2.35
mp-9636,CsSbF6,9.11
mp-9872,K4BeP2,3.45
mp-7566,InPO4,4.81
mp-23743,AlH12(ClO2)3,9.25
mp-23526,KClO4,9.77
mp-542076,Ca3V2O8,4.81
mp-22996,SbSeI,2.48
mp-1519,CaTe,3.2
mp-23037,CsPbCl3,4.39
mp-17244,Ba2ZnGe2S6O,3.81
mp-4406,CaSO4,10.1
mp-18168,TlZnPO4,6.65
mp-8203,Zr(PS3)2,2.95
mp-23192,HgI2,2.43
mp-18352,HfTe3O8,6.12
mp-9509,K2PAuS4,3.29
mp-22881,CdCl2,5.98
mp-3751,AlTlF4,7.4
mp-10402,TiTl2F6,5.84
mp-10572,NaPN2,7.77
mp-17696,Ba2VN3,2.83
mp-4549,SrSiN2,5.49
mp-48,C,0.402
mp-1883,SnTe,0.774
mp-12362,AgHg3SbO6,2.17
mp-22906,CsBr,8.08
mp-18591,KZnPO4,7.42
mp-4586,LiAlTe2,4.1
mp-23059,Rb2SnCl6,4.77
mp-5967,TiCoSb,1.39
mp-7914,NaScO2,7.03
mp-3700,LiYF4,13.4
mp-22989,NaIO3,5.98
mp-15684,K2CuAs,2.88
mp-224,WS2,2.19
mp-23705,Na3AlH6,6.46
mp-23040,Ca2PI,3.32
mp-9068,K2NaAlP2,3.7600000000000002
mp-7931,SrP,1.52
mp-27938,Tl6SI4,4.59
mp-548469,BaZnSO,4.13
mp-23057,CsLiBr2,7.62
mp-22903,RbI,7.29
mp-22983,LiAlCl4,9.66
mp-30062,Cs2PtBr6,2.66
mp-27367,SeOF2,6.57
mp-14206,K3Ag3As2,2.79
mp-27639,IBr,2.7
mp-3822,SrCO3,7.88
mp-9386,CsAu3Se2,4.25
mp-8804,Li6MoN4,4.12
mp-17839,K3Na(SeO4)2,6.91
mp-27670,Rb4In2S5,4.46
mp-19330,CaMoO4,4.91
mp-505297,NbSbRu,1.11
mp-17173,Rh2S3,0.14300000000000002
mp-27764,K4I2O9,4.31
mp-13275,NaSrP,3.02
mp-157,P,0.5740000000000001
mp-16253,BaCaSi,0.929
mp-29127,Bi(TeBr2)2,1.93
mp-21137,Ca2PbO4,2.99
mp-19039,CdMoO4,3.84
mp-13682,PdS2,1.24
mp-28230,TlSbS2,2.78
mp-28603,NaLiSe,5.04
mp-4964,YSbPt,0.152
mp-17349,Na3In2(PO4)3,6.02
mp-30315,Ca3BN3,1.9000000000000001
mp-22935,CsBrF,4.35
mp-28159,As(BrF2)3,3.04
mp-15781,KLaS2,4.65
mp-16771,MgSe2O5,4.83
mp-7444,RbSb,1.4
mp-27851,Hg3(SeCl)2,3.28
mp-15668,NaSe,1.56
mp-7123,KSb(PSe3)2,3.25
mp-22904,CaCl2,9.65
mp-23549,Bi3B5O12,5.74
mp-1818,SiF4,14.0
mp-10226,NaYS2,4.33
mp-29417,Na3ScBr6,5.85
mp-23291,PbCl2,6.31
mp-27853,Hg3(TeBr)2,2.96
mp-20694,K2Pb2O3,3.5
mp-25113,VInO4,4.42
mp-3642,ScCuO2,4.33
mp-17715,SrTa2O6,5.4
mp-27359,CsScCl3,0.756
mp-9063,RbSe,2.62
mp-29694,KAuBr4,2.03
mp-17512,Zn(AuF4)2,3.25
mp-22965,BiTeI,2.26
mp-5285,SrSO4,10.0
mp-28171,K3IO,4.26
mp-12957,O2,2.11
mp-5709,Tl3PO4,5.02
mp-30314,Cs2PdCl4,3.31
mp-2242,GeS,2.13
mp-9571,Ca(ZnAs)2,0.733
mp-2319,P2Os,1.4
mp-15573,Tl3AsO4,4.92
mp-30986,Zn3S2O9,5.96
mp-7670,K2Se3,1.55
mp-3744,NaNbO2,2.14
mp-23485,Ag2HgI4,2.27
mp-19658,Rb2Cr2O7,3.88
mp-31268,AlBiBr6,4.78
mp-5488,LiInO2,3.57
mp-7129,Rb2Ti(CuS2)2,3.12
mp-23739,SiH4,11.1
mp-13277,BaLiP,2.4
mp-541487,TlPt2Se3,0.968
mp-10383,LaTeAs,0.641
mp-27260,CsAlCl4,9.66
mp-4730,Ga2HgSe4,1.7
mp-23442,KCdCl3,6.12
mp-23420,Ge19(PI)4,1.95
mp-17129,Sr3(AlN2)2,4.05
mp-8291,BaTiF6,7.46
mp-22896,LaCl3,7.58
mp-23304,Rb3Bi,1.54
mp-505448,NaHfCuSe3,1.68
mp-361,Cu2O,1.03
mp-28447,Mg(BiO3)2,1.5
mp-5478,TlPd3O4,1.91
mp-4555,Ca(AsO3)2,5.81
mp-11116,CsYCdSe3,3.73
mp-7388,NaAuF4,3.48
mp-23504,Sr2InI5,5.01
mp-23713,CaH2,5.85
mp-7958,KLaO2,6.86
mp-9588,LiP,1.79
mp-541843,FeMoO4,1.85
mp-28650,CsBr2F,3.65
mp-9731,RbAuSe,3.47
mp-24412,K2NaAlH6,5.82
mp-10677,CaPAu,0.303
mp-23383,Rb2TeBr6,3.36
mp-11643,K2Mg(PSe3)2,3.38
mp-971,K2O,5.53
mp-27258,P3Au2,0.75
mp-5414,NaSbS2,1.82
mp-2231,SnS,1.62
mp-28237,RbLiBr2,8.07
mp-30284,HgAsO3,2.25
mp-27935,AlICl6,3.92
mp-7906,Al2HgS4,3.59
mp-23737,KMgH3,6.25
mp-541283,InGaBr4,4.42
mp-7928,K2PtS2,2.46
mp-730,P2Pt,1.43
mp-7100,LaOF,8.23
mp-30139,BeBr2,9.05
mp-29395,NaAlI4,6.27
mp-11583,Zr2SN2,1.84
mp-23432,BaClF,9.85
mp-8809,BaLa2PtO5,4.19
mp-13666,Ti(PS3)2,2.54
mp-11917,Mg(BeN)2,6.69
mp-18421,Ba2Ga2S5,4.96
mp-23281,SbI3,3.47
mp-9297,Ba(AuO2)2,2.52
mp-541106,Nb2Se9,1.5
mp-5858,CdPtF6,3.7
mp-29432,NaScCl4,6.64
mp-2072,KTe,1.69
mp-14652,Cs2P3,1.97
mp-7483,KHgF3,2.59
mp-6376,KV(CuS2)2,1.8
mp-1784,CsF,10.5
mp-29228,CsSrN9,6.3
mp-17481,Mg4Ta2O9,6.82
mp-27725,AuI,3.52
mp-9723,Sr4Li(BN2)3,4.44
mp-27686,Cd2P2O7,5.18
mp-17009,Ba3Te2O9,4.79
mp-18664,K4Ta2S11,2.94
mp-23715,BaH2,5.8
mp-28479,Sc2CCl2,2.04
mp-8678,NaAlPO4F,9.3
mp-9781,K3SbS4,4.19
mp-18010,Ta2Pd3Se8,1.0
mp-6408,ZnCu2GeS4,1.3800000000000001
mp-9789,CaPS3,5.18
mp-17918,Ba2SnS3F2,4.22
mp-22862,NaCl,9.6
mp-2576,Sr2Ge,1.21
mp-28007,BaHgS2,2.15
mp-8253,Na5ReO6,4.05
mp-8298,Sr4P2O,2.99
mp-7895,Rb2O2,5.16
mp-4524,ZnGeP2,1.98
mp-384,MgP4,1.26
mp-16800,Sc2(SO4)3,7.88
mp-29585,K4CdAs2,2.25
mp-12878,Sr2YSbO6,6.6
mp-27979,LaI3,3.71
mp-17392,Sr2ZnGe2O7,6.0
mp-14501,Ba(As3Pt2)2,0.664
mp-8615,NbBO4,4.21
mp-29889,Tl2PdCl4,2.02
mp-5472,Nb2Cd2O7,4.08
mp-7848,AlPO4,10.2
mp-10616,BaLiAs,1.82
mp-22971,SbSBr,3.11
mp-10969,CdCN2,4.16
mp-10985,RbCu3S2,1.73
mp-1683,ZrSe3,1.17
mp-504891,La3MnGaS7,0.55
mp-856,SnO2,2.59
mp-20652,PbF3,3.21
mp-7798,MgGeN2,4.48
mp-23558,Ag2BiO3,1.03
mp-1087,SrS,5.02
mp-9510,Tl2PAuS4,2.8
mp-12829,LiCaGaF6,11.1
mp-19687,RbLa(MoO4)2,5.54
mp-23295,RbCl,9.62
mp-540771,BaZrS3,2.3
mp-510417,WO3,2.5
mp-12240,Na2LiBe2F7,13.5
mp-31451,ZrCoBi,1.39
mp-28038,NbTeBr3,1.35
mp-27634,TiBr4,4.48
mp-28128,SCl2,3.99
mp-17562,Sr3Sc(BO3)3,8.12
mp-3927,CaAsAu,0.247
mp-27887,Ba3(Si2P3)2,1.49
mp-8957,Na5TaO5,6.22
mp-18562,Na2Si2Se5,4.62
mp-23054,NaBiO3,2.96
mp-29055,KSb2,0.81
mp-16234,CsAg3Se2,0.9520000000000001
mp-9794,Rb2GeSe3,3.07
mp-22883,PbI2,4.21
mp-23375,PNCl2,6.98
mp-4531,NaNO3,5.37
mp-14241,Tl2SiSe3,3.08
mp-19734,MgPbF6,6.16
mp-14951,Rb3AlO3,6.38
mp-14588,Na2PtSe2,1.85
mp-23317,AsBr3,5.12
mp-28944,BiTeCl,2.66
mp-6984,K2SiAs2,2.5100000000000002
mp-8921,Cd4P6SN12,5.06
mp-14026,Ca2Ta2O7,4.12
mp-4608,KPF6,12.4
mp-8235,K2SiP2,2.85
mp-29584,K4BeAs2,2.9
mp-31037,CuTe2I,1.8
mp-29871,Na4SeO5,3.74
mp-28107,Na4Ge2Te5,2.06
mp-6300,RbHgSbSe3,2.58
mp-9361,RbLaS2,4.71
mp-541656,AuCl2,1.75
mp-20072,LaCuO2,4.93
mp-28274,Ba3In2F12,8.63
mp-23363,NaAlCl4,9.51
mp-23184,BCl3,7.97
mp-2418,PdSe2,0.969
mp-8177,HgF2,3.22
mp-3486,KSnSb,0.8280000000000001
mp-7592,AgF,1.21
mp-12271,MgSeO3,6.32
mp-6511,KCSN,6.73
mp-32500,Mg2V2O7,3.86
mp-3821,K2PtF6,4.13
mp-7392,Na2AgSb,1.93
mp-4200,ScPO4,7.98
mp-28160,Ca3C3Cl2,2.81
mp-29251,Te6Br2O11,4.23
mp-17501,Ba(ScTe2)2,1.27
mp-306,B2O3,10.8
mp-4468,CuSbS2,1.93
mp-18253,SrGa4O7,5.0
mp-28453,CsAuI3,1.34
mp-30299,RbAsO2,6.49
mp-2605,CaO,7.31
mp-9774,Ba4Sb2O,1.93
mp-32447,V4As2O13,0.107
mp-6499,BaLiBO3,8.39
mp-30930,AlI3,5.77
mp-588,GaF3,8.56
mp-3614,KTaO3,4.1
mp-546285,NbI3O,1.3800000000000001
mp-5141,Na2SeO4,6.65
mp-29344,LiGaCl3,5.62
mp-22942,BaBiO3,0.548
mp-15012,KBS2,4.84
mp-2758,SrSe,4.51
mp-7188,Al2Os,0.687
mp-15953,P2Rh,0.463
mp-19363,HgMoO4,3.42
mp-22909,ZnCl2,6.86
mp-4385,CdCO3,4.94
mp-2507,GaS,3.4
mp-1346,B6O,2.87
mp-22867,RbBr,8.38
mp-18073,K7TaAs4,2.84
mp-7077,KAuS,4.12
mp-5854,LiGaO2,5.87
mp-2074,Li3Sb,1.71
mp-30950,Sr3GeO,1.21
mp-19833,InAgS2,1.43
mp-22963,K2TeBr6,3.7600000000000002
mp-12418,SrCaGe,1.26
mp-4824,NaZnP,1.34
mp-16608,Si3Os2,1.09
mp-6062,YAl3(BO3)4,9.44
mp-2156,TiS2,0.527
mp-541877,TaTeCl9,4.22
mp-241,CdF2,6.12
mp-7038,TlPd2Se3,0.794
mp-27227,LiAg3O2,1.51
mp-28069,Ca3AsCl3,4.52
mp-22872,SbCl3,6.03
mp-9250,RbLiSe,5.0
mp-22930,Rb4CdCl6,6.96
mp-15622,HfSe3,1.04
mp-22849,BiI3,4.19
mp-22386,InAgTe2,0.168
mp-3589,BPO4,11.6
mp-28557,Ag2PdCl4,2.06
mp-542772,CsAgCl2,4.64
mp-7310,ZrPbF6,8.31
mp-10644,TaTl3Se4,3.93
mp-390,TiO2,4.23
mp-23536,SbI3Cl8,2.34
mp-12623,BaPdF4,2.9
mp-3288,CsNO2,4.38
mp-10492,Rb2SiF6,13.3
mp-19440,LiVO3,4.22
mp-17875,Ca6GaN5,2.52
mp-14333,TaAlO4,6.32
mp-17400,Ba2TaN3,4.09
mp-28898,BaCN2,6.06
mp-10378,Cs3Sb,2.39
mp-545548,BaHf(PO4)2,8.39
mp-29750,CsMgBr3,7.52
mp-542888,La3AgSnS7,3.49
mp-406,CdTe,1.23
mp-8192,Rb2PtF6,4.23
mp-20790,InPS4,4.08
mp-30111,BaLaI4,1.19
mp-7904,CdP4,1.09
mp-27449,GaTeCl,3.36
mp-541299,Zr4Cd(PO4)6,6.62
mp-16319,Rb3Sb,1.81
mp-8586,InBF4,7.48
mp-9259,Ba2Mg(BO3)2,8.2
mp-13744,Rb3GaO3,5.9
mp-27411,TlP5,2.5
mp-29157,Si3P2Pt,0.893
mp-14434,K3GeS3,4.07
mp-23714,SrH2,6.2
mp-20928,Sb2Ru,0.261
mp-510075,Cs7Au5O2,3.2
mp-29110,Al2(FeSi)3,0.462
mp-9569,Ca(ZnP)2,1.61
mp-9573,NaBeAs,2.71
mp-9782,KAg3Se2,0.6880000000000001
mp-29027,TaI2O,1.72
mp-760,FeSe2,0.9380000000000001
mp-15312,Ca4Al6TeO12,6.33
mp-505815,CsLa2CuSe4,2.42
mp-1049,SrAs,1.17
mp-17063,BaLaCuTe3,2.41
mp-28326,LiGaBr4,5.75
mp-19215,CaCrO4,3.39
mp-8204,LiAlB14,2.48
mp-27678,Y2Cl3,1.6300000000000001
mp-4120,CaCuAs,0.789
mp-18411,Na3GeSe3,3.2
mp-3370,Y2Sn2O7,5.12
mp-28391,SiCl4,9.47
mp-7863,Rb2Sn2O3,2.64
mp-28109,SbAsO3,5.66
mp-28719,Ba(AuF4)2,4.04
mp-12411,Li2ZnGe,0.247
mp-6599,KNb(CuSe2)2,2.37
mp-2008,FeAs2,0.666
mp-2343,Mg2Sn,0.6000000000000001
mp-27729,ICl3,3.32
mp-5132,YPO4,9.75
mp-5475,NaTaN2,1.56
mp-700,GeSe,1.66
mp-17854,LiInGeO4,4.62
mp-31468,LiCaN,3.25
mp-31593,Na4CoO4,0.165
mp-14500,Sr(As3Pt2)2,0.28800000000000003
mp-18687,NbF5,7.35
mp-5005,Mg3(BO3)2,8.87
mp-15571,K3AuSe2,4.27
mp-23288,AlBr3,7.5
mp-27726,SO2,4.76
mp-14242,Tl2GeSe3,2.12
mp-18449,K2ZrO3,7.39
mp-23341,Bi2Pt2O7,1.36
mp-1707,BaN6,6.33
mp-16764,RbYTe2,2.84
mp-17060,NaAlSe2,4.6
mp-11022,ScAgO2,3.6
mp-541875,K3SnSe3,2.93
mp-17217,Tl3GeTe3,1.27
mp-8000,SrSn(BO3)2,6.41
mp-6973,CsNaS,5.67
mp-160,B,1.93
mp-11007,CaPSe3,3.64
mp-8872,RbNa2BO3,6.71
mp-21526,KPb,1.36
mp-9778,K2AgP,2.87
mp-2898,Ca(AuO2)2,2.72
mp-8290,BaSnF6,9.05
mp-3395,SrSeO3,6.0
mp-3324,Nb2SnO6,2.37
mp-27336,CsCuBr3,0.608
mp-9007,Na6P4W,2.38
mp-23138,SbPbClO2,3.44
mp-8277,Sr(CdP)2,1.56
mp-27655,Te2I,1.27
mp-28599,Na4Br2O,5.29
mp-27529,PI3,3.91
mp-551456,Ba2CuClO2,0.903
mp-18365,RbCuSe4,2.23
mp-988,Si3N4,7.18
mp-29266,CsS,3.98
mp-27207,K2MgCl4,9.17
mp-7148,K2SrTa2O7,4.18
mp-23046,SrIF,7.37
mp-17291,Na3SiTe3,3.6
mp-18594,K3AsSe3,3.7600000000000002
mp-541899,CsCdBr3,5.05
mp-17186,Ca3AlAs3,1.83
mp-3647,LiGaS2,4.92
mp-28987,NaPt2Se3,1.83
mp-5942,NaAsS2,2.4
mp-504820,VCl3O,4.05
mp-9178,CdSe2O5,4.98
mp-23719,BeAlH5,6.18
mp-2961,MgSiP2,2.49
mp-9298,Sr(AuO2)2,2.64
mp-7756,SrLiSb,1.73
mp-7104,CsCaF3,12.5
mp-29048,Sr(BiO2)2,4.77
mp-14205,K3Cu3As2,3.0
mp-8716,K2MnSe2,0.128
mp-29662,TlBiSe2,0.846
mp-550514,LaTaN2O,1.87
mp-22922,AgCl,2.44
mp-8830,NaRhO2,2.56
mp-9910,K2Pd3S4,2.13
mp-11703,KSbS2,2.98
mp-17088,KBaPS4,4.49
mp-29398,Cs2HfI6,3.74
mp-14983,Si4P4Ru,2.48
mp-10233,Ca2BN2F,6.26
mp-6076,Ca4LaB3O10,7.97
mp-17889,KNa2(PO3)3,9.27
mp-30293,Sr2GeSe4,3.09
mp-3123,PPdSe,1.92
mp-8184,Li2ZnGeO4,5.78
mp-16184,Rb2B2Se7,3.15
mp-19765,In2HgTe4,1.06
mp-706,HgF,2.85
mp-27265,AuClO,1.72
mp-19450,ScTl(MoO4)2,5.29
mp-542200,CdAg4Ge2S7,1.72
mp-17256,Rb2Hf3OF12,9.99
mp-28766,K2TiS3,2.26
mp-30239,Sr3(BS3)2,4.24
mp-29567,CuSe2Br,1.95
mp-23060,Cs2PtI6,1.3800000000000001
mp-17649,TlSnF7,4.63
mp-28782,Na3PS4,4.22
mp-8409,KYO2,1.81
mp-684,BaS2,3.17
mp-4511,La2SO2,5.52
mp-14354,Rb2SrP2O7,8.9
mp-1550,AlP,2.87
mp-30161,Si2CN4,7.17
mp-27181,KAuCl4,2.73
mp-13982,CdCu2GeS4,1.51
mp-8407,Li3LaP2,1.09
mp-5431,BaTeO3,4.56
mp-7650,RbScO2,6.71
mp-2139,BaGe2,1.98
mp-11738,Na3PS3O,5.45
mp-5830,Na3AsS3,4.36
mp-2793,AuSe,0.643
mp-22255,RbInTe2,2.21
mp-19,Te,0.756
mp-2095,Rb2Te3,1.56
mp-8812,Rb2GeF6,10.5
mp-17701,Sr2NbN3,3.98
mp-7841,Ba(GaSe2)2,3.3
mp-10246,Na2PtS2,2.36
mp-22848,Cl2,4.71
mp-28194,BiClF8,3.82
mp-27863,AlClO,9.25
mp-27303,NaAg3O2,1.54
mp-23724,KHCO3,9.08
mp-10368,CoPSe,0.897
mp-16238,Li2AgSb,0.177
mp-30946,Ga2PdI8,2.43
mp-545482,PdSeO3,2.15
mp-18792,Ca3(CoO3)2,1.34
mp-28591,Na4HgP2,2.49
mp-11737,Li4SiO4,8.59
mp-14235,SrGa2(SiO4)2,7.26
mp-8961,Ba3NaTaO6,6.42
mp-13907,CdSnF6,7.37
mp-8281,Ba(CdAs)2,0.636
mp-541772,Bi4RuBr2,1.12
mp-8770,Cs2CoSe2,0.255
mp-9127,Ba(SbO3)2,5.44
mp-23167,TlCl,4.34
mp-549589,LaZnAsO,1.12
mp-22945,TeRhCl,1.61
mp-14635,Rb2VAgSe4,1.82
mp-3419,RbAuF4,4.01
mp-553025,CaBiClO2,5.87
mp-341,PbF4,4.48
mp-2176,ZnTe,1.81
mp-8016,AlCuSe2,2.36
mp-16855,K3Ta3Si2O13,5.07
mp-7936,LiNbS2,1.17
mp-10795,TaTlS3,1.12
mp-22766,CaIn2O4,4.25
mp-4412,La4Se3O4,2.81
mp-505270,TiSO5,4.78
mp-12630,MgSeO4,5.71
mp-736,Li3P,2.03
mp-648,Na2S,5.8
mp-8262,K2P3,1.91
mp-28683,Ta(ICl)2,2.04
mp-23083,KAs4BrO6,4.94
mp-7374,Ba(CuO)2,3.45
mp-27194,SnI2,3.11
mp-31243,BaAs2,1.02
mp-15642,SrMgSi,0.125
mp-28174,Pd(SCl3)2,3.03
mp-29138,KAuSe2,1.79
mp-9262,Cs2PtF6,4.36
mp-29484,K4HgAs2,2.39
mp-17123,Si2Os,1.68
mp-3078,CdSiAs2,0.981
mp-3338,NaGaO2,5.89
mp-6368,CsSO2F,7.15
mp-12263,LiAuF4,3.53
mp-545500,BaSbClO2,4.93
mp-27370,P10Au7I,1.34
mp-4867,CaAl4O7,7.67
mp-23210,MgCl2,9.92
mp-2910,KAlF4,12.8
mp-27810,Ba(GeAs)2,0.664
mp-1367,Mg2Si,0.7000000000000001
mp-8621,K2PtSe2,2.01
mp-3118,Mg3TeO6,5.5
mp-4103,Sr2Sb2O7,3.52
mp-19352,KAl(MoO4)2,5.43
mp-8759,Cs2ZrO3,7.21
mp-19432,KNaV2O6,4.56
mp-22875,TlBr,4.07
mp-22870,InBr,2.4
mp-8754,NaLiTe,4.6
mp-8931,Rb2SnAs2,2.26
mp-17324,ZrSnS3,1.94
mp-10942,KNaLaNbO5,6.0
mp-5122,Na3AlP2,3.44
mp-27385,KTlCl4,4.4
mp-661,AlN,6.37
mp-29558,Bi3ClO4,4.14
mp-17240,RbNa3Li12(SiO4)4,8.56
mp-27747,PdI2,1.59
mp-4187,Ge2N2O,4.47
mp-9064,RbTe,1.77
mp-10749,SrCuSb,0.47600000000000003
mp-542810,AsS,3.15
mp-20805,PdPbF4,1.96
mp-3996,GaAsO4,5.85
mp-7219,Na2ZrSe3,2.74
mp-9254,Al2Te5,2.12
mp-181,KGa3,0.797
mp-29269,NaSbF4,7.18
mp-315,PbF2,7.42
mp-9480,KAlSiO4,8.48
mp-28358,NbAlCl8,3.73
mp-22981,TlIO3,4.75
mp-29179,SnCl2,5.27
mp-9583,K2ZnF4,8.47
mp-29260,Ti(SeO3)2,4.48
mp-27691,K2PtBr6,2.21
mp-7547,BaSe2,1.8900000000000001
mp-23392,K4CdCl6,6.92
mp-22855,HgCl2,5.16
mp-31621,Co(ClO4)2,2.1
mp-23231,AgBr,1.9000000000000001
mp-16992,NaAg3S2,2.31
mp-22457,K3Na(SO4)2,9.81
mp-9306,Sr2ZnN2,2.18
mp-552488,LaCuSeO,3.17
mp-1190,ZnSe,2.14
mp-22898,KI,7.27
mp-5928,Al2CdS4,4.79
mp-4043,NbCu3Se4,2.34
mp-3668,CdGeP2,1.31
mp-2514,Mg3P2,3.13
mp-19727,PbCN2,3.54
mp-20015,As2PbO6,3.58
mp-7293,HgPSe3,2.2
mp-11520,YNiSb,0.218
mp-9854,YP5,0.685
mp-31493,RbGa3,0.626
mp-8399,CsCdF3,6.44
mp-14624,K5P2Au,2.32
mp-18199,Sr3TaAs3O,2.46
mp-15472,Ba4LiCu(CO5)2,2.01
mp-2798,SiP,2.95
mp-504598,Rb2PbO2,4.04
mp-5380,Ca4P2O,3.0
mp-352,HfO2,6.98
mp-504838,CsPS3,3.73
mp-29443,PI2,3.41
mp-30091,MgB9N,2.94
mp-7435,KCuSe,1.26
mp-8190,Tl2SiS3,4.07
mp-17926,Zr3Ni3Sb4,0.6000000000000001
mp-6509,Sr3GaO4F,6.86
mp-22993,AgClO4,5.32
mp-8962,Rb2HgF4,4.47
mp-3277,BAsO4,7.22
mp-22856,Bi2S3,2.66
mp-14069,CsAlO2,7.91
mp-15939,SrAl2B2O7,9.08
mp-4995,LiSbO3,4.44
mp-3188,Zn(SbO3)2,3.33
mp-27488,Ta3N5,2.46
mp-422,BeS,5.06
mp-7176,RbLaSe2,4.03
mp-542201,Ba3Nb2O8,7.37
mp-11824,Ca3PN,2.5
mp-9008,RbTeAu,2.53
mp-540957,Cs2TeI6,2.62
mp-7988,Cs2O,2.37
mp-7801,CaGeN2,4.59
mp-27868,VNCl4,2.19
mp-5778,AlVFe2,0.483
mp-1029,BaF2,12.5
mp-6647,BaYAgSe3,2.92
mp-4035,RbReO4,6.34
mp-27636,Cs2SnI6,1.03
mp-22691,InSe,1.86
mp-11715,MgSn(BO3)2,6.29
mp-1873,ZnF2,6.92
mp-7610,Li2CaSiO4,8.9
mp-18447,K3Na2SnAs3,2.02
mp-7929,Rb2PtS2,2.45
mp-17490,Rb5SiAs3,1.86
mp-981,SrF2,12.7
mp-23700,RbH2OF,10.7
mp-8280,Ba(MgAs)2,2.37
mp-541234,Cs2K4Fe2O5,0.184
mp-28952,PdSO4,2.27
mp-7645,KAl(SO4)2,9.58
mp-27455,YCl3,8.55
mp-16742,BaAgTeF,2.89
mp-1415,CaSe,4.22
mp-8314,Cs2NaAsO4,7.16
mp-8411,Na2AgAs,2.16
mp-27931,Rb2SnO2,4.47
mp-9338,Ba2MgSi2O7,8.63
mp-17998,Ca(RhO2)2,1.65
mp-7907,Al2ZnSe4,3.68
mp-8076,Na3SbO3,5.28
mp-23499,K2SnCl6,4.64
mp-29628,Na4SnS4,4.36
mp-10288,LaCuTeS,1.16
mp-10485,BaLiSb,1.79
mp-29568,RuS3Cl8,3.42
mp-22859,HgI,2.84
mp-18780,K2WO4,6.92
mp-11677,Sr3(SiAs2)2,2.1
mp-5784,Na2GeO3,6.39
mp-11925,RbTa(CuSe2)2,2.84
mp-9069,K2NaAlAs2,2.9
mp-28048,KTlBr4,3.48
mp-19957,LaGeBO5,7.01
mp-15777,Zn(GaTe2)2,1.7
mp-3056,NaTlO2,2.18
mp-23074,BiOF,5.64
mp-3038,Al2HgSe4,2.53
mp-5001,Li3BN2,5.92
mp-28768,Na4SnSe4,3.25
mp-8256,ZnPtF6,3.48
mp-27832,Tl2SnCl6,4.65
mp-6799,LiCa4(BN2)3,4.52
mp-7084,SrCaSi,1.29
mp-22905,LiCl,10.3
mp-14307,Mg(ScS2)2,3.38
mp-3167,Hg2GeSe4,0.998
mp-4584,Tl3BO3,2.79
mp-3042,K2SiF6,13.4
mp-1138,LiF,14.6
mp-12903,YAgTe2,1.66
mp-546672,LaBi2IO4,2.85
mp-13055,Ba2LaTaO6,6.11
mp-29835,K2SnTe3,1.97
mp-17816,Na5AsO5,4.44
mp-13983,ZnPdF6,2.83
mp-19052,K3VO4,5.41
mp-31755,Ta2FeO6,2.35
mp-546011,YZnAsO,1.8900000000000001
mp-30532,Tl2ZnI4,4.8
mp-4086,La2Sn2O7,4.98
mp-2706,SnF4,6.64
mp-15074,Sr(PIr)2,0.5720000000000001
mp-550751,BaBeSiO4,8.53
mp-4624,TaBO4,5.48
mp-28347,K3Al2As3,3.06
mp-8686,Na3AsSe3,3.5100000000000002
mp-22975,Rb2TeCl6,4.16
mp-28080,K2SnTe5,1.29
mp-23025,LaClO,7.85
mp-29190,Te4MoBr,1.49
mp-6945,SiO2,9.74
mp-7623,MgAs4,1.59
mp-23251,KBr,8.41
mp-23331,Si3(BiO3)4,6.39
mp-29077,LiBiO3,1.25
mp-17208,K2Li14Zr3O14,7.88
mp-19956,Ba2InO3F,4.06
mp-22323,In2O3,2.7
mp-22934,K2PtCl4,3.58
mp-11869,HfSnPd,0.321
mp-5915,TlNO3,5.13
mp-11649,Ca3SiO,1.05
mp-18875,MgWO4,4.85
mp-22583,KInP2S7,3.66
mp-29504,ClF,4.25
mp-28365,Na3AuO2,4.3
mp-542826,Sc2PbSe4,2.59
mp-9003,K2NbCuSe4,2.67
mp-4661,ScOF,7.66
mp-18139,Na5SiAs3,2.39
mp-8979,TaInO4,5.88
mp-5450,K2ZrF6,9.92
mp-12885,BaAl2Sb2O7,5.58
mp-7913,BeSiN2,8.19
mp-12894,Y2SO2,5.63
mp-484,Te3As2,0.996
mp-9664,K3BP2,3.83
mp-27724,BPS4,4.19
mp-15222,Rb2NbCuSe4,2.74
mp-8202,CsRb2PdF5,3.83
mp-20944,Sr2PbO4,2.94
mp-541771,Bi4RuI2,1.0
mp-19896,Li2GePbS4,3.95
mp-20256,K3InP2,2.82
mp-2136,Sb2O3,3.82
mp-27702,InClO,4.5
mp-22003,NaN3,6.63
mp-29826,ZnCN2,5.78
mp-23738,RbMgH3,6.13
mp-13985,Li2PdF6,3.35
mp-29524,K3BiO3,5.53
mp-1522,FeS2,1.73
mp-10163,NaAlTe2,2.91
mp-6449,CdCu2SiS4,2.58
mp-23237,BiF3,7.54
mp-2472,SrO,6.92
mp-28490,Tl3BSe3,2.37
mp-5518,GaAgSe2,0.902
mp-8874,LiSiBO4,10.4
mp-22964,PbClF,6.16
mp-27742,K2CdO2,3.77
mp-18835,VPO4,0.226
mp-11585,La2MgGeO6,7.17
mp-938,GeTe,1.07
mp-23312,MoBr3,0.219
mp-9919,LiZnSb,0.682
mp-30298,KAsO2,6.35
mp-7956,Na3Sb,1.8900000000000001
mp-14092,AlAgTe2,2.12
mp-7534,K2Cd2O3,2.32
mp-18463,RbZnPO4,7.06
mp-7899,BaCdO2,2.54
mp-23280,AsCl3,6.32
mp-551243,BaBiIO2,5.14
mp-8267,KPS3,3.38
mp-8789,Ca4As2O,2.86
mp-22865,CsCl,9.29
mp-7752,Sr3SbN,1.62
mp-5158,KNO3,5.48
mp-20809,Cr4InCuSe8,0.122
mp-7910,Al2HgTe4,1.93
mp-29419,Hf(Te2Cl3)2,2.18
mp-7596,NbNO,2.86
mp-8683,K5As2Au,1.93
mp-10814,SrLiBO3,8.13
mp-13986,Li2PtF6,4.01
mp-17693,SrCdP2O7,6.53
mp-22876,CsI3,3.28
mp-28874,Hg2P3Br,2.18
mp-17085,Rb2Zr3OF12,9.14
mp-17888,K2Zr3OF12,9.3
mp-17464,SrGeO3,6.52
mp-3839,GaCuTe2,0.748
mp-16911,Rb2S5,3.6
mp-7595,GeF2,6.43
mp-29289,BaPt2S3,2.14
mp-10533,YCuS2,3.32
mp-31454,TaSbRu,1.48
mp-542116,CsAl(MoO4)2,5.44
mp-8230,Zn(PO3)2,7.78
mp-30954,GaI3,4.03
mp-28406,SCl2O,5.97
mp-14115,LiRhO2,2.59
mp-15141,NaZr2ZnF11,10.0
mp-546864,Y2C(NO)2,7.14
mp-17975,KSrPO4,9.13
mp-18673,CsZnPO4,7.22
mp-541385,Cs6Fe2O5,0.311
mp-7191,Sr3GaN3,2.21
mp-1342,BaO,4.85
mp-23131,Sr2BN2Cl,5.45
mp-602,Te2Mo,1.41
mp-1602,SiS2,5.45
mp-17986,TiTl2O3,4.06
mp-6450,K2LiAlP2,3.96
mp-28595,KNaSe,4.89
mp-18502,BaSi3SnO9,6.91
mp-8755,KNaTe,4.51
mp-23162,ZrCl2,1.53
mp-8479,Tl4SiS4,3.58
mp-21622,Na3InAs2,1.11
mp-19254,FeSO4,2.07
mp-11168,Ca(PIr)2,0.656
mp-17718,CsKNa2Li12(SiO4)4,8.64
mp-8966,K2Sn2Se5,1.74
mp-28268,PtI3,1.01
mp-13803,Nb2Hg2O7,1.9000000000000001
mp-19266,Sr2FeWO6,1.98
mp-6384,RbSO2F,6.74
mp-18224,Rb6Ge2O7,6.42
mp-22987,BiIO,2.95
mp-17911,Ba2ZnO3,5.36
mp-541989,Na2CN2,6.2
mp-15556,Rb2As3,1.34
mp-10556,Sr2LiReN4,3.39
mp-3650,HfCu2Te3,0.398
mp-30943,MgPSe3,3.6
mp-30026,Sr3Te4O11,5.25
mp-3161,LiAlSi,0.452
mp-30373,RbAu,2.87
mp-31212,K2MgF4,12.5
mp-552098,Bi2SeO2,1.51
mp-30990,K6Si2O7,7.69
mp-5295,LaNbO4,6.23
mp-2858,ZrO2,6.46
mp-7421,KZnAs,0.919
mp-12491,CsLaCdTe3,2.83
mp-2160,Sb2Se3,1.57
mp-23273,TeI,1.9000000000000001
mp-541522,Na2Ca(PO3)4,9.24
mp-29208,Ca(MgBi)2,1.25
mp-28150,BaNb2O6,4.53
mp-5226,K2SeO4,6.94
mp-8294,Cs2Li2TiO4,7.24
mp-9157,K3AlO3,6.89
mp-4632,Sr3(PO4)2,9.38
mp-2133,ZnO,2.4
mp-17612,Ba2SiO4,8.41
mp-3595,ZnSiAs2,1.62
mp-543045,Tl2CO3,5.48
mp-540945,Na2Li3GaO4,6.65
mp-28883,GeP2O7,6.47
mp-28153,Ca(AuF6)2,3.16
mp-3443,Cd(GaO2)2,3.37
mp-4627,CoAsS,1.18
mp-1253,BaSe,4.18
mp-28270,KCuS,4.41
mp-6987,Sr(GaTe2)2,1.02
mp-542919,NaGe2(PO4)3,6.41
mp-7631,SiC,3.44
mp-6564,Sr2MgSi2O7,8.61
mp-31269,Na2S2O7,9.1
mp-9843,Sr3(AlP2)2,2.7600000000000002
mp-28994,KLi2As,2.18
mp-18685,SrCu2GeS4,2.72
mp-23017,CsCu2Br3,4.0
mp-7449,Cs2Se3,1.8800000000000001
mp-16337,Ga2HgTe4,1.19
mp-23072,BiBrO,4.16
mp-5860,K2HgO2,4.56
mp-13445,Rb2As2Pt,1.96
mp-16871,K2ZrGe2O7,7.14
mp-17125,CsNa3Li12(GeO4)4,7.25
mp-9396,HfTlCuS3,1.93
mp-8836,CaAlF5,13.0
mp-11674,Al2Se3,3.54
mp-17101,CaNb2O6,5.66
mp-17172,Tl2TeS3,2.35
mp-541788,P2S5,4.53
mp-541966,KAgCO3,3.78
mp-28364,Rb2CdO2,3.69
mp-2131,SrN6,6.01
mp-16236,KAgSe,1.82
mp-1747,K2Te,5.16
mp-3411,Tl(MoSe)3,0.896
mp-20066,CO2,11.5
mp-3427,LiAlO2,8.15
mp-23539,KSn2Cl5,4.97
mp-12442,KAuF6,3.6
mp-1634,MoSe2,1.8900000000000001
mp-17872,Ba(YTe2)2,1.96
mp-3359,Ba2SnO4,4.78
mp-7770,Sr(ZnAs)2,0.518
mp-4192,Ca3AsN,2.59
mp-28395,B6P,3.84
mp-4533,Na2SiO3,7.89
mp-28627,K4Br2O,4.36
mp-9844,BaAl2B2O7,8.77
mp-5416,Na2SeO3,6.8
mp-5394,LaSF,3.02
mp-3033,RbTaO3,5.78
mp-827,KN3,6.83
mp-14396,Mg3(PO4)2,9.22
mp-9321,Ba2HfS4,2.18
mp-22997,PbBrCl,5.83
mp-7787,HfSO,4.82
mp-29903,TlTeF5,7.21
mp-5175,NaInO2,4.43
mp-27231,Li2TeO3,6.0
mp-18422,RbLiZn2O3,4.04
mp-7385,K2Be2PbF8,9.19
mp-624,B6As,3.85
mp-18504,Ca3(GeAs2)2,1.42
mp-28769,K(SnSe2)2,2.22
mp-11719,K4ZnP2,3.05
mp-14288,Sr3P4,1.87
mp-19717,TePb,1.71
mp-7808,BaP3,1.56
mp-3104,BaZrN2,2.49
mp-20458,PtPbF6,3.2
mp-18620,Mg(PO3)2,9.4
mp-5652,Y2Si2O7,8.68
mp-14285,CoP2,0.618
mp-21166,SrCaPb,0.772
mp-18733,AlTl(MoO4)2,5.43
mp-23318,BiSCl,3.47
mp-15649,As2Ir,1.15
mp-10953,Sc2CdS4,2.2
mp-10234,Sr2BN2F,5.14
mp-27743,BiF5,4.44
mp-5012,Li2SiO3,8.78
mp-1541,BeSe,4.36
mp-9846,RbCaSb,3.47
mp-16913,Ag2SeO3,3.28
mp-8947,Sr(BS2)2,4.74
mp-27345,Na3BiO4,2.91
mp-19387,CdWO4,4.31
mp-540921,CsCuF4,2.7
mp-7128,Cd(AsO3)2,3.89
mp-22853,MoCl3,0.277
mp-541190,Cs2LiVO4,5.5
mp-3881,BaZnF4,8.5
mp-27915,K2BeO2,6.78
mp-14100,Cd(RhO2)2,1.96
mp-505366,AuBr,2.98
mp-2534,GaAs,0.577
mp-1167,CF4,16.0
mp-10419,Na4ReN3,4.31
mp-5328,CdPS3,3.27
mp-549697,RbGeIO6,4.69
mp-14289,Ba3P4,1.24
mp-23413,NbBiO4,4.82
mp-23457,PBr2N,5.38
mp-29025,Li5Br2N,4.81
mp-13276,SrLiP,2.94
mp-2908,Al2ZnO4,6.53
mp-9755,HfGeO4,6.69
mp-9143,LiPF6,12.8
mp-28295,CsIO3,5.04
mp-27397,IrBr3,2.61
mp-14018,K3As,1.94
mp-27666,IrCl3,3.1
mp-14726,Na4TiO4,7.3
mp-14039,K2NaRhF6,3.72
mp-21228,SrCuSeF,2.91
mp-13133,K2TiO3,5.91
mp-9712,Ba3BPO3,3.39
mp-23067,K2PdCl6,2.28
mp-17944,NaCaAlF6,13.2
mp-9692,K2GeSe3,3.26
mp-4842,Al2ZnS4,4.02
mp-28328,RbI3,3.22
mp-17148,Na3GaSe3,4.4
mp-23259,LiBr,8.3
mp-3527,Na3AgO2,3.0
mp-1394,Rb2O,4.89
mp-29396,Cu2PbO2,2.59
mp-8753,K4HgP2,2.92
mp-1569,Be2C,2.08
mp-542013,Rb4Zr3Se14,2.75
mp-21099,K2Pb(SO4)2,7.63
mp-29883,Rb3PbCl5,7.05
mp-9845,RbCaAs,3.38
mp-17401,Rb3Sn4Au,1.61
mp-17059,K3Nb3Si2O13,4.05
mp-5594,Sc2Si2O7,7.82
mp-10919,Rb2PtC2,2.95
mp-20716,PbSeO3,5.06
mp-20463,CaPbF6,6.78
mp-5587,Ba2ZnS3,4.0
mp-5710,Ag3Te2Au,0.809
mp-8932,Cs2SiP2,2.93
mp-3933,Mg2PN3,5.93
mp-541040,Y2Be2GeO7,7.9
mp-3857,Ba3(PO4)2,9.27
mp-29345,LiGaI3,3.55
mp-23405,Cs2TeBr6,3.47
mp-29711,Tl2Te3,1.35
mp-7438,KZnSb,0.867
mp-9925,Ca2Sb,0.862
mp-23452,Sn3BrF5,5.08
mp-16945,Sr3(GaN2)2,3.47
mp-23098,ReNClF5,2.86
mp-30056,CsCaBr3,8.08
mp-18378,K3AlTe3,4.25
mp-17832,RbBaPO4,9.07
mp-19449,NaVCdO4,4.45
mp-267,Te2Ru,0.47700000000000004
mp-1285,PtO2,1.09
mp-471,CdAs2,0.484
mp-30945,Ga2PdBr8,2.86
mp-8432,CaCuP,0.6940000000000001
mp-7339,BaSiO3,8.41
mp-3915,BaHgO2,4.31
mp-5558,NaReO4,5.68
mp-7060,LaZnPO,1.25
mp-8890,Cs(SbS2)2,2.78
mp-23267,BeCl2,10.9
mp-8140,AsPO4,7.59
mp-541582,ReSe2,1.66
mp-504827,Ga10GePb3O20,5.29
mp-27257,PBr3,5.48
mp-27221,Ca2Hf7O16,7.19
mp-8861,Rb2MgF4,12.1
mp-29185,Te2O3F2,5.45
mp-7426,Ba(ZnP)2,0.34400000000000003
mp-29403,GaCuI4,3.32
mp-540924,NbTeI3,1.02
mp-27210,RbTlF4,5.23
mp-27255,Ga2TeS2,3.56
mp-7050,ZrTlCuSe3,1.07
mp-20316,PPbSe3,3.03
mp-28070,Rb2TeI6,2.79
mp-29402,KGaI4,4.27
mp-15438,ZnP4O11,8.17
mp-30971,CuTe2Cl,1.34
mp-7643,K2AgSb,2.68
mp-27770,RhCl3,2.68
mp-28712,Si2Hg6O7,2.5100000000000002
mp-27648,Te2Br,1.44
mp-9703,K2LiGaAs2,2.73
mp-20782,LiInTe2,2.44
mp-13995,Hg2GeO4,2.24
mp-1863,SiAs,2.5100000000000002
mp-542637,K2B2Se7,3.02
mp-18111,Ba2LaC3O9F,8.05
mp-19247,ScVO4,4.02
mp-8901,Rb2VAgS4,2.27
mp-18048,LiZnAsO4,5.71
mp-17978,Rb5GeP3,2.18
mp-27577,Cd2As3I,1.36
mp-23263,LaBr3,6.06
mp-795,LiSi,0.41000000000000003
mp-20351,InP,1.2
mp-19365,Ba3V2O8,5.28
mp-7995,Mg2BO3F,8.28
mp-13984,CdPdF6,3.12
mp-9793,Ba3BAsO3,3.42
mp-9722,Na2LiGaAs2,2.89
mp-5537,NbAgO3,3.6
mp-2697,SrO2,5.52
mp-28329,TlI3,2.94
mp-4360,NaCdF3,6.93
mp-23174,ReCl3,1.42
mp-14526,Na4Hf2(GeO4)3,7.14
mp-2030,RuS2,1.74
mp-7446,Rb2S3,2.94
mp-17765,Ta2ZnO6,5.17
mp-5588,BaSiF6,12.9
mp-21183,Ba(InTe2)2,1.83
mp-4798,Sc(AlC)3,0.847
mp-19893,PbCO3,6.09
mp-23137,Ba2YBiO6,3.83
mp-27138,K2PdBr4,2.55
mp-23228,PCl5,3.73
mp-22874,PBr5,3.14
mp-9900,Ag2GeS3,1.4
mp-16956,Na3Sc2(PO4)3,8.27
mp-27230,As2SO6,6.9
mp-7387,KAgF4,3.14
mp-9066,NaLi2AsO4,7.32
mp-11918,Ca(BeN)2,4.89
mp-23560,Ge3(BiO3)4,5.7
mp-8579,Ba(AgS)2,2.17
mp-27247,Na3NbO4,6.12
mp-2251,Li3N,2.56
mp-28875,Hg2P3Cl,1.8900000000000001
mp-11214,CaAgSb,0.449
mp-17862,Ag3Ge5P6,1.04
mp-9309,CsTa(BO3)2,5.73
mp-1943,GaSe,2.2
mp-3635,LiBO2,9.21
mp-7572,MgSO4,9.51
mp-17784,CaTiGeO5,5.19
mp-29993,TaAgF6,7.22
mp-20740,Tl4Te3Pb,0.165
mp-4820,ZrSiO4,7.86
mp-15896,Cu2SiSe3,1.09
mp-28845,OsO3F2,3.69
mp-8934,Cs2SnAs2,2.32
mp-18373,ZnSe2O5,4.85
mp-9784,BaBAsO5,6.59
mp-886,Ga2O3,4.2
mp-7611,Li2CaGeO4,7.26
mp-542613,GeS2,3.99
mp-28796,Sr5(AuO4)2,2.64
mp-23116,CuBiSeO,1.51
mp-16863,Rb3PS4,5.27
mp-9230,KAlAs2O7,6.02
mp-21276,PbS,1.54
mp-16452,BaLa2ZnS5,3.04
mp-17941,Na2B4O7,9.27
mp-11327,Rb2Se,4.98
mp-8070,Li2BeSiO4,9.66
mp-10322,BaHfN2,2.77
mp-29286,TlSbF4,6.76
mp-7020,LiYO2,7.58
mp-31076,Tl2TeBr6,3.5
mp-8212,Cd(PtO2)3,0.608
mp-7604,Mg3NF3,6.79
mp-30106,AsCl5,3.15
mp-30988,KBiO2,3.79
mp-487,MnP4,1.02
mp-5614,Li3BS3,5.36
mp-29380,K2Te2As,2.02
mp-10811,NaSr4(BN2)3,4.34
mp-743,RbN3,6.98
mp-29008,Li6MgBr8,8.03
mp-3677,MgSiN2,6.46
mp-19680,RbLa(WO4)2,5.21
mp-14797,RbPt2Se3,1.67
mp-12927,Ba(BeN)2,3.18
mp-10474,NaPF6,12.9
mp-16737,Na2BeB2O5,9.0
mp-766,As2Ru,0.733
mp-8658,CsNaSe,4.9
mp-23257,IF5,7.23
mp-12181,BaSnS2,2.93
mp-978,Sr2Sn,0.192
mp-28899,Hg2As3Br,1.47
mp-9702,Sr3BPO3,4.22
mp-11175,LiZnPS4,4.71
mp-3216,Li2ZrN2,3.34
mp-14447,Ba2SiSe4,4.06
mp-16264,LiCaSb,1.66
mp-10086,YSF,2.97
mp-28433,RbClO4,9.82
mp-6870,KBe2BO3F2,11.0
mp-19282,Sr2ZnWO6,4.6
mp-7791,Li2GeF6,9.73
mp-23024,SrBrF,8.59
mp-28027,AsF3,8.42
mp-2784,Na2Te,4.61
mp-14433,NaGe2N3,4.14
mp-23260,BaI2,6.06
mp-17524,GeAs2,1.34
mp-18256,Mg2B2O5,9.05
mp-17965,KGaTe2,2.34
mp-15248,K3Nb3(BO6)2,3.82
mp-27456,BaBr2,7.77
mp-28989,Li10BrN3,3.36
mp-18132,K4SnSe4,3.61
mp-23238,Ta3I7,1.3
mp-15013,RbBS2,4.98
mp-7441,KP,2.28
mp-28198,RbInI4,4.38
mp-1595,Nb2O5,4.06
mp-505171,NaTiCuS3,1.14
mp-20289,NaInS2,3.52
mp-7938,KNbS2,1.27
mp-23043,RbPb2Br5,5.22
mp-20397,Sr(InTe2)2,1.76
mp-27205,TlCl2,3.77
mp-17090,SrTlPS4,3.97
mp-4710,Hg3(BO3)2,4.5
mp-27628,Te3Cl2,2.22
mp-510667,KBi(WO4)2,3.24
mp-7198,SrPSe3,3.74
mp-28721,Pt(SCl4)2,3.25
mp-505172,NaZrCuSe3,1.51
mp-10326,Zn(ReO4)2,6.06
mp-9673,K2NiAs2,1.51
mp-27830,Cs2SeCl6,4.42
mp-20027,FeP2,1.03
mp-27829,Rb2SeCl6,4.18
mp-15954,As2Rh,0.328
mp-9579,AlTlSe2,1.87
mp-5795,CaMg2N2,4.03
mp-27987,BrF5,5.58
mp-2416,YF3,13.1
mp-19707,V2Zn2O7,3.73
mp-1315,MgS,5.53
mp-29139,NaAuSe2,1.6400000000000001
mp-23576,CsSbClF3,5.95
mp-27688,K2TeI6,2.89
mp-3503,Li6WN4,5.02
mp-3838,Li5ReN4,4.43
mp-9010,RbAuS,4.02
mp-30828,Sr2Pb,0.116
mp-18388,Ga7Te10,1.77
mp-5962,NaMgAs,2.72
mp-9687,K2PAu,2.35
mp-3934,Cu3PS4,2.35
mp-14734,CsCOF3,11.4
mp-841,Li2O2,4.22
mp-505825,Cs2PtC2,3.16
mp-19302,NaCaVO4,5.16
mp-539,Ga2S3,3.28
mp-551873,Ca4Bi2O,2.08
mp-2340,Na2O2,4.63
mp-23218,AsI3,3.54
mp-18247,Sr3ScRhO6,3.65
mp-1958,SrTe,3.55
mp-18625,KPSe6,3.2
mp-12364,BaCu2SnSe4,1.46
mp-21489,Rb2PbO3,3.22
mp-28251,Ta2Zn3O8,6.09
mp-543034,Ba3Zn6Si4TeO20,5.05
mp-22304,Cd(InSe2)2,1.8800000000000001
mp-8313,Cs2Li2GeO4,6.97
mp-27791,SrBe3O4,7.77
mp-5146,Zn(RhO2)2,2.04
mp-9244,LiBC,2.11
mp-15951,BeF2,14.6
mp-13313,ScTlSe2,1.8900000000000001
mp-28670,Ba2Bi2O5,3.79
mp-14038,Rb2NaRhF6,3.69
mp-23751,CsMgH3,6.28
mp-29238,TlAgSe,1.4
mp-9197,Li3AsO4,7.4
mp-27199,AuSeBr,0.918
mp-542802,YCuPbS3,3.31
mp-16947,LiAlGeO4,6.09
mp-23454,CsAgBr2,4.02
mp-27774,NClO6,3.73
mp-546125,ScAsO4,6.27
mp-9273,K3Sb2Au3,2.29
mp-28327,LiGaBr3,4.59
mp-23176,SbCl5,3.93
mp-12525,Sr2LiReO6,3.26
mp-10299,Ca4PdO6,3.18
mp-18914,K2MoO4,6.12
mp-7237,CuAgO2,0.159
mp-540839,CsPbI3,4.28
mp-8276,Sr(ZnP)2,1.4
mp-22858,TlI,3.83
mp-23572,KBiP2S7,4.19
mp-14448,Ba2SiTe4,2.17
mp-7921,MgPdF6,3.23
mp-18156,KBaPSe4,2.68
mp-1479,BP,1.8900000000000001
mp-3540,Li2SnO3,6.01
mp-2695,Sb2Os,0.617
mp-463,KF,12.2
mp-408,Mg2Ge,0.605
mp-8511,PF5,12.6
mp-9996,SiP2,2.44
mp-871,FeSi,0.371
mp-29447,Bi3BrO4,4.14
mp-2517,Ca2Si,1.0
mp-7786,CsCu3S2,4.02
mp-6841,Ba4NaCu(CO5)2,2.24
mp-29862,SnBr2,4.24
mp-28517,Tl6SeI4,4.46
mp-8873,LiGeBO4,7.62
mp-8452,NaLiS,6.21
mp-2789,NO2,4.55
mp-23199,BaCl2,9.0
mp-29975,K3BS3,5.08
mp-2920,LaAlO3,7.08
mp-913,CdP2,2.53
mp-14638,Rb2LiGaF6,7.52
mp-12368,SbS2NF6,4.16
mp-2352,Na2O,5.59
mp-13190,KRb2GaF6,11.0
mp-23657,Na6S2ClO8F,9.49
mp-9268,KSe,2.29
mp-19851,KInTe2,2.06
mp-6361,NaSr3NbO6,5.64
mp-7027,InBO3,4.92
mp-23324,BiSBr,3.55
mp-28158,K4Be3O5,7.33
mp-6019,Sr2YNbO6,5.5
mp-9856,Cs2ZrSe3,2.68
mp-21511,K2NaInP2,2.86
mp-13182,Li2TiGeO5,6.06
mp-31014,ZrP2S7,3.15
mp-17133,Ba3(AlN2)2,3.62
mp-22939,BiClO,4.63
mp-22897,HgCl,4.37
mp-288,PtS,1.13
mp-22914,CuCl,2.5
mp-7461,Hg2SO4,3.74
mp-11660,Hf3N4,2.33
mp-504498,K2CdPb,0.5720000000000001
mp-5126,ZnSO4,6.93
mp-9752,Li2NbF6,7.87
mp-541912,ZrBrN,2.56
mp-28421,Cs2HgI4,3.44
mp-1247,Sb2Ir,0.47300000000000003
mp-8405,Li3LaSb2,0.243
mp-27549,K2AgBi,2.05
mp-4809,Ga2HgS4,2.85
mp-13287,BaCuTeF,1.85
mp-31250,BiBO3,5.13
mp-2079,Rb2P3,1.99
mp-5127,LiCuO,2.82
mp-29172,SeF4,6.61
mp-546862,HgPb2(ClO)2,3.9
mp-2172,AlAs,2.65
mp-1287,KS,3.43
mp-10694,ScF3,11.0
mp-22951,BaIF,7.27
mp-3637,YOF,8.52
mp-14435,K3GeSe3,3.18
mp-29405,RbSnI3,3.38
mp-8892,LiInF4,7.93
mp-14091,AlAgSe2,2.41
mp-8697,ScBO3,7.64
mp-11020,GaAgO2,1.47
mp-10390,Ta2O5,5.14
mp-7117,LiAlSe2,5.16
mp-5637,SrZnO2,4.26
mp-17382,Rb2Si3SnO9,6.9
mp-8710,Ca2Pt3O8,1.98
mp-9383,SrHfN2,0.96
mp-22888,CaBr2,8.1
mp-27647,AuCl3,2.61
mp-14168,K2GeF6,10.3
mp-7439,K3Cu3P2,3.11
mp-18315,Cs6Si2O7,6.99
mp-4495,KLiTe,4.83
mp-30847,TiSnPt,1.19
mp-23582,KLi6BiO6,3.3
mp-510341,Cs3Ge4Au,2.02
mp-21525,RbPb,1.3800000000000001
mp-9565,Ca(MgSb)2,1.8900000000000001
mp-7849,AlAsO4,7.73
mp-542339,CsIn3,0.23900000000000002
mp-28020,AlCuCl4,5.69
mp-3312,Cs(SbSe2)2,2.12
mp-13740,AgAsS2,2.82
mp-9125,Ca(SbO3)2,5.35
mp-9697,Cs6GaSb3,2.48
mp-27171,Hg2P2S7,3.22
mp-13654,Y3Sb4Au3,0.887
mp-10748,TaCu3S4,3.26
mp-540943,SeBr,3.11
mp-30300,Cs3As5O9,5.54
mp-5920,LiAlGe,0.387
mp-22908,BiCl3,5.72
mp-6459,CaMg(CO3)2,8.59
mp-29699,TiNb3O6,1.14
mp-9655,Na4SnO4,5.36
mp-13900,Sr(CuO)2,3.34
mp-8042,ZrGeO4,6.55
mp-6867,KCaCO3F,8.7
mp-8279,Ba(CdP)2,1.34
mp-9628,KCdF3,6.6
mp-28368,TlAuCl4,2.81
mp-9205,KSeO2F,5.6
mp-28692,Cs2CuF6,2.1
mp-13903,ZnSnF6,7.24
mp-6356,Cd2GaAgS4,2.35
mp-27394,CsSnCl3,5.01
mp-2076,ZrSe2,1.13
mp-30938,PAuS4,2.35
mp-20282,CsPbF3,6.02
mp-9881,KAuSe,3.57
mp-23364,CsLiCl2,9.13
mp-7944,NaSb,1.27
mp-3953,CaCO3,8.48
mp-19403,Ba2CaMoO6,3.62
mp-5339,CsNaTe,4.58
mp-29194,Cs2Au2Se3,2.78
mp-22147,HfPbS3,2.67
mp-29741,Tl2(CdSb)3,0.9550000000000001
mp-19871,PbAu2,0.234
mp-2654,Al2S3,5.24
mp-13630,Rb3NaBe2F8,12.7
mp-7896,Cs2O2,4.71
mp-23360,Zn(IO3)2,5.32
mp-17228,K2Ni3S4,1.6400000000000001
mp-5621,NbCu3S4,2.85
mp-3889,NaBO2,8.04
mp-7771,Sr(CdAs)2,0.667
mp-5821,TaAgS3,0.136
mp-8278,Ba(MgP)2,2.52
mp-9317,KZrCuS3,1.72
mp-365,MgB4,0.54
mp-12286,Sr2Ta2O7,4.78
mp-541013,TiI4,1.93
mp-27272,Ca3PI3,4.23
mp-17676,Sr2SnS3F2,3.86
mp-23326,Ca4Cl6O,9.15
mp-2530,Li2Te,4.43
mp-9385,RbAu3Se2,3.57
mp-4819,MgGeO3,5.14
mp-7475,La2S3,2.2
mp-9059,KLi6TaO6,6.82
mp-23261,I2O5,4.47
mp-15685,Na2CuAs,2.12
mp-12905,Ba3CrN3,0.33
mp-2809,Sb2S3,2.36
mp-3777,BaSiN2,5.52
mp-16183,Tl2B2Se7,2.39
mp-15999,Li3AuS2,4.36
mp-4547,La2TeO2,3.61
mp-7909,Al2CdTe4,2.75
mp-31487,NbI5,1.55
mp-8430,KLiS,6.28
mp-22968,NaClO4,9.73
mp-23041,SbSI,2.89
mp-19209,LiAl(MoO4)2,5.21
mp-6026,Na2Mg(CO3)2,8.06
mp-1224,HgO,2.44
mp-9870,K3Ta3(BO6)2,4.82
mp-23268,NaI,6.81
mp-11718,RbF,11.3
mp-4770,Na2SO4,9.56
mp-12180,NaS2,3.58
mp-12459,Ag3PS4,2.19
mp-9921,ZrS3,2.24
mp-17035,K3Sc(PO4)2,7.78
mp-23023,LaBrO,7.36
mp-7657,K3SiTe3,3.4
mp-29909,Ba4I6O,6.83
mp-17830,Rb3Ge4Au,1.94
mp-9486,K2AlF5,12.9
mp-29463,LiBeN,5.28
mp-27831,Rb2ZrCl6,6.19
mp-1106,Sr2Si,1.28
mp-304,Ca2Ge,1.0
mp-2715,CoAs2,0.135
mp-2646,Mg3Sb2,1.09
mp-7773,Na2AsAu,1.7
mp-19162,LaVO4,4.45
mp-3159,Al2CdSe4,3.47
mp-8751,RbLiS,5.88
mp-14128,K2HfF6,10.8
mp-17288,Li2ZnSiO4,6.75
mp-1714,FeSi2,1.47
mp-27827,Rb2TiCl6,3.89
mp-22473,NaInSe2,2.31
mp-5840,LiScO2,7.16
mp-23350,Rb2PtCl6,3.4
mp-22607,Zn(InSe2)2,1.93
mp-11006,BaPS3,5.31
mp-28208,ZrFeCl6,2.69
mp-8058,YAsO4,6.63
mp-17805,Ba2SnSe3F2,3.19
mp-9186,CdSeO3,5.18
mp-31275,Ba(TeP2)2,2.05
mp-12309,Cs2NaAl3F12,12.7
mp-31235,BaNaBi,1.35
mp-18742,Sr2CaWO6,4.67
mp-8117,Rb(MoS)3,1.4
mp-9567,Ba(MgSb)2,1.91
mp-27833,Tl2TeCl6,4.06
mp-8161,CaPdF4,2.34
mp-13336,RbSc5Te8,1.1
mp-17823,Tl3B3S10,3.47
mp-552604,YBi2ClO4,3.16
mp-18220,LiAlSiO4,8.89
mp-5072,Rb2HgO2,4.55
mp-8978,CsNbN2,2.83
mp-3439,SbPO4,6.52
mp-30252,Na10CaSn12,1.53
mp-15217,Rb2TaAgS4,4.11
mp-7638,LiTa3O8,5.52
mp-23444,AsCl2F3,5.51
mp-18002,KLi3GeO4,7.28
mp-12725,NbAgO3,3.08
mp-8299,Sr4As2O,2.87
mp-19386,Sr3V2O8,5.07
mp-30979,GaPS4,4.13
mp-8723,AsF5,8.4
mp-16252,BaCaGe,0.924
mp-947,Au2S,3.3
mp-27564,Na4B2O5,7.81
mp-23209,SrCl2,9.24
mp-9783,Ba3(AsO4)2,7.16
mp-2125,TeO2,4.25
mp-9145,Rb2SnSe3,3.4
mp-17566,Ba5P4,2.35
mp-15395,CsBePO4,9.27
mp-17989,K3PS4,5.2
mp-28569,NaInBr4,5.48
mp-542812,GaTe,1.99
mp-10337,BaYAgTe3,1.8900000000000001
mp-30294,Sr2SnS4,4.5
mp-19163,SrWO4,6.19
mp-4899,GaAgTe2,0.624
mp-11902,Ba2GeSe4,2.54
mp-7436,KCuTe,1.65
mp-21365,InSbS3,2.7
mp-9517,SrTiN2,2.1
mp-6586,K2NaAlF6,12.8
mp-4979,AlCuS2,3.8
mp-18815,KVO3,4.35
mp-23309,ScCl3,6.69
mp-17892,Ca2VN3,2.83
mp-7609,SbOF,5.35
mp-15219,Rb2VCuS4,2.15
mp-9535,Al6Cd4TeO12,4.99
mp-3731,LiNbO3,5.39
mp-30991,Ba(IO3)2,5.8
mp-6960,Rb2SiAs2,2.53
mp-13660,Ca4Sb2O,2.22
mp-27132,Zr2P2O9,7.42
mp-10223,Na2PdS2,2.0
mp-13798,K2NaTlF6,6.66
mp-15803,Y2MgSe4,3.14
mp-9570,Ca(CdP)2,1.74
mp-1864,LaP5,0.29
mp-27849,TiBrN,1.69
mp-7937,NaNbS2,1.33
mp-547244,SrBiClO2,5.71
mp-17315,Zr3Tl2OF12,7.09
mp-541001,LiInI4,3.82
mp-6023,Tl2Sn(AsS3)2,2.06
mp-12924,KLaSiS4,4.61
mp-28291,Ge(SF6)2,8.27
mp-27850,TiNCl,1.7
mp-16861,Na5GeAs3,1.71
mp-4236,BaZnO2,4.67
mp-27419,LiBiF6,5.42
mp-4135,RbPO3,9.4
mp-5004,Na2B2Se7,2.73
mp-17586,CdS2O7,7.06
mp-8725,HfSnS3,2.06
mp-23154,Br,2.68
mp-18288,Ti(SnO2)2,2.06
mp-10547,RbAuO,3.46
mp-21989,Ca3Sc2(GeO4)3,6.49
mp-22232,TlInSe2,2.03
mp-14037,NaTl2RhF6,3.5
mp-23036,K2SeBr6,3.21
mp-23048,CsMnBr3,0.20500000000000002
mp-7433,NaCuSe,0.139
mp-28099,SBr,3.85
mp-23205,MgI2,6.29
mp-8624,K2Sn2O3,2.7600000000000002
mp-16980,Rb2B4O7,9.15
mp-1039,MgTe,4.43
mp-27377,K4Zr5O12,5.88
mp-541774,BiAuBr6,2.13
mp-12908,ScAgSe2,1.86
mp-7249,Ba3Nb2ZnO9,4.74
mp-7386,NaAgF4,2.63
mp-541134,TeAuBr8,1.75
mp-13725,Li3PO4,9.86
mp-2970,Na4GeO4,6.59
mp-14363,Rb2LiAsO4,7.14
mp-4747,Ca2SnO4,5.37
mp-10418,RbSbO2,4.23
mp-540635,BaSn(GeO3)3,5.48
mp-6788,La3Ga5SnO14,6.2
mp-22913,CuBr,2.12
mp-18317,Na5SnP3,2.58
mp-27926,AsClF8,5.91
mp-4497,Si2N2O,7.94
mp-8818,Ca2ZnN2,2.22
mp-27891,Bi2SO2,2.06
mp-28011,Tl2Sn2S3,1.81
mp-3247,Cs2TiS3,2.45
mp-17100,In2P2O7,5.6
mp-720,TlF,5.84
mp-552537,Sr2CuBrO2,5.58
mp-8973,NaSi2N3,6.87
mp-252,BeTe,3.2
mp-32479,Tl3VO4,3.95
mp-22990,CsICl2,4.0
mp-10489,Cs2Ti(CuSe2)2,2.7600000000000002
mp-21855,VCu3Se4,1.49
mp-27362,Nb(SCl)2,2.56
mp-6526,NaGeSbO5,4.26
mp-23541,KSn2Br5,4.1
mp-553243,YBi2BrO4,3.06
mp-12533,La2Hf2O7,7.67
mp-2879,SrSnO3,3.63
mp-540787,K3V5O14,3.33
mp-28626,LaSO,2.79
mp-29274,P2PdO6,3.2
mp-19083,NaVO3,4.59
mp-8459,CdSO4,5.41
mp-3795,NaZnF3,7.54
mp-23247,ZrBr3,1.25
mp-8630,SbIrS,1.99
mp-4002,Li2ZrF6,11.0
mp-27904,FeSbS,1.09
mp-8930,K2GeAs2,2.05
mp-23070,BaBrF,8.77
mp-13868,PdF4,1.8900000000000001
mp-31033,HfF4,9.82
mp-553342,CsBe2BO3F2,10.7
mp-29355,NaTeF5,8.13
mp-22937,Na4I2O,5.45
mp-29910,Sr4I6O,6.16
mp-28921,Tl5Se2Br,1.23
mp-3962,LaPO4,9.96
mp-2286,Li2Se,5.42
mp-28859,K2HgS2,4.49
mp-9595,NbInO4,5.14
mp-547792,KSbO3,5.28
mp-4431,Ag3AsS3,2.29
mp-23282,ZrI3,0.853
mp-15643,SrMgGe,0.106
mp-14116,CuRhO2,1.8
mp-3102,TaCuS3,0.974
mp-5077,NaLi2Sb,2.16
mp-8054,NaSc(GeO3)2,6.47
mp-27422,CsBiF6,5.54
mp-18337,Be3N2,5.74
mp-8188,KScO2,7.1
mp-541715,Ba3GaP3,1.81
mp-28373,BaP3Pt2,0.588
mp-27608,Be4TeO7,3.39
mp-29216,Cs2PtCl4,3.85
mp-20731,In2HgSe4,1.37
mp-12797,BaBe2Si2O7,9.36
mp-2691,CdSe,1.31
mp-7908,Al2ZnTe4,2.74
mp-18691,Rb2Ni3Se4,1.22
mp-19380,CrHgO4,2.37
mp-540881,Cs2AgI3,4.61
mp-5769,Li3SbO4,5.58
mp-1836,TlSe,1.06
mp-3163,BaSnO3,2.36
mp-3654,RbCaF3,12.3
mp-541832,Ba2SnS4,3.67
mp-7580,Hg3(SF)2,3.54
mp-5615,CaAgAs,0.22
mp-7173,ScSbPt,0.715
mp-29506,CsBiO2,4.52
mp-30031,CaI2,6.79
mp-552454,SrTaNO2,2.18
mp-2310,CdO2,2.94
mp-12622,SrPdF4,2.6
mp-9791,Tl3AsS3,2.58
mp-23373,BaZnCl4,7.84
mp-23297,BrF3,4.06
mp-23484,CsAuCl3,1.56
mp-22958,KBrO3,6.22
mp-8871,CsNa2BO3,7.06
mp-8017,AlCuTe2,2.26
mp-2542,BeO,11.1
mp-21705,K2In3AgSe6,2.35
mp-5403,Rb2TiO3,6.49
mp-4917,LaAsO4,7.26
mp-9295,TaCu3Te4,2.05
mp-16777,NaAlP2O7,9.17
mp-30231,RbGaCl4,7.5
mp-6989,BaSeO3,6.45
mp-9922,HfS3,2.15
mp-18469,SrMgP2O7,9.35
mp-23339,NaBrO3,7.19
mp-30900,TaBiO4,5.55
mp-18309,Ba2CdS3,3.86
mp-927,CuP2,1.5
mp-12558,LiMgAs,2.74
mp-23065,CsCu2Cl3,4.55
mp-13852,Ge3N4,3.35
mp-6560,KSO2F,6.58
mp-8450,Rb2Li2GeO4,6.9
mp-909,As2Se3,2.55
mp-9029,Ca3VN3,2.04
mp-17048,Rb2WS4,3.17
mp-6013,KTa(CuSe2)2,2.75
mp-29716,TaTeBr9,3.35
mp-29422,HfCl4,6.68
mp-23165,PtBr3,1.73
mp-7440,NaP,2.06
mp-27355,Pb2OF2,5.11
mp-20493,Mg(InS2)2,3.31
mp-665,SnSe2,1.43
mp-11265,BaCaSn,0.908
mp-5794,Zn(GaO2)2,4.41
mp-3283,RbNbO3,5.4
mp-551816,YBi2IO4,3.07
mp-28248,CdI2,3.79
mp-504441,Cr2Ag2O7,2.07
mp-10550,SrMg2N2,3.71
mp-9158,LiCuO2,1.29
mp-16990,Ba10P6SO24,6.93
mp-15661,Sc4C3,1.12
mp-15437,MgP4O11,8.88
mp-1143,Al2O3,9.29
mp-20042,TlInS2,1.49
mp-6955,KGeNO,4.87
mp-17945,RbPSe6,3.16
mp-29209,Ba(MgBi)2,1.35
mp-28744,Y4OsBr4,1.5
mp-28792,P4N3Cl11,5.28
mp-7500,Na4SiO4,7.23
mp-12010,BaSeO4,6.74
mp-3448,KMgF3,12.7
mp-2667,CsAu,3.59
mp-13031,MgSe,4.88
mp-19022,Na4FeO4,1.21
mp-8724,K2TeO3,6.02
mp-31213,Sr4Ti3O10,4.08
mp-9198,Fe(SiP)4,1.99
mp-28407,SBr2O,4.65
mp-31065,Sc2(SeO3)3,6.73
mp-9676,K2NaGaAs2,2.37
mp-504506,RbIn(MoO4)2,5.84
mp-23189,BI3,4.71
mp-29590,Sn2OF5,3.05
mp-4609,HfSiO4,8.66
mp-8255,CaPtF6,4.21
mp-2979,ZnGeN2,2.92
mp-541112,ZrI4,3.55
mp-7251,Ba2YNbO6,5.15
mp-28505,Ba(AlTe2)2,2.93
mp-3963,K2CO3,8.52
mp-27854,TaCl4F,4.84
mp-8564,CsK2Sc(PO4)2,7.56
mp-8194,Ba2GeP2,1.2
mp-1266,Na2Se,4.91
mp-4578,Sr2GeS4,4.04
mp-18138,K2WSe4,2.01
mp-6983,NaAgO,2.83
mp-7738,LaSeF,3.61
mp-7094,ReAgO4,4.17
mp-2371,Ga2Te5,1.69
mp-19723,InAuO2,0.625
mp-31053,Ag2S,2.63
mp-27178,HgPS3,3.11
mp-18429,KAg(NO3)2,4.7
mp-3006,P2Pd3S8,2.72
mp-553303,CsCu3O2,3.04
mp-4763,ZnSiP2,2.33
mp-22871,ZrCl3,1.43
mp-7288,Sc2SO2,3.96
mp-30301,LiClO4,9.65
mp-9564,Ca(MgAs)2,2.71
mp-19662,BaCrO4,3.96
mp-10155,P2Ir,0.8310000000000001
mp-10167,Na3SbS4,3.72
mp-23008,PbBrF,4.92
mp-7067,Ca(CdAs)2,0.767
mp-27300,RbAuBr3,1.46
mp-10392,Sr3CdPtO6,3.83
mp-7571,KNbF6,7.98
mp-9693,K2SnSe3,3.26
mp-8348,TlSbF6,6.7
mp-505702,Pb2CO4,5.83
mp-8175,KTlO2,2.02
mp-9821,RbSbF6,8.98
mp-9274,Rb3Sb2Au3,2.53
mp-17518,Sr2TaN3,4.42
mp-29976,Na3BS3,4.91
mp-13863,BaGeO3,6.72
mp-29454,Na3TlO2,3.89
mp-18414,BaLa2BeO5,7.03
mp-29529,NaSnP,1.49
mp-1115,PtSe2,0.936
mp-30158,Sr3Ga4O9,5.85
mp-6486,SrBPO5,9.53
mp-7210,Cd2B2O5,4.77
mp-5377,YTaO4,6.38
mp-21510,K2NaInAs2,2.07
mp-27640,Cd(IO3)2,5.44
mp-1265,MgO,8.12
mp-762,PtS2,2.16
mp-10695,ZnS,3.65
mp-4515,Ag3SbS3,2.08
mp-5222,ReTeS,0.434
mp-20832,Zn(InTe2)2,1.51
mp-676,CaN6,5.6
mp-9816,GeF4,9.95
mp-23153,I,1.8900000000000001
mp-12444,SrCuSF,3.54
mp-28219,TlCdBr3,4.41
mp-7575,LiZnN,1.39
mp-9318,KZrCuSe3,1.09
mp-6949,InF3,7.74
mp-8560,SF6,10.1
mp-8603,RbAgO,3.54
mp-22880,FeBr2,2.08
mp-22142,SiSe2,4.14
mp-22450,Li2PbO3,2.32
mp-22007,CsIn5S8,2.62
mp-23004,CsMgCl3,9.29
mp-9720,Rb3BP2,3.98
mp-2490,GaP,2.55
mp-8756,KLiSe,5.24
mp-5045,SnGeS3,2.62
mp-20352,Ba3In2O6,2.63
mp-189,SiRu,0.336
mp-29397,SiTePt,1.07
mp-30302,HfBrN,1.31
mp-540636,WOF4,4.17
mp-29657,NaGe,1.8
mp-672,CdS,2.42
mp-3432,ScNiSb,0.192
mp-505400,BaZr2F10,9.97
mp-3762,VCu3S4,1.82
mp-1672,CaS,4.76
mp-23207,ClO2,1.53
mp-31040,NbCl4,1.94
mp-28218,TlCdCl3,5.25
mp-8041,Rb2S,5.48
mp-27314,SbClF8,5.67
mp-30253,Na10SrSn12,1.55
mp-8799,RbNaS,5.61
mp-6999,ScPS4,3.47
mp-468,AlF3,13.3
mp-726,SeO2,5.52
mp-15339,Sr3As4,1.45
mp-23517,RbPbI3,4.19
mp-20938,RbIn5S8,2.66
mp-28315,Rb4CdBr6,5.69
mp-20817,GePtSe,0.55
mp-8703,Na3SbSe4,2.24
mp-23140,AgHgSI,2.67
mp-5078,SrZnF4,9.37
mp-22899,LiI,7.0
mp-31036,CuTe2Br,1.6400000000000001
mp-19005,Y6WO12,4.42
mp-8217,Cs2GeF6,10.6
mp-27399,SbBr3,5.5
mp-22916,NaBr,8.0
mp-541291,Na3MoN3,2.72
mp-3481,KSnAs,1.03
mp-23290,PtCl2,3.1
mp-17193,Ca3GeO,1.01
mp-12535,K2ZnTe2,3.58
mp-18918,ZnWO4,4.3
mp-8946,TlBS2,3.46
mp-8623,K2Te2Pt,1.5
mp-15514,NaSe2,2.24
mp-7972,RbLaO2,6.77
mp-17761,CaGeO3,6.54
mp-28602,Na3ClO,5.47
mp-6181,NaNb(CuS2)2,2.96
mp-27228,Tl6Si2O7,3.37
mp-10802,RbAs,1.56
mp-5309,KAuF4,3.9
mp-541911,HfNCl,4.69
mp-18347,KAlTe2,3.65
mp-2857,ScN,1.26
mp-9726,SrBeF4,13.7
mp-1105,BaO2,5.56
mp-505373,AsSeI,2.26
mp-5618,Mg2As2O7,5.75
mp-1500,BaS,4.62
mp-13948,Cs2HfF6,12.2
mp-30530,TlClO4,8.65
mp-19260,Li2WO4,5.04
mp-552806,BaBiClO2,5.48
mp-11123,CsYHgSe3,2.6
mp-29170,Hg(AuF4)2,3.16
mp-29359,Na2PdCl4,2.8
mp-9397,HfTlCuSe3,1.27
mp-5782,AlAgS2,3.75
mp-682,NaF,12.4
mp-7035,CaMgAsO4F,7.1
mp-23177,HgBr,3.61
mp-541155,VS4,1.34
mp-22925,AgI,2.54
mp-505431,K2LiInAs2,1.84
mp-16557,SrAlF5,13.0
mp-7233,La2SeO2,4.45
mp-31516,Co(ReO4)2,2.0
mp-28324,Sr3(InP2)2,1.51
mp-5966,Cd2SnO4,1.79
mp-29080,Na3YBr6,7.61
mp-13801,Tl2Pt2O7,1.33
mp-13610,ZnPbF6,4.25
mp-10408,K2CN2,6.48
mp-4651,SrTiO3,3.87
mp-1170,SnS2,2.83
mp-28175,Pd(SeCl3)2,2.73
mp-22932,KInBr4,5.19
mp-8857,Cs2As2Pd,1.85
mp-20098,Ba2PbO4,2.5100000000000002
mp-22313,Na2PtO2,2.86
mp-12532,KAg2PS4,2.53
mp-23292,HgBr2,4.49
mp-19420,Sr2MgWO6,4.68
mp-7457,SnF2,5.29
mp-19182,Ba2CaWO6,4.75
mp-540783,OsO4,4.89
mp-12385,Ba2YTaO6,6.13
mp-543024,Cs2Pd(IBr2)2,1.65
mp-28873,CsBrO3,6.77
mp-31486,K2SnBi,1.23
mp-504570,K3FeO3,0.359
mp-18834,SrMoO4,5.36
mp-551470,Tl2O,1.71
mp-16321,SrCuP,0.683
mp-18953,NaV(OF)2,3.18
mp-19799,BaPbF6,5.79
mp-5020,BaTiO3,4.66
mp-25054,MoPbO4,3.87
mp-550436,V2CdO6,3.17
mp-27193,RbIO3,4.91
mp-19212,Rb2MoO4,6.26
mp-27438,TlBiTe2,1.0
mp-541588,VHgO3,2.72
mp-504510,MgV2O6,3.86
mp-18753,Na3Mo(OF)3,5.7
mp-551203,Sr2I2O,6.1
mp-28691,TaTe4I,0.8240000000000001
mp-28077,PbBr2,5.31
mp-7569,KAsF6,8.48
mp-19120,MgCrO4,3.3
mp-28872,RbBrO3,6.51
mp-27175,InOF,3.15
mp-6800,KLiSO4,9.99
mp-18988,Li2MnO3,0.14400000000000002
mp-16245,CaSbAu,0.167
mp-28486,Cs2Ni3S4,1.8900000000000001
mp-27214,CsSnBr3,2.27
mp-18329,CsMgPO4,8.52
mp-22791,TlInTe2,1.35
mp-27562,Na2Pd3O4,0.902
mp-28377,CsGeI3,2.26
mp-23120,Cs2NaYCl6,8.76
mp-31629,Ta2CrO6,0.903
mp-11819,BaSnHg,0.255
mp-541897,Rb2Cd(PSe3)2,3.35
mp-17707,Cs3Na2SnP3,2.82
mp-23535,K2ZnBr4,6.54
mp-14340,Rb2Pd3Se4,1.56
mp-22988,CsGeCl3,3.94
mp-19014,Sr2CdWO6,4.78
mp-2452,P2O5,8.95
mp-13312,ScTlS2,2.01
mp-4351,K2B2S7,4.41
mp-13641,TiCdO3,5.1
mp-8491,LiInP2O7,7.06
mp-540792,Ge2S3Br2,4.44
mp-7494,K2Ag4S3,0.8280000000000001
mp-19037,K2W2O7,3.4
mp-18510,Sr2SiO4,8.19
mp-22342,PbSeO4,5.48
mp-21781,Sr(InS2)2,3.91
mp-7152,CsZrCuSe3,1.15
mp-27209,KTlF4,4.79
mp-13992,Cs2Pt3S4,2.89
mp-21943,Ba(InS2)2,4.01
mp-15223,Cs2NbCuSe4,2.75
mp-541817,NbSeI3,1.31
mp-905,LaF3,13.1
mp-541259,SbBr5F6,3.15
mp-29299,TeSeO4,4.85
mp-19276,BaMoO4,5.77
mp-1321,CdSb,0.197
mp-942,AuF3,2.93
mp-6391,Na2ZnSiO4,6.45
mp-14336,Cs2Ni3Se4,1.3800000000000001
mp-542885,SrCrO4,3.83
mp-505633,Cs2Zn3S4,5.0
mp-11924,Rb2TaCuSe4,3.23
mp-9666,K2NaGaP2,3.09
mp-8361,CsTe,2.18
mp-29487,PdCl2,2.73
mp-4804,Li4TeO5,5.19
mp-21733,Sr(InSe2)2,2.81
mp-31231,Sr5Mo2N7,2.22
mp-7903,Cs2ZrF6,11.2
mp-541435,Sb2WO6,1.08
mp-19334,Na4WO5,5.18
mp-3228,HgSO4,3.07
mp-19047,MgMoO4,5.24
mp-8224,CaSnF6,9.93
mp-14006,BaGeF6,9.6
mp-14637,Cs2NbAgSe4,3.01
mp-546500,NaCNO,8.3
mp-17361,Cs2WS4,3.44
mp-27253,Au2O3,1.8800000000000001
mp-6402,Na2ZnGeO4,5.59
mp-16096,Tl(TeMo)3,0.754
mp-18862,La2CoIrO6,0.876
mp-733,GeO2,6.02
mp-8900,K2VAgS4,2.2
mp-4691,Ag2CO3,1.35
mp-5387,YNbO4,5.63
mp-4047,Cs2SiF6,13.4
mp-3199,CuSe2O5,0.218
mp-30126,Ba(BS2)2,4.79
mp-17688,CsGaTe2,2.42
mp-15220,K2VCuSe4,1.71
mp-15147,K2VCuS4,2.11
mp-540719,PbWO4,3.68
mp-613172,VBiO4,3.52
mp-31038,CuSe2Cl,1.91
mp-15214,K2NbAgS4,3.5
mp-540609,CsMnI3,0.177
mp-18921,NaCoO2,2.38
mp-20331,CuSbSe2,1.46
mp-28384,GaBr2,4.7
mp-9815,TaTl(CuS2)2,3.16
mp-7943,LiAs,1.07
mp-504952,InGaSe3,2.44
mp-510268,Cs2Pd3S4,2.38
mp-22956,K2PdCl4,3.08
mp-14444,Hf(PS3)2,3.91
mp-4757,KReO4,6.18
mp-29455,Ga4GeO8,4.21
mp-18310,Si3Ag3(SnP3)2,0.638
mp-14355,Cs2SrP2O7,9.0
mp-14338,Cs2Pt3Se4,2.43
mp-18327,Ba2Tl2O5,1.29
mp-23575,AsSe3(ClF2)3,3.24
mp-18480,Na3Ca2TaO6,7.0
mp-8195,Ba2GeAs2,1.09
mp-4078,La2SO6,8.85
mp-8684,Cs2VAgS4,2.27
mp-4530,Cd2SiO4,3.28
mp-17245,Na3TaF8,7.81
mp-18536,AgF3,0.8290000000000001
mp-9548,GeAs,1.11
mp-19178,CoAgO2,1.45
mp-15157,Cs2CaF4,11.7
mp-19026,Na4FeO3,0.903
mp-4387,SrZrO3,6.74
mp-18889,VAg3O4,1.8800000000000001
mp-28580,Y2NCl3,4.18
mp-32526,CaV2O6,4.04
mp-15218,Cs2TaAgS4,4.16
mp-23127,Ba2BiSbO6,3.21
mp-8972,K2TaCuSe4,3.17
mp-5625,Ag2SO4,2.92
mp-541378,CsBiS2,3.02
mp-27381,CsSnI3,3.45
mp-19117,Li4MoO5,4.07
mp-6406,Na2MgSiO4,7.66
mp-28244,TlBO2,5.43
mp-1954,P3N5,4.87
mp-29808,Ca4GeN4,3.44
mp-6215,AgHgAsS3,2.15
mp-4514,NaNbO3,4.69
mp-14339,K2Pd3Se4,1.37
mp-11980,CsNbF6,8.03
mp-22976,Rb2(NbCl3)3,1.55
mp-4030,Rb2Pt3S4,2.63
mp-27772,Nb3I8,0.232
mp-17954,BaCu2SnS4,2.07
mp-32533,Na2W4O13,2.52
mp-11923,Rb2TaCuS4,3.83
