mpid,formula,BG,fidelity,bg_category
mp-21943,Ba(InS2)2,4.01,2,2.0
mp-760,FeSe2,0.938,2,0.0
mp-1873,ZnF2,6.92,2,4.0
mp-7038,TlPd2Se3,0.794,2,0.0
mp-17518,Sr2TaN3,4.42,2,3.0
mp-22982,CuBiS2,1.46,2,0.0
mp-9778,K2AgP,2.87,2,2.0
mp-17862,Ag3Ge5P6,1.04,2,0.0
mp-17715,SrTa2O6,5.4,2,3.0
mp-28874,Hg2P3Br,2.18,2,1.0
mp-552604,YBi2ClO4,3.16,2,2.0
mp-2472,SrO,6.92,2,4.0
mp-8042,ZrGeO4,6.55,2,4.0
mp-17172,Tl2TeS3,2.35,2,1.0
mp-17701,Sr2NbN3,3.98,2,2.0
mp-9397,HfTlCuSe3,1.27,2,0.0
mp-27253,Au2O3,1.88,2,1.0
mp-23154,Br,2.68,2,1.0
mp-2452,P2O5,8.95,2,6.0
mp-22473,NaInSe2,2.31,2,1.0
mp-8756,KLiSe,5.24,2,3.0
mp-29898,Tl2Au4S3,2.43,2,1.0
mp-11703,KSbS2,2.98,2,2.0
mp-12622,SrPdF4,2.6,2,1.0
mp-9205,KSeO2F,5.6,2,3.0
mp-27209,KTlF4,4.79,2,3.0
mp-2798,SiP,2.95,2,2.0
mp-545500,BaSbClO2,4.93,2,3.0
mp-10985,RbCu3S2,1.73,2,1.0
mp-30139,BeBr2,9.05,2,6.0
mp-28557,Ag2PdCl4,2.06,2,1.0
mp-18347,KAlTe2,3.65,2,2.0
mp-30950,Sr3GeO,1.21,2,0.0
mp-20694,K2Pb2O3,3.5,2,2.0
mp-5414,NaSbS2,1.82,2,1.0
mp-14289,Ba3P4,1.24,2,0.0
mp-14354,Rb2SrP2O7,8.9,2,6.0
mp-28994,KLi2As,2.18,2,1.0
mp-23392,K4CdCl6,6.92,2,4.0
mp-27438,TlBiTe2,1.0,2,0.0
mp-10474,NaPF6,12.9,2,7.0
mp-17501,Ba(ScTe2)2,1.27,2,0.0
mp-12525,Sr2LiReO6,3.26,2,2.0
mp-9318,KZrCuSe3,1.09,2,0.0
mp-16945,Sr3(GaN2)2,3.47,2,2.0
mp-8979,TaInO4,5.88,2,4.0
mp-28358,NbAlCl8,3.73,2,2.0
mp-28327,LiGaBr3,4.59,2,3.0
mp-7603,Li2TiF6,7.54,2,5.0
mp-2697,SrO2,5.52,2,3.0
mp-22766,CaIn2O4,4.25,2,3.0
mp-9697,Cs6GaSb3,2.48,2,1.0
mp-3933,Mg2PN3,5.93,2,4.0
mp-11660,Hf3N4,2.33,2,1.0
mp-15514,NaSe2,2.24,2,1.0
mp-1569,Be2C,2.08,2,1.0
mp-14526,Na4Hf2(GeO4)3,7.14,2,5.0
mp-18148,K3TaS4,4.41,2,3.0
mp-17060,NaAlSe2,4.6,2,3.0
mp-10802,RbAs,1.56,2,1.0
mp-27529,PI3,3.91,2,2.0
mp-8890,Cs(SbS2)2,2.78,2,1.0
mp-7020,LiYO2,7.58,2,5.0
mp-29585,K4CdAs2,2.25,2,1.0
mp-19352,KAl(MoO4)2,5.43,2,3.0
mp-15833,Zn4P6SN12,6.53,2,4.0
mp-27827,Rb2TiCl6,3.89,2,2.0
mp-5794,Zn(GaO2)2,4.41,2,3.0
mp-12418,SrCaGe,1.26,2,0.0
mp-27628,Te3Cl2,2.22,2,1.0
mp-8770,Cs2CoSe2,0.255,2,0.0
mp-8263,KNa2BO3,6.67,2,4.0
mp-7219,Na2ZrSe3,2.74,2,1.0
mp-18156,KBaPSe4,2.68,2,1.0
mp-5821,TaAgS3,0.136,2,0.0
mp-542812,GaTe,1.99,2,1.0
mp-7173,ScSbPt,0.715,2,0.0
mp-7738,LaSeF,3.61,2,2.0
mp-7249,Ba3Nb2ZnO9,4.74,2,3.0
mp-16060,AgAuF4,2.16,2,1.0
mp-29443,PI2,3.41,2,2.0
mp-540771,BaZrS3,2.3,2,1.0
mp-3881,BaZnF4,8.5,2,6.0
mp-553025,CaBiClO2,5.87,2,4.0
mp-17035,K3Sc(PO4)2,7.78,2,5.0
mp-3338,NaGaO2,5.89,2,4.0
mp-15074,Sr(PIr)2,0.5720000000000001,2,0.0
mp-17208,K2Li14Zr3O14,7.88,2,5.0
mp-23024,SrBrF,8.59,2,6.0
mp-27193,RbIO3,4.91,2,3.0
mp-28077,PbBr2,5.31,2,3.0
mp-8932,Cs2SiP2,2.93,2,2.0
mp-1190,ZnSe,2.14,2,1.0
mp-27891,Bi2SO2,2.06,2,1.0
mp-9856,Cs2ZrSe3,2.68,2,1.0
mp-551816,YBi2IO4,3.07,2,2.0
mp-23153,I,1.89,2,1.0
mp-12829,LiCaGaF6,11.1,2,7.0
mp-28158,K4Be3O5,7.33,2,5.0
mp-13190,KRb2GaF6,11.0,2,7.0
mp-14037,NaTl2RhF6,3.5,2,2.0
mp-17504,Sr3(GeAs2)2,1.65,2,1.0
mp-31275,Ba(TeP2)2,2.05,2,1.0
mp-3635,LiBO2,9.21,2,6.0
mp-28591,Na4HgP2,2.49,2,1.0
mp-1106,Sr2Si,1.28,2,0.0
mp-927,CuP2,1.5,2,1.0
mp-7752,Sr3SbN,1.62,2,1.0
mp-8054,NaSc(GeO3)2,6.47,2,4.0
mp-3934,Cu3PS4,2.35,2,1.0
mp-19178,CoAgO2,1.45,2,0.0
mp-12623,BaPdF4,2.9,2,2.0
mp-8683,K5As2Au,1.93,2,1.0
mp-31243,BaAs2,1.02,2,0.0
mp-1186,ZrS2,2.29,2,1.0
mp-16321,SrCuP,0.683,2,0.0
mp-9564,Ca(MgAs)2,2.71,2,1.0
mp-7849,AlAsO4,7.73,2,5.0
mp-8973,NaSi2N3,6.87,2,4.0
mp-13641,TiCdO3,5.1,2,3.0
mp-9010,RbAuS,4.02,2,2.0
mp-9272,TlPt2S3,1.79,2,1.0
mp-1508,LaS2,1.49,2,1.0
mp-4351,K2B2S7,4.41,2,3.0
mp-9788,SrPS3,5.27,2,3.0
mp-20496,Ga2PbO4,5.72,2,4.0
mp-9007,Na6P4W,2.38,2,1.0
mp-28796,Sr5(AuO4)2,2.64,2,1.0
mp-16234,CsAg3Se2,0.952,2,0.0
mp-726,SeO2,5.52,2,3.0
mp-17291,Na3SiTe3,3.6,2,2.0
mp-2654,Al2S3,5.24,2,3.0
mp-541155,VS4,1.34,2,0.0
mp-14338,Cs2Pt3Se4,2.43,2,1.0
mp-22988,CsGeCl3,3.94,2,2.0
mp-18253,SrGa4O7,5.0,2,3.0
mp-2646,Mg3Sb2,1.09,2,0.0
mp-7895,Rb2O2,5.16,2,3.0
mp-15248,K3Nb3(BO6)2,3.82,2,2.0
mp-27691,K2PtBr6,2.21,2,1.0
mp-7756,SrLiSb,1.73,2,1.0
mp-18378,K3AlTe3,4.25,2,3.0
mp-21781,Sr(InS2)2,3.91,2,2.0
mp-22583,KInP2S7,3.66,2,2.0
mp-4558,Li4GeO4,7.24,2,5.0
mp-12878,Sr2YSbO6,6.6,2,4.0
mp-28171,K3IO,4.26,2,3.0
mp-23228,PCl5,3.73,2,2.0
mp-27480,Sn2OF2,4.45,2,3.0
mp-27336,CsCuBr3,0.608,2,0.0
mp-28692,Cs2CuF6,2.1,2,1.0
mp-8810,SrZn2(PO4)2,7.27,2,5.0
mp-17524,GeAs2,1.34,2,0.0
mp-7339,BaSiO3,8.41,2,6.0
mp-17173,Rh2S3,0.143,2,0.0
mp-3839,GaCuTe2,0.748,2,0.0
mp-3188,Zn(SbO3)2,3.33,2,2.0
mp-22971,SbSBr,3.11,2,2.0
mp-29447,Bi3BrO4,4.14,2,2.0
mp-7571,KNbF6,7.98,2,5.0
mp-17315,Zr3Tl2OF12,7.09,2,5.0
mp-29077,LiBiO3,1.25,2,0.0
mp-9628,KCdF3,6.6,2,4.0
mp-6870,KBe2BO3F2,11.0,2,7.0
mp-30900,TaBiO4,5.55,2,3.0
mp-6391,Na2ZnSiO4,6.45,2,4.0
mp-304,Ca2Ge,1.0,2,0.0
mp-6181,NaNb(CuS2)2,2.96,2,2.0
mp-9722,Na2LiGaAs2,2.89,2,2.0
mp-13682,PdS2,1.24,2,0.0
mp-14588,Na2PtSe2,1.85,2,1.0
mp-30239,Sr3(BS3)2,4.24,2,3.0
mp-15013,RbBS2,4.98,2,3.0
mp-23225,BBr3,6.62,2,4.0
mp-30373,RbAu,2.87,2,2.0
mp-18414,BaLa2BeO5,7.03,2,5.0
mp-539,Ga2S3,3.28,2,2.0
mp-27830,Cs2SeCl6,4.42,2,3.0
mp-9843,Sr3(AlP2)2,2.76,2,1.0
mp-31621,Co(ClO4)2,2.1,2,1.0
mp-28153,Ca(AuF6)2,3.16,2,2.0
mp-552234,SrBiBrO2,5.51,2,3.0
mp-17954,BaCu2SnS4,2.07,2,1.0
mp-8290,BaSnF6,9.05,2,6.0
mp-7943,LiAs,1.07,2,0.0
mp-468,AlF3,13.3,2,7.0
mp-29862,SnBr2,4.24,2,3.0
mp-22888,CaBr2,8.1,2,5.0
mp-9317,KZrCuS3,1.72,2,1.0
mp-18625,KPSe6,3.2,2,2.0
mp-4608,KPF6,12.4,2,7.0
mp-17944,NaCaAlF6,13.2,2,7.0
mp-30930,AlI3,5.77,2,4.0
mp-4624,TaBO4,5.48,2,3.0
mp-31493,RbGa3,0.626,2,0.0
mp-5594,Sc2Si2O7,7.82,2,5.0
mp-28368,TlAuCl4,2.81,2,1.0
mp-27577,Cd2As3I,1.36,2,0.0
mp-3411,Tl(MoSe)3,0.896,2,0.0
mp-14092,AlAgTe2,2.12,2,1.0
mp-28150,BaNb2O6,4.53,2,3.0
mp-23199,BaCl2,9.0,2,6.0
mp-2857,ScN,1.26,2,0.0
mp-7566,InPO4,4.81,2,3.0
mp-181,KGa3,0.797,2,0.0
mp-104,Sb,0.205,2,0.0
mp-2416,YF3,13.1,2,7.0
mp-2879,SrSnO3,3.63,2,2.0
mp-23138,SbPbClO2,3.44,2,2.0
mp-8262,K2P3,1.91,2,1.0
mp-7906,Al2HgS4,3.59,2,2.0
mp-7921,MgPdF6,3.23,2,2.0
mp-7643,K2AgSb,2.68,2,1.0
mp-29711,Tl2Te3,1.35,2,0.0
mp-7123,KSb(PSe3)2,3.25,2,2.0
mp-2715,CoAs2,0.135,2,0.0
mp-17816,Na5AsO5,4.44,2,3.0
mp-18504,Ca3(GeAs2)2,1.42,2,0.0
mp-504820,VCl3O,4.05,2,2.0
mp-9774,Ba4Sb2O,1.93,2,1.0
mp-23575,AsSe3(ClF2)3,3.24,2,2.0
mp-408,Mg2Ge,0.605,2,0.0
mp-5394,LaSF,3.02,2,2.0
mp-18288,Ti(SnO2)2,2.06,2,1.0
mp-20938,RbIn5S8,2.66,2,1.0
mp-17586,CdS2O7,7.06,2,5.0
mp-12491,CsLaCdTe3,2.83,2,1.0
mp-5621,NbCu3S4,2.85,2,1.0
mp-23184,BCl3,7.97,2,5.0
mp-2920,LaAlO3,7.08,2,5.0
mp-14340,Rb2Pd3Se4,1.56,2,1.0
mp-13740,AgAsS2,2.82,2,1.0
mp-19799,BaPbF6,5.79,2,4.0
mp-23657,Na6S2ClO8F,9.49,2,6.0
mp-541588,VHgO3,2.72,2,1.0
mp-20397,Sr(InTe2)2,1.76,2,1.0
mp-9854,YP5,0.685,2,0.0
mp-8857,Cs2As2Pd,1.85,2,1.0
mp-1285,PtO2,1.09,2,0.0
mp-795,LiSi,0.41,2,0.0
mp-149,Si,1.11,2,0.0
mp-1247,Sb2Ir,0.473,2,0.0
mp-19893,PbCO3,6.09,2,4.0
mp-3448,KMgF3,12.7,2,7.0
mp-7931,SrP,1.52,2,1.0
mp-30847,TiSnPt,1.19,2,0.0
mp-9720,Rb3BP2,3.98,2,2.0
mp-17718,CsKNa2Li12(SiO4)4,8.64,2,6.0
mp-29558,Bi3ClO4,4.14,2,2.0
mp-28453,CsAuI3,1.34,2,0.0
mp-549697,RbGeIO6,4.69,2,3.0
mp-551203,Sr2I2O,6.1,2,4.0
mp-6026,Na2Mg(CO3)2,8.06,2,5.0
mp-11819,BaSnHg,0.255,2,0.0
mp-23263,LaBr3,6.06,2,4.0
mp-7067,Ca(CdAs)2,0.767,2,0.0
mp-871,FeSi,0.371,2,0.0
mp-6949,InF3,7.74,2,5.0
mp-14026,Ca2Ta2O7,4.12,2,2.0
mp-7611,Li2CaGeO4,7.26,2,5.0
mp-18780,K2WO4,6.92,2,4.0
mp-9588,LiP,1.79,2,1.0
mp-1022,K2S,5.96,2,4.0
mp-7773,Na2AsAu,1.7,2,1.0
mp-27564,Na4B2O5,7.81,2,5.0
mp-7841,Ba(GaSe2)2,3.3,2,2.0
mp-4917,LaAsO4,7.26,2,5.0
mp-28159,As(BrF2)3,3.04,2,2.0
mp-18740,V2Cd2O7,3.63,2,2.0
mp-905,LaF3,13.1,2,7.0
mp-27355,Pb2OF2,5.11,2,3.0
mp-7483,KHgF3,2.59,2,1.0
mp-3927,CaAsAu,0.247,2,0.0
mp-682,NaF,12.4,2,7.0
mp-17888,K2Zr3OF12,9.3,2,6.0
mp-551470,Tl2O,1.71,2,1.0
mp-12957,O2,2.11,2,1.0
mp-19282,Sr2ZnWO6,4.6,2,3.0
mp-16771,MgSe2O5,4.83,2,3.0
mp-11022,ScAgO2,3.6,2,2.0
mp-29487,PdCl2,2.73,2,1.0
mp-22965,BiTeI,2.26,2,1.0
mp-30945,Ga2PdBr8,2.86,2,2.0
mp-315,PbF2,7.42,2,5.0
mp-9244,LiBC,2.11,2,1.0
mp-14726,Na4TiO4,7.3,2,5.0
mp-8204,LiAlB14,2.48,2,1.0
mp-19432,KNaV2O6,4.56,2,3.0
mp-23057,CsLiBr2,7.62,2,5.0
mp-5472,Nb2Cd2O7,4.08,2,2.0
mp-1818,SiF4,14.0,2,7.0
mp-7786,CsCu3S2,4.02,2,2.0
mp-19871,PbAu2,0.234,2,0.0
mp-17125,CsNa3Li12(GeO4)4,7.25,2,5.0
mp-3540,Li2SnO3,6.01,2,4.0
mp-14091,AlAgSe2,2.41,2,1.0
mp-7191,Sr3GaN3,2.21,2,1.0
mp-27399,SbBr3,5.5,2,3.0
mp-6989,BaSeO3,6.45,2,4.0
mp-546279,ScBrO,5.8,2,4.0
mp-6960,Rb2SiAs2,2.53,2,1.0
mp-15954,As2Rh,0.328,2,0.0
mp-30314,Cs2PdCl4,3.31,2,2.0
mp-22232,TlInSe2,2.03,2,1.0
mp-856,SnO2,2.59,2,1.0
mp-10616,BaLiAs,1.82,2,1.0
mp-546285,NbI3O,1.38,2,0.0
mp-540707,Cs2Sn(GeO3)3,5.11,2,3.0
mp-9846,RbCaSb,3.47,2,2.0
mp-27227,LiAg3O2,1.51,2,1.0
mp-18373,ZnSe2O5,4.85,2,3.0
mp-6449,CdCu2SiS4,2.58,2,1.0
mp-14128,K2HfF6,10.8,2,7.0
mp-14206,K3Ag3As2,2.79,2,1.0
mp-23373,BaZnCl4,7.84,2,5.0
mp-23517,RbPbI3,4.19,2,2.0
mp-9793,Ba3BAsO3,3.42,2,2.0
mp-23290,PtCl2,3.1,2,2.0
mp-541435,Sb2WO6,1.08,2,0.0
mp-8230,Zn(PO3)2,7.78,2,5.0
mp-542802,YCuPbS3,3.31,2,2.0
mp-8830,NaRhO2,2.56,2,1.0
mp-12725,NbAgO3,3.08,2,2.0
mp-29657,NaGe,1.8,2,1.0
mp-17892,Ca2VN3,2.83,2,1.0
mp-23162,ZrCl2,1.53,2,1.0
mp-16557,SrAlF5,13.0,2,7.0
mp-17193,Ca3GeO,1.01,2,0.0
mp-2970,Na4GeO4,6.59,2,4.0
mp-27300,RbAuBr3,1.46,2,0.0
mp-10234,Sr2BN2F,5.14,2,3.0
mp-27926,AsClF8,5.91,2,4.0
mp-22897,HgCl,4.37,2,3.0
mp-27829,Rb2SeCl6,4.18,2,2.0
mp-8426,K2Se,5.38,2,3.0
mp-3216,Li2ZrN2,3.34,2,2.0
mp-30990,K6Si2O7,7.69,2,5.0
mp-27247,Na3NbO4,6.12,2,4.0
mp-1943,GaSe,2.2,2,1.0
mp-10086,YSF,2.97,2,2.0
mp-8212,Cd(PtO2)3,0.608,2,0.0
mp-5132,YPO4,9.75,2,7.0
mp-23713,CaH2,5.85,2,4.0
mp-9383,SrHfN2,0.96,2,0.0
mp-252,BeTe,3.2,2,2.0
mp-3118,Mg3TeO6,5.5,2,3.0
mp-13948,Cs2HfF6,12.2,2,7.0
mp-29260,Ti(SeO3)2,4.48,2,3.0
mp-29403,GaCuI4,3.32,2,2.0
mp-541912,ZrBrN,2.56,2,1.0
mp-7645,KAl(SO4)2,9.58,2,6.0
mp-28070,Rb2TeI6,2.79,2,1.0
mp-18365,RbCuSe4,2.23,2,1.0
mp-691,SnSe,1.28,2,0.0
mp-29395,NaAlI4,6.27,2,4.0
mp-2310,CdO2,2.94,2,2.0
mp-542885,SrCrO4,3.83,2,2.0
mp-2418,PdSe2,0.969,2,0.0
mp-7798,MgGeN2,4.48,2,3.0
mp-22876,CsI3,3.28,2,2.0
mp-510268,Cs2Pd3S4,2.38,2,1.0
mp-1821,WSe2,1.99,2,1.0
mp-19052,K3VO4,5.41,2,3.0
mp-15141,NaZr2ZnF11,10.0,2,7.0
mp-4899,GaAgTe2,0.624,2,0.0
mp-542654,RbIn3S5,2.45,2,1.0
mp-20256,K3InP2,2.82,2,1.0
mp-22989,NaIO3,5.98,2,4.0
mp-6402,Na2ZnGeO4,5.59,2,3.0
mp-22942,BaBiO3,0.548,2,0.0
mp-27370,P10Au7I,1.34,2,0.0
mp-4200,ScPO4,7.98,2,5.0
mp-4691,Ag2CO3,1.35,2,0.0
mp-9062,RbS,3.84,2,2.0
mp-30530,TlClO4,8.65,2,6.0
mp-27171,Hg2P2S7,3.22,2,2.0
mp-29454,Na3TlO2,3.89,2,2.0
mp-28174,Pd(SCl3)2,3.03,2,2.0
mp-541487,TlPt2Se3,0.968,2,0.0
mp-19957,LaGeBO5,7.01,2,5.0
mp-9900,Ag2GeS3,1.4,2,0.0
mp-2114,YN,1.69,2,1.0
mp-23165,PtBr3,1.73,2,1.0
mp-9309,CsTa(BO3)2,5.73,2,4.0
mp-18073,K7TaAs4,2.84,2,1.0
mp-14983,Si4P4Ru,2.48,2,1.0
mp-505171,NaTiCuS3,1.14,2,0.0
mp-3748,AlCuO2,3.81,2,2.0
mp-5163,LaRhO3,1.18,2,0.0
mp-6384,RbSO2F,6.74,2,4.0
mp-12954,CuBS2,3.18,2,2.0
mp-3378,SrHfO3,7.4,2,5.0
mp-4632,Sr3(PO4)2,9.38,2,6.0
mp-29417,Na3ScBr6,5.85,2,4.0
mp-19403,Ba2CaMoO6,3.62,2,2.0
mp-10481,RbAg3Te2,1.01,2,0.0
mp-8217,Cs2GeF6,10.6,2,7.0
mp-5778,AlVFe2,0.483,2,0.0
mp-23499,K2SnCl6,4.64,2,3.0
mp-1265,MgO,8.12,2,5.0
mp-12015,KAg2AsO4,1.65,2,1.0
mp-23420,Ge19(PI)4,1.95,2,1.0
mp-13803,Nb2Hg2O7,1.9,2,1.0
mp-541899,CsCdBr3,5.05,2,3.0
mp-12558,LiMgAs,2.74,2,1.0
mp-15217,Rb2TaAgS4,4.11,2,2.0
mp-8446,K2CuP,2.85,2,1.0
mp-541134,TeAuBr8,1.75,2,1.0
mp-23309,ScCl3,6.69,2,4.0
mp-17649,TlSnF7,4.63,2,3.0
mp-29139,NaAuSe2,1.64,2,1.0
mp-550514,LaTaN2O,1.87,2,1.0
mp-9259,Ba2Mg(BO3)2,8.2,2,5.0
mp-10322,BaHfN2,2.77,2,1.0
mp-22934,K2PtCl4,3.58,2,2.0
mp-12905,Ba3CrN3,0.33,2,0.0
mp-19182,Ba2CaWO6,4.75,2,3.0
mp-7084,SrCaSi,1.29,2,0.0
mp-6647,BaYAgSe3,2.92,2,2.0
mp-510273,CsSbO2,4.47,2,3.0
mp-541522,Na2Ca(PO3)4,9.24,2,6.0
mp-28873,CsBrO3,6.77,2,4.0
mp-5710,Ag3Te2Au,0.809,2,0.0
mp-22899,LiI,7.0,2,5.0
mp-542200,CdAg4Ge2S7,1.72,2,1.0
mp-19117,Li4MoO5,4.07,2,2.0
mp-9703,K2LiGaAs2,2.73,2,1.0
mp-9821,RbSbF6,8.98,2,6.0
mp-22791,TlInTe2,1.35,2,0.0
mp-7610,Li2CaSiO4,8.9,2,6.0
mp-7972,RbLaO2,6.77,2,4.0
mp-27178,HgPS3,3.11,2,2.0
mp-28792,P4N3Cl11,5.28,2,3.0
mp-22875,TlBr,4.07,2,2.0
mp-1598,Na3P,2.21,2,1.0
mp-18835,VPO4,0.226,2,0.0
mp-4124,CaCN2,6.58,2,4.0
mp-27743,BiF5,4.44,2,3.0
mp-19380,CrHgO4,2.37,2,1.0
mp-1883,SnTe,0.774,2,0.0
mp-4812,Zn4B6O13,6.3,2,4.0
mp-23405,Cs2TeBr6,3.47,2,2.0
mp-17539,KAsOF4,6.79,2,4.0
mp-23484,CsAuCl3,1.56,2,1.0
mp-32533,Na2W4O13,2.52,2,1.0
mp-27205,TlCl2,3.77,2,2.0
mp-7988,Cs2O,2.37,2,1.0
mp-15556,Rb2As3,1.34,2,0.0
mp-9158,LiCuO2,1.29,2,0.0
mp-8615,NbBO4,4.21,2,2.0
mp-7569,KAsF6,8.48,2,6.0
mp-21489,Rb2PbO3,3.22,2,2.0
mp-31468,LiCaN,3.25,2,2.0
mp-7572,MgSO4,9.51,2,6.0
mp-8579,Ba(AgS)2,2.17,2,1.0
mp-27132,Zr2P2O9,7.42,2,5.0
mp-28218,TlCdCl3,5.25,2,3.0
mp-13982,CdCu2GeS4,1.51,2,1.0
mp-15684,K2CuAs,2.88,2,2.0
mp-29521,RbBiO2,4.18,2,2.0
mp-18921,NaCoO2,2.38,2,1.0
mp-27853,Hg3(TeBr)2,2.96,2,2.0
mp-28391,SiCl4,9.47,2,6.0
mp-28490,Tl3BSe3,2.37,2,1.0
mp-504441,Cr2Ag2O7,2.07,2,1.0
mp-541234,Cs2K4Fe2O5,0.184,2,0.0
mp-9068,K2NaAlP2,3.76,2,2.0
mp-510075,Cs7Au5O2,3.2,2,2.0
mp-23230,PCl3,6.55,2,4.0
mp-8161,CaPdF4,2.34,2,1.0
mp-9059,KLi6TaO6,6.82,2,4.0
mp-30091,MgB9N,2.94,2,2.0
mp-9816,GeF4,9.95,2,7.0
mp-14038,Rb2NaRhF6,3.69,2,2.0
mp-4651,SrTiO3,3.87,2,2.0
mp-23724,KHCO3,9.08,2,6.0
mp-18594,K3AsSe3,3.76,2,2.0
mp-17761,CaGeO3,6.54,2,4.0
mp-29504,ClF,4.25,2,3.0
mp-20809,Cr4InCuSe8,0.122,2,0.0
mp-13055,Ba2LaTaO6,6.11,2,4.0
mp-17148,Na3GaSe3,4.4,2,3.0
mp-17854,LiInGeO4,4.62,2,3.0
mp-18938,Tl2MoO4,4.76,2,3.0
mp-27904,FeSbS,1.09,2,0.0
mp-8405,Li3LaSb2,0.243,2,0.0
mp-9064,RbTe,1.77,2,1.0
mp-11123,CsYHgSe3,2.6,2,1.0
mp-7903,Cs2ZrF6,11.2,2,7.0
mp-16777,NaAlP2O7,9.17,2,6.0
mp-21733,Sr(InSe2)2,2.81,2,1.0
mp-29299,TeSeO4,4.85,2,3.0
mp-4495,KLiTe,4.83,2,3.0
mp-7104,CsCaF3,12.5,2,7.0
mp-11719,K4ZnP2,3.05,2,2.0
mp-3822,SrCO3,7.88,2,5.0
mp-13983,ZnPdF6,2.83,2,1.0
mp-17288,Li2ZnSiO4,6.75,2,4.0
mp-23209,SrCl2,9.24,2,6.0
mp-22996,SbSeI,2.48,2,1.0
mp-4820,ZrSiO4,7.86,2,5.0
mp-541877,TaTeCl9,4.22,2,2.0
mp-2691,CdSe,1.31,2,0.0
mp-22975,Rb2TeCl6,4.16,2,2.0
mp-4120,CaCuAs,0.789,2,0.0
mp-7670,K2Se3,1.55,2,1.0
mp-31076,Tl2TeBr6,3.5,2,2.0
mp-22937,Na4I2O,5.45,2,3.0
mp-10337,BaYAgTe3,1.89,2,1.0
mp-542339,CsIn3,0.239,2,0.0
mp-510667,KBi(WO4)2,3.24,2,2.0
mp-8361,CsTe,2.18,2,1.0
mp-17392,Sr2ZnGe2O7,6.0,2,4.0
mp-21365,InSbS3,2.7,2,1.0
mp-23444,AsCl2F3,5.51,2,3.0
mp-30991,Ba(IO3)2,5.8,2,4.0
mp-546862,HgPb2(ClO)2,3.9,2,2.0
mp-13986,Li2PtF6,4.01,2,2.0
mp-9870,K3Ta3(BO6)2,4.82,2,3.0
mp-552537,Sr2CuBrO2,5.58,2,3.0
mp-7592,AgF,1.21,2,0.0
mp-978,Sr2Sn,0.192,2,0.0
mp-4661,ScOF,7.66,2,5.0
mp-157,P,0.5740000000000001,2,0.0
mp-540945,Na2Li3GaO4,6.65,2,4.0
mp-29741,Tl2(CdSb)3,0.955,2,0.0
mp-23008,PbBrF,4.92,2,3.0
mp-8511,PF5,12.6,2,7.0
mp-401,Sc2S3,2.45,2,1.0
mp-15573,Tl3AsO4,4.92,2,3.0
mp-189,SiRu,0.336,2,0.0
mp-8291,BaTiF6,7.46,2,5.0
mp-5475,NaTaN2,1.56,2,1.0
mp-10547,RbAuO,3.46,2,2.0
mp-29826,ZnCN2,5.78,2,4.0
mp-28407,SBr2O,4.65,2,3.0
mp-30988,KBiO2,3.79,2,2.0
mp-31268,AlBiBr6,4.78,2,3.0
mp-17441,Mg2GeS4,4.0,2,2.0
mp-27791,SrBe3O4,7.77,2,5.0
mp-14018,K3As,1.94,2,1.0
mp-16742,BaAgTeF,2.89,2,2.0
mp-19680,RbLa(WO4)2,5.21,2,3.0
mp-8177,HgF2,3.22,2,2.0
mp-17100,In2P2O7,5.6,2,3.0
mp-27810,Ba(GeAs)2,0.664,2,0.0
mp-23341,Bi2Pt2O7,1.36,2,0.0
mp-8450,Rb2Li2GeO4,6.9,2,4.0
mp-2530,Li2Te,4.43,2,3.0
mp-8175,KTlO2,2.02,2,1.0
mp-2758,SrSe,4.51,2,3.0
mp-11116,CsYCdSe3,3.73,2,2.0
mp-12271,MgSeO3,6.32,2,4.0
mp-14285,CoP2,0.618,2,0.0
mp-2286,Li2Se,5.42,2,3.0
mp-22862,NaCl,9.6,2,6.0
mp-22003,NaN3,6.63,2,4.0
mp-23715,BaH2,5.8,2,4.0
mp-31250,BiBO3,5.13,2,3.0
mp-7041,CaHgO2,4.39,2,3.0
mp-6799,LiCa4(BN2)3,4.52,2,3.0
mp-5450,K2ZrF6,9.92,2,7.0
mp-14205,K3Cu3As2,3.0,2,2.0
mp-20187,LiInSe2,2.9,2,2.0
mp-23046,SrIF,7.37,2,5.0
mp-15896,Cu2SiSe3,1.09,2,0.0
mp-541771,Bi4RuI2,1.0,2,0.0
mp-7770,Sr(ZnAs)2,0.518,2,0.0
mp-1224,HgO,2.44,2,1.0
mp-7631,SiC,3.44,2,2.0
mp-20352,Ba3In2O6,2.63,2,1.0
mp-541385,Cs6Fe2O5,0.311,2,0.0
mp-4103,Sr2Sb2O7,3.52,2,2.0
mp-27979,LaI3,3.71,2,2.0
mp-23127,Ba2BiSbO6,3.21,2,2.0
mp-5915,TlNO3,5.13,2,3.0
mp-504506,RbIn(MoO4)2,5.84,2,4.0
mp-27359,CsScCl3,0.756,2,0.0
mp-29302,Ba3(GaS3)2,4.69,2,3.0
mp-9731,RbAuSe,3.47,2,2.0
mp-3486,KSnSb,0.8280000000000001,2,0.0
mp-23558,Ag2BiO3,1.03,2,0.0
mp-4763,ZnSiP2,2.33,2,1.0
mp-29419,Hf(Te2Cl3)2,2.18,2,1.0
mp-22936,Ca2NCl,2.17,2,1.0
mp-7297,Cs2SnF6,9.62,2,6.0
mp-9146,CdHgO2,1.5,2,1.0
mp-19334,Na4WO5,5.18,2,3.0
mp-7461,Hg2SO4,3.74,2,2.0
mp-15219,Rb2VCuS4,2.15,2,1.0
mp-27747,PdI2,1.59,2,1.0
mp-19420,Sr2MgWO6,4.68,2,3.0
mp-23084,BiPbClO2,3.84,2,2.0
mp-541283,InGaBr4,4.42,2,3.0
mp-4798,Sc(AlC)3,0.847,2,0.0
mp-28027,AsF3,8.42,2,6.0
mp-17832,RbBaPO4,9.07,2,6.0
mp-19039,CdMoO4,3.84,2,2.0
mp-17989,K3PS4,5.2,2,3.0
mp-2542,BeO,11.1,2,7.0
mp-9915,LiBeP,2.26,2,1.0
mp-28421,Cs2HgI4,3.44,2,2.0
mp-20832,Zn(InTe2)2,1.51,2,1.0
mp-10814,SrLiBO3,8.13,2,5.0
mp-720,TlF,5.84,2,4.0
mp-23043,RbPb2Br5,5.22,2,3.0
mp-5707,CsAsF4,7.57,2,5.0
mp-5537,NbAgO3,3.6,2,2.0
mp-27914,Na3BiO3,5.31,2,3.0
mp-13907,CdSnF6,7.37,2,5.0
mp-22905,LiCl,10.3,2,7.0
mp-9063,RbSe,2.62,2,1.0
mp-22386,InAgTe2,0.168,2,0.0
mp-549589,LaZnAsO,1.12,2,0.0
mp-4809,Ga2HgS4,2.85,2,1.0
mp-504827,Ga10GePb3O20,5.29,2,3.0
mp-2242,GeS,2.13,2,1.0
mp-17688,CsGaTe2,2.42,2,1.0
mp-13801,Tl2Pt2O7,1.33,2,0.0
mp-27636,Cs2SnI6,1.03,2,0.0
mp-13868,PdF4,1.89,2,1.0
mp-31235,BaNaBi,1.35,2,0.0
mp-9197,Li3AsO4,7.4,2,5.0
mp-30031,CaI2,6.79,2,4.0
mp-6560,KSO2F,6.58,2,4.0
mp-32542,Hg2WO4,2.71,2,1.0
mp-7623,MgAs4,1.59,2,1.0
mp-8684,Cs2VAgS4,2.27,2,1.0
mp-11520,YNiSb,0.218,2,0.0
mp-4824,NaZnP,1.34,2,0.0
mp-18733,AlTl(MoO4)2,5.43,2,3.0
mp-9157,K3AlO3,6.89,2,4.0
mp-504838,CsPS3,3.73,2,2.0
mp-10550,SrMg2N2,3.71,2,2.0
mp-9298,Sr(AuO2)2,2.64,2,1.0
mp-542888,La3AgSnS7,3.49,2,2.0
mp-8603,RbAgO,3.54,2,2.0
mp-23059,Rb2SnCl6,4.77,2,3.0
mp-23040,Ca2PI,3.32,2,2.0
mp-27394,CsSnCl3,5.01,2,3.0
mp-21511,K2NaInP2,2.86,2,2.0
mp-27934,CdBr2,5.06,2,3.0
mp-7928,K2PtS2,2.46,2,1.0
mp-8422,Sr(AlSe2)2,5.18,2,3.0
mp-504952,InGaSe3,2.44,2,1.0
mp-10223,Na2PdS2,2.0,2,1.0
mp-160,B,1.93,2,1.0
mp-9881,KAuSe,3.57,2,2.0
mp-541788,P2S5,4.53,2,3.0
mp-6450,K2LiAlP2,3.96,2,2.0
mp-1707,BaN6,6.33,2,4.0
mp-8299,Sr4As2O,2.87,2,2.0
mp-23350,Rb2PtCl6,3.4,2,2.0
mp-9845,RbCaAs,3.38,2,2.0
mp-16577,Li2CaHfF8,11.4,2,7.0
mp-29194,Cs2Au2Se3,2.78,2,1.0
mp-7595,GeF2,6.43,2,4.0
mp-20726,SrCaSn,0.905,2,0.0
mp-12385,Ba2YTaO6,6.13,2,4.0
mp-20782,LiInTe2,2.44,2,1.0
mp-13984,CdPdF6,3.12,2,2.0
mp-29110,Al2(FeSi)3,0.462,2,0.0
mp-406,CdTe,1.23,2,0.0
mp-18664,K4Ta2S11,2.94,2,2.0
mp-3700,LiYF4,13.4,2,7.0
mp-27258,P3Au2,0.75,2,0.0
mp-27397,IrBr3,2.61,2,1.0
mp-8255,CaPtF6,4.21,2,2.0
mp-18620,Mg(PO3)2,9.4,2,6.0
mp-5309,KAuF4,3.9,2,2.0
mp-15733,CaTaAlO5,6.3,2,4.0
mp-14951,Rb3AlO3,6.38,2,4.0
mp-8934,Cs2SnAs2,2.32,2,1.0
mp-10485,BaLiSb,1.79,2,1.0
mp-8411,Na2AgAs,2.16,2,1.0
mp-27647,AuCl3,2.61,2,1.0
mp-16764,RbYTe2,2.84,2,1.0
mp-20289,NaInS2,3.52,2,2.0
mp-8452,NaLiS,6.21,2,4.0
mp-9921,ZrS3,2.24,2,1.0
mp-5001,Li3BN2,5.92,2,4.0
mp-17490,Rb5SiAs3,1.86,2,1.0
mp-17965,KGaTe2,2.34,2,1.0
mp-10299,Ca4PdO6,3.18,2,2.0
mp-30943,MgPSe3,3.6,2,2.0
mp-10390,Ta2O5,5.14,2,3.0
mp-9565,Ca(MgSb)2,1.89,2,1.0
mp-9361,RbLaS2,4.71,2,3.0
mp-23295,RbCl,9.62,2,6.0
mp-23205,MgI2,6.29,2,4.0
mp-9212,NaAlO2,7.62,2,5.0
mp-1367,Mg2Si,0.7000000000000001,2,0.0
mp-19727,PbCN2,3.54,2,2.0
mp-4360,NaCdF3,6.93,2,4.0
mp-11175,LiZnPS4,4.71,2,3.0
mp-28219,TlCdBr3,4.41,2,3.0
mp-2340,Na2O2,4.63,2,3.0
mp-4236,BaZnO2,4.67,2,3.0
mp-23192,HgI2,2.43,2,1.0
mp-8258,BaAl4S7,5.66,2,4.0
mp-9567,Ba(MgSb)2,1.91,2,1.0
mp-22216,In2S3,2.06,2,1.0
mp-9562,LiBeAs,2.07,2,1.0
mp-28107,Na4Ge2Te5,2.06,2,1.0
mp-28128,SCl2,3.99,2,2.0
mp-352,HfO2,6.98,2,5.0
mp-2576,Sr2Ge,1.21,2,0.0
mp-3744,NaNbO2,2.14,2,1.0
mp-8943,PtF4,2.48,2,1.0
mp-11902,Ba2GeSe4,2.54,2,1.0
mp-15312,Ca4Al6TeO12,6.33,2,4.0
mp-23004,CsMgCl3,9.29,2,6.0
mp-3163,BaSnO3,2.36,2,1.0
mp-15147,K2VCuS4,2.11,2,1.0
mp-23572,KBiP2S7,4.19,2,2.0
mp-552185,AgNO3,3.66,2,2.0
mp-29127,Bi(TeBr2)2,1.93,2,1.0
mp-6599,KNb(CuSe2)2,2.37,2,1.0
mp-30938,PAuS4,2.35,2,1.0
mp-28069,Ca3AsCl3,4.52,2,3.0
mp-18422,RbLiZn2O3,4.04,2,2.0
mp-3821,K2PtF6,4.13,2,2.0
mp-3324,Nb2SnO6,2.37,2,1.0
mp-7899,BaCdO2,2.54,2,1.0
mp-504510,MgV2O6,3.86,2,2.0
mp-29835,K2SnTe3,1.97,2,1.0
mp-15252,Cu2GeS3,0.159,2,0.0
mp-9386,CsAu3Se2,4.25,2,3.0
mp-29345,LiGaI3,3.55,2,2.0
mp-505702,Pb2CO4,5.83,2,4.0
mp-540839,CsPbI3,4.28,2,3.0
mp-4043,NbCu3Se4,2.34,2,1.0
mp-7293,HgPSe3,2.2,2,1.0
mp-19048,BaWO4,6.58,2,4.0
mp-30946,Ga2PdI8,2.43,2,1.0
mp-540635,BaSn(GeO3)3,5.48,2,3.0
mp-4804,Li4TeO5,5.19,2,3.0
mp-10246,Na2PtS2,2.36,2,1.0
mp-551243,BaBiIO2,5.14,2,3.0
mp-20731,In2HgSe4,1.37,2,0.0
mp-18220,LiAlSiO4,8.89,2,6.0
mp-17926,Zr3Ni3Sb4,0.6000000000000001,2,0.0
mp-23257,IF5,7.23,2,5.0
mp-15845,SrLi4N2,2.53,2,1.0
mp-5854,LiGaO2,5.87,2,4.0
mp-540792,Ge2S3Br2,4.44,2,3.0
mp-14355,Cs2SrP2O7,9.0,2,6.0
mp-8962,Rb2HgF4,4.47,2,3.0
mp-5942,NaAsS2,2.4,2,1.0
mp-547244,SrBiClO2,5.71,2,4.0
mp-22881,CdCl2,5.98,2,4.0
mp-2371,Ga2Te5,1.69,2,1.0
mp-31038,CuSe2Cl,1.91,2,1.0
mp-28768,Na4SnSe4,3.25,2,2.0
mp-23560,Ge3(BiO3)4,5.7,2,4.0
mp-19833,InAgS2,1.43,2,0.0
mp-3167,Hg2GeSe4,0.998,2,0.0
mp-23541,KSn2Br5,4.1,2,2.0
mp-27608,Be4TeO7,3.39,2,2.0
mp-28517,Tl6SeI4,4.46,2,3.0
mp-14168,K2GeF6,10.3,2,7.0
mp-19734,MgPbF6,6.16,2,4.0
mp-3772,Cd(GaSe2)2,2.37,2,1.0
mp-8194,Ba2GeP2,1.2,2,0.0
mp-541817,NbSeI3,1.31,2,0.0
mp-31486,K2SnBi,1.23,2,0.0
mp-7575,LiZnN,1.39,2,0.0
mp-5587,Ba2ZnS3,4.0,2,2.0
mp-17447,Sr10P6SO24,7.23,2,5.0
mp-3777,BaSiN2,5.52,2,3.0
mp-9755,HfGeO4,6.69,2,4.0
mp-20282,CsPbF3,6.02,2,4.0
mp-8963,Cs2HgF4,4.55,2,3.0
mp-29463,LiBeN,5.28,2,3.0
mp-8298,Sr4P2O,2.99,2,2.0
mp-4842,Al2ZnS4,4.02,2,2.0
mp-2133,ZnO,2.4,2,1.0
mp-21989,Ca3Sc2(GeO4)3,6.49,2,4.0
mp-5431,BaTeO3,4.56,2,3.0
mp-29993,TaAgF6,7.22,2,5.0
mp-20790,InPS4,4.08,2,2.0
mp-8789,Ca4As2O,2.86,2,2.0
mp-14447,Ba2SiSe4,4.06,2,2.0
mp-23260,BaI2,6.06,2,4.0
mp-8754,NaLiTe,4.6,2,3.0
mp-18502,BaSi3SnO9,6.91,2,4.0
mp-27726,SO2,4.76,2,3.0
mp-1087,SrS,5.02,2,3.0
mp-13903,ZnSnF6,7.24,2,5.0
mp-8041,Rb2S,5.48,2,3.0
mp-27138,K2PdBr4,2.55,2,1.0
mp-23705,Na3AlH6,6.46,2,4.0
mp-8818,Ca2ZnN2,2.22,2,1.0
mp-8623,K2Te2Pt,1.5,2,1.0
mp-30231,RbGaCl4,7.5,2,5.0
mp-8658,CsNaSe,4.9,2,3.0
mp-1315,MgS,5.53,2,3.0
mp-28175,Pd(SeCl3)2,2.73,2,1.0
mp-18315,Cs6Si2O7,6.99,2,5.0
mp-28883,GeP2O7,6.47,2,4.0
mp-7547,BaSe2,1.89,2,1.0
mp-17774,K2Li3GaO4,6.8,2,4.0
mp-4541,NaCuO2,1.65,2,1.0
mp-665,SnSe2,1.43,2,0.0
mp-12411,Li2ZnGe,0.247,2,0.0
mp-11583,Zr2SN2,1.84,2,1.0
mp-6841,Ba4NaCu(CO5)2,2.24,2,1.0
mp-22909,ZnCl2,6.86,2,4.0
mp-13182,Li2TiGeO5,6.06,2,4.0
mp-27774,NClO6,3.73,2,2.0
mp-14367,AsPO5,4.04,2,2.0
mp-17875,Ca6GaN5,2.52,2,1.0
mp-4047,Cs2SiF6,13.4,2,7.0
mp-10163,NaAlTe2,2.91,2,2.0
mp-19083,NaVO3,4.59,2,3.0
mp-9922,HfS3,2.15,2,1.0
mp-7939,NaNbSe2,1.13,2,0.0
mp-23536,SbI3Cl8,2.34,2,1.0
mp-8809,BaLa2PtO5,4.19,2,2.0
mp-18132,K4SnSe4,3.61,2,2.0
mp-9509,K2PAuS4,3.29,2,2.0
mp-29355,NaTeF5,8.13,2,5.0
mp-7233,La2SeO2,4.45,2,3.0
mp-31065,Sc2(SeO3)3,6.73,2,4.0
mp-6987,Sr(GaTe2)2,1.02,2,0.0
mp-28324,Sr3(InP2)2,1.51,2,1.0
mp-27210,RbTlF4,5.23,2,3.0
mp-17256,Rb2Hf3OF12,9.99,2,7.0
mp-17918,Ba2SnS3F2,4.22,2,2.0
mp-20493,Mg(InS2)2,3.31,2,2.0
mp-7971,Ba4Li(SbO4)3,3.7,2,2.0
mp-27260,CsAlCl4,9.66,2,6.0
mp-9437,NbFeSb,1.32,2,0.0
mp-9486,K2AlF5,12.9,2,7.0
mp-27207,K2MgCl4,9.17,2,6.0
mp-5077,NaLi2Sb,2.16,2,1.0
mp-2156,TiS2,0.527,2,0.0
mp-23526,KClO4,9.77,2,7.0
mp-9723,Sr4Li(BN2)3,4.44,2,3.0
mp-2079,Rb2P3,1.99,2,1.0
mp-6526,NaGeSbO5,4.26,2,3.0
mp-17696,Ba2VN3,2.83,2,1.0
mp-31516,Co(ReO4)2,2.0,2,1.0
mp-27640,Cd(IO3)2,5.44,2,3.0
mp-27688,K2TeI6,2.89,2,2.0
mp-17129,Sr3(AlN2)2,4.05,2,2.0
mp-10919,Rb2PtC2,2.95,2,2.0
mp-3527,Na3AgO2,3.0,2,2.0
mp-31036,CuTe2Br,1.64,2,1.0
mp-23176,SbCl5,3.93,2,2.0
mp-23017,CsCu2Br3,4.0,2,2.0
mp-20463,CaPbF6,6.78,2,4.0
mp-7774,Na2SbAu,1.43,2,0.0
mp-541299,Zr4Cd(PO4)6,6.62,2,4.0
mp-6499,BaLiBO3,8.39,2,6.0
mp-8281,Ba(CdAs)2,0.636,2,0.0
mp-8070,Li2BeSiO4,9.66,2,6.0
mp-14624,K5P2Au,2.32,2,1.0
mp-28603,NaLiSe,5.04,2,3.0
mp-30111,BaLaI4,1.19,2,0.0
mp-15649,As2Ir,1.15,2,0.0
mp-8966,K2Sn2Se5,1.74,2,1.0
mp-11677,Sr3(SiAs2)2,2.1,2,1.0
mp-23238,Ta3I7,1.3,2,0.0
mp-3359,Ba2SnO4,4.78,2,3.0
mp-17986,TiTl2O3,4.06,2,2.0
mp-540636,WOF4,4.17,2,2.0
mp-541013,TiI4,1.93,2,1.0
mp-16184,Rb2B2Se7,3.15,2,2.0
mp-22916,NaBr,8.0,2,5.0
mp-7198,SrPSe3,3.74,2,2.0
mp-19447,Cs2NaVO4,5.51,2,3.0
mp-28406,SCl2O,5.97,2,4.0
mp-23730,NaMgH3,6.65,2,4.0
mp-2624,AlSb,2.12,2,1.0
mp-7958,KLaO2,6.86,2,4.0
mp-22871,ZrCl3,1.43,2,0.0
mp-18875,MgWO4,4.85,2,3.0
mp-31037,CuTe2I,1.8,2,1.0
mp-28326,LiGaBr4,5.75,2,4.0
mp-29976,Na3BS3,4.91,2,3.0
mp-18741,RbLiCrO4,4.04,2,2.0
mp-10489,Cs2Ti(CuSe2)2,2.76,2,1.0
mp-27549,K2AgBi,2.05,2,1.0
mp-16990,Ba10P6SO24,6.93,2,4.0
mp-10969,CdCN2,4.16,2,2.0
mp-6945,SiO2,9.74,2,7.0
mp-19386,Sr3V2O8,5.07,2,3.0
mp-7907,Al2ZnSe4,3.68,2,2.0
mp-1784,CsF,10.5,2,7.0
mp-3161,LiAlSi,0.452,2,0.0
mp-23700,RbH2OF,10.7,2,7.0
mp-9548,GeAs,1.11,2,0.0
mp-30026,Sr3Te4O11,5.25,2,3.0
mp-5020,BaTiO3,4.66,2,3.0
mp-471,CdAs2,0.484,2,0.0
mp-22874,PBr5,3.14,2,2.0
mp-384,MgP4,1.26,2,0.0
mp-9250,RbLiSe,5.0,2,3.0
mp-5045,SnGeS3,2.62,2,1.0
mp-2490,GaP,2.55,2,1.0
mp-28038,NbTeBr3,1.35,2,0.0
mp-7446,Rb2S3,2.94,2,2.0
mp-14336,Cs2Ni3Se4,1.38,2,0.0
mp-29025,Li5Br2N,4.81,2,3.0
mp-30298,KAsO2,6.35,2,4.0
mp-20716,PbSeO3,5.06,2,3.0
mp-22007,CsIn5S8,2.62,2,1.0
mp-5618,Mg2As2O7,5.75,2,4.0
mp-27849,TiBrN,1.69,2,1.0
mp-18147,LiGaSiO4,7.26,2,5.0
mp-4609,HfSiO4,8.66,2,6.0
mp-1321,CdSb,0.197,2,0.0
mp-28270,KCuS,4.41,2,3.0
mp-17805,Ba2SnSe3F2,3.19,2,2.0
mp-31451,ZrCoBi,1.39,2,0.0
mp-505297,NbSbRu,1.11,2,0.0
mp-28230,TlSbS2,2.78,2,1.0
mp-541040,Y2Be2GeO7,7.9,2,5.0
mp-22691,InSe,1.86,2,1.0
mp-542919,NaGe2(PO4)3,6.41,2,4.0
mp-541832,Ba2SnS4,3.67,2,2.0
mp-8703,Na3SbSe4,2.24,2,1.0
mp-28364,Rb2CdO2,3.69,2,2.0
mp-4979,AlCuS2,3.8,2,2.0
mp-4524,ZnGeP2,1.98,2,1.0
mp-3915,BaHgO2,4.31,2,3.0
mp-4135,RbPO3,9.4,2,6.0
mp-4757,KReO4,6.18,2,4.0
mp-4274,SrTeO4,4.75,2,3.0
mp-3228,HgSO4,3.07,2,2.0
mp-30284,HgAsO3,2.25,2,1.0
mp-2605,CaO,7.31,2,5.0
mp-3395,SrSeO3,6.0,2,4.0
mp-22968,NaClO4,9.73,2,7.0
mp-2534,GaAs,0.577,2,0.0
mp-29524,K3BiO3,5.53,2,3.0
mp-7622,KSO4,6.15,2,4.0
mp-1864,LaP5,0.29,2,0.0
mp-2402,NaSi,2.71,2,1.0
mp-29903,TlTeF5,7.21,2,5.0
mp-542826,Sc2PbSe4,2.59,2,1.0
mp-20928,Sb2Ru,0.261,2,0.0
mp-10417,KSbO2,3.88,2,2.0
mp-27411,TlP5,2.5,2,1.0
mp-11924,Rb2TaCuSe4,3.23,2,2.0
mp-28328,RbI3,3.22,2,2.0
mp-27148,BeP2,1.44,2,0.0
mp-12010,BaSeO4,6.74,2,4.0
mp-546672,LaBi2IO4,2.85,2,1.0
mp-11917,Mg(BeN)2,6.69,2,4.0
mp-546864,Y2C(NO)2,7.14,2,5.0
mp-19851,KInTe2,2.06,2,1.0
mp-15642,SrMgSi,0.125,2,0.0
mp-4730,Ga2HgSe4,1.7,2,1.0
mp-23268,NaI,6.81,2,4.0
mp-9752,Li2NbF6,7.87,2,5.0
mp-541190,Cs2LiVO4,5.5,2,3.0
mp-5072,Rb2HgO2,4.55,2,3.0
mp-5416,Na2SeO3,6.8,2,4.0
mp-10953,Sc2CdS4,2.2,2,1.0
mp-23291,PbCl2,6.31,2,4.0
mp-12362,AgHg3SbO6,2.17,2,1.0
mp-7421,KZnAs,0.919,2,0.0
mp-27851,Hg3(SeCl)2,3.28,2,2.0
mp-14871,Li16Ta2N8O,5.96,2,4.0
mp-9718,Rb3BAs2,3.48,2,2.0
mp-20351,InP,1.2,2,0.0
mp-16855,K3Ta3Si2O13,5.07,2,3.0
mp-29185,Te2O3F2,5.45,2,3.0
mp-8278,Ba(MgP)2,2.52,2,1.0
mp-7650,RbScO2,6.71,2,4.0
mp-9794,Rb2GeSe3,3.07,2,2.0
mp-18224,Rb6Ge2O7,6.42,2,4.0
mp-7908,Al2ZnTe4,2.74,2,1.0
mp-21099,K2Pb(SO4)2,7.63,2,5.0
mp-10492,Rb2SiF6,13.3,2,7.0
mp-504598,Rb2PbO2,4.04,2,2.0
mp-14070,RbAlO2,7.06,2,5.0
mp-28721,Pt(SCl4)2,3.25,2,2.0
mp-18447,K3Na2SnAs3,2.02,2,1.0
mp-22990,CsICl2,4.0,2,2.0
mp-19215,CaCrO4,3.39,2,2.0
mp-27831,Rb2ZrCl6,6.19,2,4.0
mp-23218,AsI3,3.54,2,2.0
mp-22922,AgCl,2.44,2,1.0
mp-10555,Ba2LiReN4,3.57,2,2.0
mp-8678,NaAlPO4F,9.3,2,6.0
mp-5122,Na3AlP2,3.44,2,2.0
mp-11020,GaAgO2,1.47,2,0.0
mp-19247,ScVO4,4.02,2,2.0
mp-19037,K2W2O7,3.4,2,2.0
mp-2961,MgSiP2,2.49,2,1.0
mp-7787,HfSO,4.82,2,3.0
mp-505172,NaZrCuSe3,1.51,2,1.0
mp-5637,SrZnO2,4.26,2,3.0
mp-11869,HfSnPd,0.321,2,0.0
mp-17382,Rb2Si3SnO9,6.9,2,4.0
mp-5962,NaMgAs,2.72,2,1.0
mp-10408,K2CN2,6.48,2,4.0
mp-29190,Te4MoBr,1.49,2,1.0
mp-28251,Ta2Zn3O8,6.09,2,4.0
mp-8280,Ba(MgAs)2,2.37,2,1.0
mp-23360,Zn(IO3)2,5.32,2,3.0
mp-12286,Sr2Ta2O7,4.78,2,3.0
mp-22997,PbBrCl,5.83,2,4.0
mp-14396,Mg3(PO4)2,9.22,2,6.0
mp-23282,ZrI3,0.853,2,0.0
mp-32526,CaV2O6,4.04,2,2.0
mp-540921,CsCuF4,2.7,2,1.0
mp-2074,Li3Sb,1.71,2,1.0
mp-7475,La2S3,2.2,2,1.0
mp-19440,LiVO3,4.22,2,2.0
mp-12181,BaSnS2,2.93,2,2.0
mp-29380,K2Te2As,2.02,2,1.0
mp-9595,NbInO4,5.14,2,3.0
mp-23074,BiOF,5.64,2,4.0
mp-27764,K4I2O9,4.31,2,3.0
mp-31040,NbCl4,1.94,2,1.0
mp-32500,Mg2V2O7,3.86,2,2.0
mp-30986,Zn3S2O9,5.96,2,4.0
mp-8289,SnF3,4.47,2,3.0
mp-18501,Ba(AgTe)2,1.44,2,0.0
mp-7077,KAuS,4.12,2,2.0
mp-2589,MgO2,6.57,2,4.0
mp-27850,TiNCl,1.7,2,1.0
mp-552488,LaCuSeO,3.17,2,2.0
mp-9573,NaBeAs,2.71,2,1.0
mp-23339,NaBrO3,7.19,2,5.0
mp-3370,Y2Sn2O7,5.12,2,3.0
mp-23120,Cs2NaYCl6,8.76,2,6.0
mp-27265,AuClO,1.72,2,1.0
mp-9784,BaBAsO5,6.59,2,4.0
mp-8276,Sr(ZnP)2,1.4,2,0.0
mp-22870,InBr,2.4,2,1.0
mp-10644,TaTl3Se4,3.93,2,2.0
mp-8957,Na5TaO5,6.22,2,4.0
mp-541875,K3SnSe3,2.93,2,2.0
mp-8725,HfSnS3,2.06,2,1.0
mp-3078,CdSiAs2,0.981,2,0.0
mp-15395,CsBePO4,9.27,2,6.0
mp-28627,K4Br2O,4.36,2,3.0
mp-1049,SrAs,1.17,2,0.0
mp-18953,NaV(OF)2,3.18,2,2.0
mp-9920,TiS3,0.799,2,0.0
mp-22356,In2HgS4,1.3,2,0.0
mp-541106,Nb2Se9,1.5,2,1.0
mp-5652,Y2Si2O7,8.68,2,6.0
mp-23193,KCl,9.77,2,7.0
mp-8491,LiInP2O7,7.06,2,5.0
mp-7388,NaAuF4,3.48,2,2.0
mp-9385,RbAu3Se2,3.57,2,2.0
mp-8058,YAsO4,6.63,2,4.0
mp-17012,Sr2VN3,2.78,2,1.0
mp-21228,SrCuSeF,2.91,2,2.0
mp-8407,Li3LaP2,1.09,2,0.0
mp-5540,SrB4O7,11.4,2,7.0
mp-6368,CsSO2F,7.15,2,5.0
mp-29008,Li6MgBr8,8.03,2,5.0
mp-28384,GaBr2,4.7,2,3.0
mp-29266,CsS,3.98,2,2.0
mp-3589,BPO4,11.6,2,7.0
mp-28845,OsO3F2,3.69,2,2.0
mp-7929,Rb2PtS2,2.45,2,1.0
mp-23297,BrF3,4.06,2,2.0
mp-20072,LaCuO2,4.93,2,3.0
mp-542013,Rb4Zr3Se14,2.75,2,1.0
mp-4406,CaSO4,10.1,2,7.0
mp-5966,Cd2SnO4,1.79,2,1.0
mp-947,Au2S,3.3,2,2.0
mp-2125,TeO2,4.25,2,3.0
mp-541291,Na3MoN3,2.72,2,1.0
mp-12903,YAgTe2,1.66,2,1.0
mp-22883,PbI2,4.21,2,2.0
mp-23743,AlH12(ClO2)3,9.25,2,6.0
mp-17512,Zn(AuF4)2,3.25,2,2.0
mp-1266,Na2Se,4.91,2,3.0
mp-5004,Na2B2Se7,2.73,2,1.0
mp-306,B2O3,10.8,2,7.0
mp-13725,Li3PO4,9.86,2,7.0
mp-29590,Sn2OF5,3.05,2,2.0
mp-553243,YBi2BrO4,3.06,2,2.0
mp-8190,Tl2SiS3,4.07,2,2.0
mp-17566,Ba5P4,2.35,2,1.0
mp-16980,Rb2B4O7,9.15,2,6.0
mp-1253,BaSe,4.18,2,2.0
mp-546500,NaCNO,8.3,2,5.0
mp-19162,LaVO4,4.45,2,3.0
mp-30532,Tl2ZnI4,4.8,2,3.0
mp-7438,KZnSb,0.867,2,0.0
mp-23487,KIO3,4.56,2,3.0
mp-23751,CsMgH3,6.28,2,4.0
mp-28423,Ga2TeSe2,2.77,2,1.0
mp-27742,K2CdO2,3.77,2,2.0
mp-15622,HfSe3,1.04,2,0.0
mp-27385,KTlCl4,4.4,2,3.0
mp-5126,ZnSO4,6.93,2,4.0
mp-15214,K2NbAgS4,3.5,2,2.0
mp-23432,BaClF,9.85,2,7.0
mp-10695,ZnS,3.65,2,2.0
mp-14241,Tl2SiSe3,3.08,2,2.0
mp-6984,K2SiAs2,2.51,2,1.0
mp-5339,CsNaTe,4.58,2,3.0
mp-18327,Ba2Tl2O5,1.29,2,0.0
mp-28987,NaPt2Se3,1.83,2,1.0
mp-3834,BaZrO3,6.08,2,4.0
mp-14444,Hf(PS3)2,3.91,2,2.0
mp-27931,Rb2SnO2,4.47,2,3.0
mp-6509,Sr3GaO4F,6.86,2,4.0
mp-4035,RbReO4,6.34,2,4.0
mp-8972,K2TaCuSe4,3.17,2,2.0
mp-17941,Na2B4O7,9.27,2,6.0
mp-484,Te3As2,0.996,2,0.0
mp-27938,Tl6SI4,4.59,2,3.0
mp-27214,CsSnBr3,2.27,2,1.0
mp-8861,Rb2MgF4,12.1,2,7.0
mp-2910,KAlF4,12.8,2,7.0
mp-5709,Tl3PO4,5.02,2,3.0
mp-18509,KBe3ZnF9,11.2,2,7.0
mp-18918,ZnWO4,4.3,2,3.0
mp-23025,LaClO,7.85,2,5.0
mp-28447,Mg(BiO3)2,1.5,2,1.0
mp-31629,Ta2CrO6,0.903,2,0.0
mp-28670,Ba2Bi2O5,3.79,2,2.0
mp-16871,K2ZrGe2O7,7.14,2,5.0
mp-23364,CsLiCl2,9.13,2,6.0
mp-9069,K2NaAlAs2,2.9,2,2.0
mp-19022,Na4FeO4,1.21,2,0.0
mp-8892,LiInF4,7.93,2,5.0
mp-2632,TlF3,3.62,2,2.0
mp-4533,Na2SiO3,7.89,2,5.0
mp-4584,Tl3BO3,2.79,2,1.0
mp-540783,OsO4,4.89,2,3.0
mp-505633,Cs2Zn3S4,5.0,2,3.0
mp-5380,Ca4P2O,3.0,2,2.0
mp-13445,Rb2As2Pt,1.96,2,1.0
mp-9571,Ca(ZnAs)2,0.733,2,0.0
mp-7148,K2SrTa2O7,4.18,2,2.0
mp-7441,KP,2.28,2,1.0
mp-8432,CaCuP,0.6940000000000001,2,0.0
mp-27833,Tl2TeCl6,4.06,2,2.0
mp-28099,SBr,3.85,2,2.0
mp-9396,HfTlCuS3,1.93,2,1.0
mp-23210,MgCl2,9.92,2,7.0
mp-15220,K2VCuSe4,1.71,2,1.0
mp-30161,Si2CN4,7.17,2,5.0
mp-624,B6As,3.85,2,2.0
mp-31053,Ag2S,2.63,2,1.0
mp-3042,K2SiF6,13.4,2,7.0
mp-5078,SrZnF4,9.37,2,6.0
mp-16800,Sc2(SO4)3,7.88,2,5.0
mp-23251,KBr,8.41,2,6.0
mp-6215,AgHgAsS3,2.15,2,1.0
mp-22607,Zn(InSe2)2,1.93,2,1.0
mp-17998,Ca(RhO2)2,1.65,2,1.0
mp-11006,BaPS3,5.31,2,3.0
mp-30746,YIr,0.319,2,0.0
mp-27824,PICl6,3.81,2,2.0
mp-23457,PBr2N,5.38,2,3.0
mp-1536,KSb,1.82,2,1.0
mp-23738,RbMgH3,6.13,2,4.0
mp-16096,Tl(TeMo)3,0.754,2,0.0
mp-542613,GeS2,3.99,2,2.0
mp-27449,GaTeCl,3.36,2,2.0
mp-7808,BaP3,1.56,2,1.0
mp-19330,CaMoO4,4.91,2,3.0
mp-23231,AgBr,1.9,2,1.0
mp-8116,K(MoS)3,1.37,2,0.0
mp-27915,K2BeO2,6.78,2,4.0
mp-10811,NaSr4(BN2)3,4.34,2,3.0
mp-22935,CsBrF,4.35,2,3.0
mp-8755,KNaTe,4.51,2,3.0
mp-7609,SbOF,5.35,2,3.0
mp-7027,InBO3,4.92,2,3.0
mp-553342,CsBe2BO3F2,10.7,2,7.0
mp-29149,Li4NCl,1.41,2,0.0
mp-4412,La4Se3O4,2.81,2,1.0
mp-27381,CsSnI3,3.45,2,2.0
mp-15951,BeF2,14.6,2,7.0
mp-31213,Sr4Ti3O10,4.08,2,2.0
mp-18742,Sr2CaWO6,4.67,2,3.0
mp-17088,KBaPS4,4.49,2,3.0
mp-2793,AuSe,0.643,2,0.0
mp-27255,Ga2TeS2,3.56,2,2.0
mp-6633,NaCSN,6.77,2,4.0
mp-29432,NaScCl4,6.64,2,4.0
mp-10533,YCuS2,3.32,2,2.0
mp-30303,Bi4O7,1.71,2,1.0
mp-19450,ScTl(MoO4)2,5.29,2,3.0
mp-7638,LiTa3O8,5.52,2,3.0
mp-1954,P3N5,4.87,2,3.0
mp-12908,ScAgSe2,1.86,2,1.0
mp-13654,Y3Sb4Au3,0.887,2,0.0
mp-27362,Nb(SCl)2,2.56,2,1.0
mp-541989,Na2CN2,6.2,2,4.0
mp-540881,Cs2AgI3,4.61,2,3.0
mp-14242,Tl2GeSe3,2.12,2,1.0
mp-7913,BeSiN2,8.19,2,5.0
mp-16452,BaLa2ZnS5,3.04,2,2.0
mp-27175,InOF,3.15,2,2.0
mp-25054,MoPbO4,3.87,2,2.0
mp-8267,KPS3,3.38,2,2.0
mp-13798,K2NaTlF6,6.66,2,4.0
mp-545548,BaHf(PO4)2,8.39,2,6.0
mp-14307,Mg(ScS2)2,3.38,2,2.0
mp-7596,NbNO,2.86,2,2.0
mp-22939,BiClO,4.63,2,3.0
mp-9570,Ca(CdP)2,1.74,2,1.0
mp-27231,Li2TeO3,6.0,2,4.0
mp-28898,BaCN2,6.06,2,4.0
mp-23023,LaBrO,7.36,2,5.0
mp-23070,BaBrF,8.77,2,6.0
mp-15803,Y2MgSe4,3.14,2,2.0
mp-22993,AgClO4,5.32,2,3.0
mp-22914,CuCl,2.5,2,1.0
mp-341,PbF4,4.48,2,3.0
mp-28248,CdI2,3.79,2,2.0
mp-17400,Ba2TaN3,4.09,2,2.0
mp-13313,ScTlSe2,1.89,2,1.0
mp-18329,CsMgPO4,8.52,2,6.0
mp-2008,FeAs2,0.666,2,0.0
mp-22903,RbI,7.29,2,5.0
mp-17481,Mg4Ta2O9,6.82,2,4.0
mp-13660,Ca4Sb2O,2.22,2,1.0
mp-3277,BAsO4,7.22,2,5.0
mp-7100,LaOF,8.23,2,5.0
mp-541772,Bi4RuBr2,1.12,2,0.0
mp-12459,Ag3PS4,2.19,2,1.0
mp-11643,K2Mg(PSe3)2,3.38,2,2.0
mp-29251,Te6Br2O11,4.23,2,3.0
mp-487,MnP4,1.02,2,0.0
mp-27367,SeOF2,6.57,2,4.0
mp-3637,YOF,8.52,2,6.0
mp-17784,CaTiGeO5,5.19,2,3.0
mp-29584,K4BeAs2,2.9,2,2.0
mp-1522,FeS2,1.73,2,1.0
mp-10378,Cs3Sb,2.39,2,1.0
mp-2319,P2Os,1.4,2,0.0
mp-17612,Ba2SiO4,8.41,2,6.0
mp-10572,NaPN2,7.77,2,5.0
mp-7394,BaAg2GeS4,1.58,2,1.0
mp-13287,BaCuTeF,1.85,2,1.0
mp-8294,Cs2Li2TiO4,7.24,2,5.0
mp-17349,Na3In2(PO4)3,6.02,2,4.0
mp-7035,CaMgAsO4F,7.1,2,5.0
mp-540584,K2PdO2,2.52,2,1.0
mp-540609,CsMnI3,0.177,2,0.0
mp-4867,CaAl4O7,7.67,2,5.0
mp-23116,CuBiSeO,1.51,2,1.0
mp-541378,CsBiS2,3.02,2,2.0
mp-27868,VNCl4,2.19,2,1.0
mp-9321,Ba2HfS4,2.18,2,1.0
mp-28405,S(ClO)2,6.68,2,4.0
mp-23259,LiBr,8.3,2,5.0
mp-20458,PtPbF6,3.2,2,2.0
mp-9186,CdSeO3,5.18,2,3.0
mp-542201,Ba3Nb2O8,7.37,2,5.0
mp-14006,BaGeF6,9.6,2,6.0
mp-7791,Li2GeF6,9.73,2,7.0
mp-29567,CuSe2Br,1.95,2,1.0
mp-3432,ScNiSb,0.192,2,0.0
mp-18048,LiZnAsO4,5.71,2,4.0
mp-14501,Ba(As3Pt2)2,0.664,2,0.0
mp-6788,La3Ga5SnO14,6.2,2,4.0
mp-9666,K2NaGaP2,3.09,2,2.0
mp-4192,Ca3AsN,2.59,2,1.0
mp-10402,TiTl2F6,5.84,2,4.0
mp-541582,ReSe2,1.66,2,1.0
mp-7210,Cd2B2O5,4.77,2,3.0
mp-27455,YCl3,8.55,2,6.0
mp-22457,K3Na(SO4)2,9.81,2,7.0
mp-17361,Cs2WS4,3.44,2,2.0
mp-11649,Ca3SiO,1.05,2,0.0
mp-3006,P2Pd3S8,2.72,2,1.0
mp-504891,La3MnGaS7,0.55,2,0.0
mp-18591,KZnPO4,7.42,2,5.0
mp-505727,NClO,3.62,2,2.0
mp-19212,Rb2MoO4,6.26,2,4.0
mp-12894,Y2SO2,5.63,2,4.0
mp-3642,ScCuO2,4.33,2,3.0
mp-19896,Li2GePbS4,3.95,2,2.0
mp-706,HgF,2.85,2,1.0
mp-27181,KAuCl4,2.73,2,1.0
mp-11918,Ca(BeN)2,4.89,2,3.0
mp-28373,BaP3Pt2,0.588,2,0.0
mp-18469,SrMgP2O7,9.35,2,6.0
mp-463,KF,12.2,2,7.0
mp-27702,InClO,4.5,2,3.0
mp-19662,BaCrO4,3.96,2,2.0
mp-3123,PPdSe,1.92,2,1.0
mp-553303,CsCu3O2,3.04,2,2.0
mp-27314,SbClF8,5.67,2,4.0
mp-14635,Rb2VAgSe4,1.82,2,1.0
mp-3503,Li6WN4,5.02,2,3.0
mp-28011,Tl2Sn2S3,1.81,2,1.0
mp-17186,Ca3AlAs3,1.83,2,1.0
mp-16992,NaAg3S2,2.31,2,1.0
mp-8759,Cs2ZrO3,7.21,2,5.0
mp-5840,LiScO2,7.16,2,5.0
mp-2517,Ca2Si,1.0,2,0.0
mp-11152,SiSbPt,0.664,2,0.0
mp-3283,RbNbO3,5.4,2,3.0
mp-29080,Na3YBr6,7.61,2,5.0
mp-23261,I2O5,4.47,2,3.0
mp-16245,CaSbAu,0.167,2,0.0
mp-24433,KHSeO3,6.77,2,4.0
mp-22880,FeBr2,2.08,2,1.0
mp-16921,KNa4GeAs3,1.7,2,1.0
mp-18691,Rb2Ni3Se4,1.22,2,0.0
mp-17707,Cs3Na2SnP3,2.82,2,1.0
mp-30253,Na10SrSn12,1.55,2,1.0
mp-17244,Ba2ZnGe2S6O,3.81,2,2.0
mp-10226,NaYS2,4.33,2,3.0
mp-5928,Al2CdS4,4.79,2,3.0
mp-29359,Na2PdCl4,2.8,2,1.0
mp-9510,Tl2PAuS4,2.8,2,1.0
mp-7691,YB4Mo,0.605,2,0.0
mp-3595,ZnSiAs2,1.62,2,1.0
mp-22450,Li2PbO3,2.32,2,1.0
mp-23317,AsBr3,5.12,2,3.0
mp-14288,Sr3P4,1.87,2,1.0
mp-20652,PbF3,3.21,2,2.0
mp-22192,Si3Ru2,0.58,2,0.0
mp-1958,SrTe,3.55,2,2.0
mp-27419,LiBiF6,5.42,2,3.0
mp-29975,K3BS3,5.08,2,3.0
mp-4627,CoAsS,1.18,2,0.0
mp-11115,RbCuPdSe5,1.75,2,1.0
mp-17889,KNa2(PO3)3,9.27,2,6.0
mp-31269,Na2S2O7,9.1,2,6.0
mp-19658,Rb2Cr2O7,3.88,2,2.0
mp-6564,Sr2MgSi2O7,8.61,2,6.0
mp-8311,Si3NiP4,0.837,2,0.0
mp-12309,Cs2NaAl3F12,12.7,2,7.0
mp-913,CdP2,2.53,2,1.0
mp-28232,MgTi2O5,4.89,2,3.0
mp-6983,NaAgO,2.83,2,1.0
mp-22170,Li4PbO4,3.35,2,2.0
mp-542116,CsAl(MoO4)2,5.44,2,3.0
mp-17101,CaNb2O6,5.66,2,4.0
mp-5005,Mg3(BO3)2,8.87,2,6.0
mp-7437,KZnP,2.06,2,1.0
mp-540787,K3V5O14,3.33,2,2.0
mp-4995,LiSbO3,4.44,2,3.0
mp-7938,KNbS2,1.27,2,0.0
mp-17911,Ba2ZnO3,5.36,2,3.0
mp-4515,Ag3SbS3,2.08,2,1.0
mp-1346,B6O,2.87,2,2.0
mp-9268,KSe,2.29,2,1.0
mp-29398,Cs2HfI6,3.74,2,2.0
mp-7017,NaNbN2,1.87,2,1.0
mp-16252,BaCaGe,0.924,2,0.0
mp-971,K2O,5.53,2,3.0
mp-3481,KSnAs,1.03,2,0.0
mp-1394,Rb2O,4.89,2,3.0
mp-7896,Cs2O2,4.71,2,3.0
mp-8017,AlCuTe2,2.26,2,1.0
mp-8314,Cs2NaAsO4,7.16,2,5.0
mp-16238,Li2AgSb,0.177,2,0.0
mp-9297,Ba(AuO2)2,2.52,2,1.0
mp-10155,P2Ir,0.8310000000000001,2,0.0
mp-4578,Sr2GeS4,4.04,2,2.0
mp-1672,CaS,4.76,2,3.0
mp-5377,YTaO4,6.38,2,4.0
mp-9634,Na3AgS2,4.61,2,3.0
mp-13995,Hg2GeO4,2.24,2,1.0
mp-942,AuF3,2.93,2,2.0
mp-7580,Hg3(SF)2,3.54,2,2.0
mp-29402,KGaI4,4.27,2,3.0
mp-28160,Ca3C3Cl2,2.81,2,1.0
mp-10289,Ca(BC)2,1.53,2,1.0
mp-542810,AsS,3.15,2,2.0
mp-7534,K2Cd2O3,2.32,2,1.0
